4.707418754696846008e-02,3.729189559817314148e-02,1.192015931010246277e-01,-9.834127873182296753e-02,4.518656805157661438e-02,1.391860693693161011e-01,6.801746785640716553e-02,-8.115236461162567139e-02,5.583236739039421082e-02,1.036568079143762589e-02,-9.499515593051910400e-02,4.343522340059280396e-02,7.213554531335830688e-02,1.868435740470886230e-02,2.204302325844764709e-02,-1.175004690885543823e-01,2.369838953018188477e-02,5.312306806445121765e-02,6.004991009831428528e-02,4.532760009169578552e-02,5.014287307858467102e-02,-4.606533423066139221e-02,-3.262205049395561218e-02,2.251108586788177490e-01,2.338862568140029907e-01,-1.387947890907526016e-02,-6.793274730443954468e-02,1.065741106867790222e-01,6.294633448123931885e-02,-8.638879656791687012e-02,-5.345349013805389404e-02,-1.446585953235626221e-01,4.503042623400688171e-02,-5.177242308855056763e-02,-3.888570144772529602e-02,1.262022107839584351e-01,5.582705140113830566e-02,-9.060727804899215698e-02,-2.622947283089160919e-02,3.546912595629692078e-02,7.546707987785339355e-02,-5.530361458659172058e-02,1.034026034176349640e-02,4.931641370058059692e-02,-3.924430161714553833e-02,-2.006669342517852783e-01,-3.391123935580253601e-02,3.855208866298198700e-03,-5.576338618993759155e-02,-2.188904955983161926e-02,-1.220821635797619820e-03,-2.927598729729652405e-02,-7.614325731992721558e-02,-3.509783744812011719e-02,-8.395723998546600342e-02,-1.082755327224731445e-01,-1.446617692708969116e-01,-7.137140631675720215e-02,-1.380045711994171143e-01,-4.930098727345466614e-02,-5.067150294780731201e-02,-5.100163072347640991e-02,4.980266839265823364e-02,1.234802454710006714e-01,2.612863183021545410e-01,-5.941379815340042114e-03,1.033927798271179199e-01,5.415901169180870056e-02,4.913805751129984856e-04,1.650932580232620239e-01,2.988169528543949127e-02,-4.976850375533103943e-02,2.430395931005477905e-01,1.728508025407791138e-01,1.469052135944366455e-01,9.903464466333389282e-02,-3.748545795679092407e-02,4.475129023194313049e-02,-5.958591774106025696e-02,-7.549170870333909988e-03,-1.243062224239110947e-02,-3.588160127401351929e-02,1.370436418801546097e-02,-4.169201012700796127e-03,9.504949301481246948e-02,-4.212584719061851501e-02,-4.508598521351814270e-02,-3.254163311794400215e-03,-5.125871300697326660e-02,-7.918018847703933716e-02,8.876268565654754639e-02,4.973657801747322083e-02,-5.747963488101959229e-02,7.133490592241287231e-02,6.811758130788803101e-02,-1.393981743603944778e-02,5.050441250205039978e-02,-1.688146963715553284e-02,3.464682027697563171e-02,-7.553209364414215088e-02,-4.591074958443641663e-02,4.748810827732086182e-02,-1.808502525091171265e-02,2.014903724193572998e-02,8.408682048320770264e-02,6.469958275556564331e-02,8.574217557907104492e-02,9.386812150478363037e-02,5.029655992984771729e-02,2.972757443785667419e-02,-9.754891507327556610e-04,-2.777449786663055420e-03,4.434366524219512939e-02,3.559640422463417053e-02,3.275144146755337715e-03,1.487313420511782169e-03,5.139297991991043091e-02,2.625627629458904266e-02,-7.237713783979415894e-02,1.662369258701801300e-02,-1.280315816402435303e-01,1.197320967912673950e-01,1.242890581488609314e-01,2.449659816920757294e-02,-9.700386971235275269e-02,-1.699079424142837524e-01,1.695082895457744598e-02,1.634410470724105835e-01
5.732297524809837341e-02,6.828310340642929077e-02,1.494337469339370728e-01,-1.668098717927932739e-01,-4.488825332373380661e-03,4.443949460983276367e-02,2.136554801836609840e-03,-9.794308803975582123e-03,3.244184702634811401e-02,6.417246162891387939e-02,-1.881177723407745361e-01,-6.849996745586395264e-02,8.703721314668655396e-02,-4.917335882782936096e-02,8.271819353103637695e-02,-1.022235304117202759e-01,2.532941102981567383e-02,1.322910934686660767e-01,7.497616112232208252e-02,1.295724362134933472e-01,-1.957714557647705078e-02,-1.359116137027740479e-01,-3.697744011878967285e-02,2.081460654735565186e-01,2.564467191696166992e-01,4.164421930909156799e-02,4.594510048627853394e-02,-1.308210939168930054e-01,-2.069547027349472046e-02,4.897683858871459961e-02,1.782529242336750031e-02,-1.103776469826698303e-01,4.260813817381858826e-02,-8.578459173440933228e-02,1.104142982512712479e-02,1.895888894796371460e-01,1.590798348188400269e-01,-9.284143894910812378e-02,6.360078603029251099e-02,5.557790398597717285e-02,5.180494114756584167e-02,3.090859763324260712e-02,-4.949137568473815918e-02,-2.154996991157531738e-02,3.523918986320495605e-02,-1.593217551708221436e-01,2.994517795741558075e-02,1.010585129261016846e-01,-3.807437419891357422e-02,7.438495010137557983e-02,8.516777306795120239e-02,-8.738213032484054565e-02,-1.856712158769369125e-03,-1.861252821981906891e-02,-9.603801369667053223e-02,-1.462032496929168701e-01,-1.434049606323242188e-01,-3.363579139113426208e-02,-1.748703420162200928e-01,4.068746417760848999e-02,9.503889828920364380e-02,4.318344965577125549e-02,3.899636864662170410e-02,4.067353904247283936e-02,1.908533722162246704e-01,-4.880674555897712708e-02,9.530964493751525879e-02,6.401869654655456543e-02,1.415691431611776352e-02,1.766622811555862427e-02,-5.696007236838340759e-02,-3.615209460258483887e-02,2.281246036291122437e-01,1.725823432207107544e-01,1.712331175804138184e-01,1.493604183197021484e-01,-3.146527335047721863e-02,8.190137147903442383e-02,-2.482368983328342438e-02,4.110156372189521790e-02,-4.429185017943382263e-02,6.142024323344230652e-02,3.179973363876342773e-02,-9.246115572750568390e-03,5.817661061882972717e-02,-4.467434808611869812e-02,-3.292305767536163330e-02,3.492173925042152405e-02,-5.630640313029289246e-02,-4.330844432115554810e-02,1.702765077352523804e-01,1.262755393981933594e-01,-7.198206335306167603e-02,6.829553842544555664e-02,-2.128341980278491974e-02,1.281560678035020828e-02,3.390918672084808350e-02,8.307979255914688110e-02,-3.894696477800607681e-03,-6.975476443767547607e-02,-3.619343414902687073e-02,8.949827402830123901e-02,-3.439969941973686218e-02,2.631509304046630859e-02,-2.688788808882236481e-03,-1.060264185070991516e-02,9.562981128692626953e-02,1.134697422385215759e-01,3.582951426506042480e-02,5.387948453426361084e-02,-1.024654414504766464e-02,3.172589838504791260e-02,9.567593224346637726e-03,-2.942692488431930542e-02,-3.239826112985610962e-02,-1.805571094155311584e-02,8.763694018125534058e-02,9.229348599910736084e-02,-5.621418729424476624e-02,8.710133843123912811e-03,-1.310072094202041626e-01,9.462691098451614380e-02,6.076270341873168945e-02,9.571696072816848755e-02,-2.556863054633140564e-02,-2.180984467267990112e-01,-4.191105440258979797e-02,1.799998581409454346e-01
4.004656895995140076e-02,8.878953754901885986e-02,2.122223675251007080e-01,-1.993622481822967529e-01,2.240708470344543457e-02,1.807444244623184204e-01,3.678731992840766907e-02,-5.684837698936462402e-02,7.357393950223922729e-02,9.155354648828506470e-02,-1.827169358730316162e-01,-1.448407676070928574e-02,5.236414819955825806e-02,3.101798705756664276e-02,8.674421906471252441e-02,-9.584257006645202637e-02,-2.513200975954532623e-02,4.498697817325592041e-02,3.745552152395248413e-02,9.954398870468139648e-02,9.251628071069717407e-03,-6.638514250516891479e-02,-1.025444194674491882e-01,2.086860835552215576e-01,2.631010413169860840e-01,1.051947288215160370e-02,-5.736661329865455627e-02,-1.297776494175195694e-02,5.645930301398038864e-03,-5.071119405329227448e-03,-8.707750588655471802e-03,-1.213841661810874939e-01,7.104690372943878174e-02,-8.005251735448837280e-02,-9.425080567598342896e-02,1.017985790967941284e-01,7.969157397747039795e-02,-8.452721685171127319e-02,4.396350309252738953e-02,4.729274660348892212e-02,2.991938963532447815e-02,-3.854277729988098145e-02,-4.398482665419578552e-02,6.973361596465110779e-03,7.497963961213827133e-04,-1.480189561843872070e-01,-1.608390919864177704e-02,-4.777364898473024368e-03,-5.842725187540054321e-02,2.266659215092658997e-02,8.413147181272506714e-02,6.580538302659988403e-02,-1.147324033081531525e-02,-1.038785092532634735e-02,-4.796483740210533142e-02,-1.106449887156486511e-01,-1.537382602691650391e-01,-8.270573616027832031e-02,-1.928582787513732910e-01,-2.010646462440490723e-02,-1.143497973680496216e-02,-1.910781674087047577e-02,4.116106405854225159e-02,4.127840697765350342e-02,2.045927196741104126e-01,-6.498140096664428711e-02,8.592088520526885986e-02,8.036736398935317993e-02,-2.785387635231018066e-02,1.140125021338462830e-01,3.192733600735664368e-02,-2.388380467891693115e-02,2.142474204301834106e-01,1.753857433795928955e-01,1.634521335363388062e-01,1.698859483003616333e-01,-1.994452625513076782e-02,5.956589803099632263e-02,1.277952571399509907e-03,-1.382697839289903641e-02,-2.975675836205482483e-02,-1.763026788830757141e-02,6.123405415564775467e-03,-4.552958067506551743e-03,8.880835771560668945e-02,-1.072035804390907288e-01,-9.526158869266510010e-02,-8.443244732916355133e-03,-6.132039427757263184e-02,-2.887357957661151886e-02,1.305271238088607788e-01,6.613469123840332031e-02,-1.013369113206863403e-01,5.477313697338104248e-02,4.902146011590957642e-02,3.413905575871467590e-02,1.695449277758598328e-02,3.578739613294601440e-02,4.730211198329925537e-02,-7.069519907236099243e-02,-1.202364414930343628e-01,9.382855147123336792e-02,-1.169926021248102188e-02,2.469668723642826080e-02,2.008373476564884186e-02,3.285997733473777771e-02,8.712210506200790405e-02,-1.110913325101137161e-02,1.509152445942163467e-02,8.412553369998931885e-02,-6.873620301485061646e-02,-2.880744077265262604e-02,3.189818933606147766e-02,-2.075853385031223297e-02,-3.711347654461860657e-02,1.187819987535476685e-02,4.571589455008506775e-02,5.881958827376365662e-02,-1.001720353960990906e-01,1.578751020133495331e-02,-1.392707824707031250e-01,3.922064229846000671e-02,8.788236230611801147e-02,6.655685603618621826e-02,-2.631762251257896423e-02,-1.702155172824859619e-01,-3.480211272835731506e-02,1.730106770992279053e-01
3.657377511262893677e-02,4.503301158547401428e-02,3.477978706359863281e-02,-1.013277992606163025e-01,3.258111700415611267e-02,6.960078328847885132e-02,-1.935520395636558533e-02,-4.125541541725397110e-03,-1.714255101978778839e-02,-1.164210867136716843e-02,-1.956689544022083282e-02,2.010902948677539825e-02,-6.500658579170703888e-03,-3.534679114818572998e-02,3.174979472532868385e-03,-2.698386088013648987e-02,-2.903455495834350586e-02,1.490640267729759216e-02,1.997359842061996460e-02,3.677118942141532898e-02,5.113944411277770996e-03,-5.718936771154403687e-02,-2.790450491011142731e-02,2.589534409344196320e-02,7.475621253252029419e-02,-8.536935783922672272e-03,2.953611500561237335e-02,2.678891457617282867e-02,4.323577508330345154e-02,2.279795333743095398e-02,-1.123327389359474182e-02,-4.295764490962028503e-02,1.624992303550243378e-02,7.421267218887805939e-03,-3.035777248442173004e-02,2.346674539148807526e-02,2.469543926417827606e-02,-1.339060347527265549e-02,1.041624788194894791e-02,3.109872341156005859e-04,-2.354338578879833221e-02,-5.208252696320414543e-04,-2.655301801860332489e-02,-1.502788066864013672e-02,8.606071583926677704e-03,-1.371583528816699982e-02,3.880169987678527832e-02,3.341315314173698425e-02,4.649459733627736568e-04,1.909381337463855743e-02,2.847938239574432373e-02,-1.888404972851276398e-02,-3.200921043753623962e-02,-1.051509194076061249e-02,-4.749592766165733337e-02,-1.852166280150413513e-02,-1.127588655799627304e-02,-5.878052208572626114e-03,-9.243020415306091309e-02,-3.021711297333240509e-02,-1.084243319928646088e-02,-3.814791142940521240e-02,-2.598615363240242004e-02,-1.122686732560396194e-02,5.801450461149215698e-02,2.528870478272438049e-03,-3.108431352302432060e-03,1.831767335534095764e-02,8.667608723044395447e-03,1.973029971122741699e-02,-1.693065837025642395e-02,-2.024102769792079926e-02,6.506419926881790161e-02,2.568731456995010376e-02,1.574901491403579712e-02,2.960490062832832336e-02,-2.104653604328632355e-02,2.032971195876598358e-02,-3.564357757568359375e-04,2.162226475775241852e-02,2.992769470438361168e-03,-2.492432855069637299e-02,2.282496308907866478e-03,8.619630709290504456e-03,3.052468970417976379e-02,-1.472908910363912582e-02,4.052586387842893600e-03,-3.117120265960693359e-02,-4.951524734497070312e-02,-1.949486322700977325e-02,3.659454733133316040e-02,2.825497090816497803e-02,-5.411045998334884644e-02,-3.370957914739847183e-03,-2.694919146597385406e-02,-2.355434559285640717e-02,3.997840452939271927e-03,2.593174204230308533e-02,4.618372768163681030e-03,-3.172503411769866943e-02,-1.380329020321369171e-02,1.663522422313690186e-02,-3.772377967834472656e-04,3.812413429841399193e-03,-6.895759608596563339e-03,-3.062059171497821808e-02,2.634752541780471802e-02,1.194220501929521561e-02,-1.660762587562203407e-03,8.592244237661361694e-03,-2.292088232934474945e-02,3.904829267412424088e-03,-5.717840977013111115e-03,-3.465631604194641113e-02,3.471538657322525978e-03,1.287904474884271622e-02,-6.851594429463148117e-03,-1.275568455457687378e-02,1.242160797119140625e-04,3.239087760448455811e-02,-3.697106987237930298e-02,3.839469328522682190e-02,3.067111782729625702e-02,-1.042381860315799713e-02,-2.323232963681221008e-02,-6.612534075975418091e-02,-1.964161172509193420e-02,6.569591909646987915e-02
-1.528087351471185684e-02,3.778449073433876038e-02,9.013045579195022583e-02,-1.001704558730125427e-01,1.497295349836349487e-01,1.073649972677230835e-01,-1.325913984328508377e-02,4.967768862843513489e-02,-1.594086363911628723e-02,-3.467397019267082214e-02,-2.290554158389568329e-02,2.378593198955059052e-02,6.677410006523132324e-02,-8.001118153333663940e-02,6.137407198548316956e-02,-6.721817702054977417e-02,1.229262910783290863e-02,9.358341246843338013e-02,-5.114995688199996948e-02,8.218836039304733276e-02,2.133703790605068207e-02,-9.835272282361984253e-02,-4.240206629037857056e-02,7.824125140905380249e-02,2.049227505922317505e-01,-3.567268699407577515e-02,4.825848340988159180e-02,6.256165355443954468e-02,4.219310730695724487e-02,8.161898702383041382e-03,3.746947646141052246e-02,-1.192010790109634399e-01,1.090745441615581512e-02,3.615289926528930664e-02,1.411558687686920166e-02,1.350378990173339844e-01,5.725331977009773254e-02,9.934306144714355469e-03,3.184251859784126282e-02,7.674551010131835938e-02,5.210186168551445007e-02,4.350643604993820190e-02,3.104106336832046509e-02,-2.850424684584140778e-02,-1.415333803743124008e-02,-5.227067321538925171e-02,1.126914545893669128e-01,1.641095727682113647e-01,-2.480572834610939026e-02,8.414242416620254517e-02,8.717099577188491821e-02,-3.986325114965438843e-02,3.942847251892089844e-04,1.178472116589546204e-02,-1.222027931362390518e-02,2.012782543897628784e-02,-3.261430934071540833e-02,-2.857413142919540405e-02,-1.373440027236938477e-01,-3.140051150694489479e-03,-5.831011757254600525e-02,1.715464890003204346e-02,9.193865209817886353e-02,7.962381839752197266e-02,2.075559347867965698e-01,2.196950651705265045e-02,9.962555766105651855e-02,3.375427797436714172e-03,-1.331991702318191528e-01,-7.850506156682968140e-02,-1.431066691875457764e-01,-2.510910481214523315e-02,2.205433249473571777e-01,1.540017724037170410e-01,2.719503268599510193e-02,8.913205564022064209e-02,-4.108906537294387817e-02,3.230504691600799561e-02,8.845529705286026001e-02,6.475377827882766724e-02,-1.366665214300155640e-01,3.321831300854682922e-02,6.188282743096351624e-02,4.225735086947679520e-03,1.663545072078704834e-01,3.044405765831470490e-02,2.020822837948799133e-02,1.628397963941097260e-02,-6.134138628840446472e-02,-4.630279541015625000e-02,1.042130813002586365e-01,9.239527583122253418e-02,-6.856790184974670410e-02,7.570568472146987915e-02,-1.351980213075876236e-02,-5.042964592576026917e-02,2.377312444150447845e-02,-2.822668105363845825e-02,-3.669273480772972107e-02,-1.457808464765548706e-01,-3.504848480224609375e-02,8.109039813280105591e-02,-7.438521832227706909e-03,2.975854277610778809e-02,-1.424922328442335129e-02,-5.142383277416229248e-02,4.005016759037971497e-02,-9.531624615192413330e-03,5.501491203904151917e-02,-3.037532558664679527e-03,2.501463145017623901e-02,3.940186277031898499e-02,-2.025961689651012421e-02,-3.105582855641841888e-02,5.347498226910829544e-03,8.978225290775299072e-02,3.088555112481117249e-02,5.161789432168006897e-02,-2.544267848134040833e-02,5.999212339520454407e-02,-1.427741050720214844e-01,2.472152747213840485e-02,9.853222407400608063e-03,6.778052449226379395e-02,1.445508562028408051e-02,-1.564376801252365112e-01,-4.259501397609710693e-02,1.890495568513870239e-01
1.044571958482265472e-02,6.868717819452285767e-02,7.910055667161941528e-02,-2.369386330246925354e-02,7.930268347263336182e-02,7.848431169986724854e-02,3.351177647709846497e-02,3.470144048333168030e-02,-2.935251221060752869e-02,-1.569496653974056244e-02,-2.031380310654640198e-02,4.560438450425863266e-03,6.215757876634597778e-02,-4.754100367426872253e-02,7.915587723255157471e-02,-4.020750895142555237e-02,2.663435228168964386e-02,3.485586866736412048e-02,-1.532842684537172318e-02,-1.683150604367256165e-02,-5.021392181515693665e-02,-9.070753306150436401e-02,-4.148478806018829346e-02,1.053662374615669250e-01,1.480737179517745972e-01,-5.497042089700698853e-03,-3.591082990169525146e-02,1.731684245169162750e-02,3.404835239052772522e-02,7.948289625346660614e-03,1.655850186944007874e-02,-9.695741534233093262e-02,-1.490544993430376053e-02,6.874363403767347336e-03,1.672397926449775696e-02,9.064587205648422241e-02,5.258883535861968994e-02,-3.175108507275581360e-02,2.757368423044681549e-02,7.980608195066452026e-02,4.218629747629165649e-02,-2.238290011882781982e-02,-1.004760339856147766e-02,-4.708623141050338745e-02,-6.248944997787475586e-02,-7.614900916814804077e-02,3.267801553010940552e-02,4.169753938913345337e-02,-7.327376306056976318e-02,4.500225931406021118e-02,2.584629319608211517e-02,3.992893733084201813e-03,-7.388690859079360962e-02,1.704035443253815174e-03,2.271714061498641968e-02,2.292850799858570099e-02,-6.221752613782882690e-02,-2.115613222122192383e-02,-3.754298388957977295e-02,-1.861808355897665024e-03,2.673530019819736481e-03,-1.712226308882236481e-02,3.792327363044023514e-03,7.194600254297256470e-02,1.080304533243179321e-01,-2.781918831169605255e-02,6.380289047956466675e-02,2.450800500810146332e-02,-2.328097261488437653e-02,6.648959219455718994e-02,-2.304348349571228027e-02,-3.441157564520835876e-02,1.446520835161209106e-01,1.147791743278503418e-01,7.080728560686111450e-02,7.523816078901290894e-02,-1.112295873463153839e-02,4.663194995373487473e-03,6.418258417397737503e-03,4.122984781861305237e-02,-9.278426319360733032e-02,7.032158784568309784e-03,1.015598420053720474e-02,-3.694264218211174011e-02,7.223083823919296265e-02,1.813704334199428558e-02,-5.613890662789344788e-02,-6.558502092957496643e-03,-1.065986156463623047e-01,-3.783311694860458374e-02,8.794653415679931641e-02,4.856895282864570618e-02,-6.533027440309524536e-02,1.891101151704788208e-02,-1.149427797645330429e-02,1.974215731024742126e-02,5.205299705266952515e-02,2.931883558630943298e-02,3.872269392013549805e-02,-2.932279556989669800e-02,3.164863958954811096e-02,6.473433971405029297e-02,-1.891584135591983795e-02,-1.002337783575057983e-02,3.288914635777473450e-02,-1.312943175435066223e-02,4.078038409352302551e-02,9.896490722894668579e-03,1.721509918570518494e-02,5.373038351535797119e-03,-1.587498746812343597e-02,2.822358347475528717e-02,4.443229734897613525e-02,-3.509727120399475098e-02,1.530551537871360779e-02,5.718440562486648560e-02,4.307734593749046326e-02,3.189533203840255737e-02,-1.644302159547805786e-02,1.955066062510013580e-02,-7.434465736150741577e-02,4.754047095775604248e-02,9.448634833097457886e-02,8.130323141813278198e-02,3.054234571754932404e-02,-1.481118649244308472e-01,-4.932325333356857300e-02,1.232387050986289978e-01
6.355290859937667847e-02,4.415598139166831970e-02,1.594058424234390259e-01,-1.585092842578887939e-01,-2.520468272268772125e-02,1.218540593981742859e-01,1.552108302712440491e-02,9.519676677882671356e-03,-2.790259569883346558e-02,-2.671809494495391846e-02,-1.608696728944778442e-01,-4.944116249680519104e-02,5.852547660470008850e-02,-1.189604923129081726e-01,7.603851705789566040e-02,-3.352294117212295532e-02,9.000087156891822815e-03,5.978256464004516602e-02,3.243717551231384277e-02,-1.214849669486284256e-02,-6.632706616073846817e-03,-1.349792927503585815e-01,-5.875172466039657593e-02,1.759776473045349121e-01,2.328272759914398193e-01,8.704888634383678436e-03,-1.009179558604955673e-02,-2.446744032204151154e-02,2.265732921659946442e-02,6.765299290418624878e-02,3.672389686107635498e-02,-9.991385042667388916e-02,6.929517537355422974e-02,8.241555653512477875e-03,2.118267305195331573e-02,1.920512914657592773e-01,6.977709382772445679e-02,-1.236579269170761108e-01,1.545171998441219330e-02,9.301281720399856567e-02,7.347514480352401733e-02,-8.130221627652645111e-03,-2.467584237456321716e-02,-2.567266300320625305e-02,-4.522350430488586426e-02,-1.167253404855728149e-01,-9.779945015907287598e-03,6.587481498718261719e-02,-8.867966383695602417e-02,1.104999855160713196e-01,6.266916543245315552e-02,-5.455926060676574707e-02,-1.248997915536165237e-02,-3.134850040078163147e-02,-5.635200068354606628e-02,-7.901248335838317871e-02,-1.161803156137466431e-01,-2.983512543141841888e-02,-1.805122345685958862e-01,-1.730513572692871094e-02,6.002850458025932312e-02,-3.156903013586997986e-02,9.386024437844753265e-03,5.348743125796318054e-02,1.471772044897079468e-01,-8.549278229475021362e-02,6.598354130983352661e-02,-1.325848512351512909e-02,-4.297994822263717651e-02,9.438841789960861206e-02,-2.528545074164867401e-02,-2.754167281091213226e-02,2.631294429302215576e-01,1.727682203054428101e-01,1.603059917688369751e-01,1.133584156632423401e-01,-5.862554162740707397e-02,6.550953537225723267e-02,9.714648127555847168e-02,3.501946479082107544e-02,-7.205162197351455688e-02,2.143983915448188782e-02,-6.755291251465678215e-04,-4.360605403780937195e-02,1.200168579816818237e-01,3.001654893159866333e-02,-4.813449457287788391e-02,2.159234136343002319e-03,-8.697696775197982788e-02,-4.751855041831731796e-03,1.577960103750228882e-01,1.188973486423492432e-01,-5.959161370992660522e-02,5.219670385122299194e-02,-6.047990173101425171e-02,-1.280961930751800537e-02,9.357455372810363770e-02,7.101663202047348022e-02,-2.757094800472259521e-03,-3.938252106308937073e-02,-9.333219379186630249e-03,9.206368029117584229e-02,-3.548186272382736206e-02,-3.556419536471366882e-02,-3.957188501954078674e-02,-5.617010220885276794e-02,9.815718233585357666e-02,1.163291633129119873e-01,4.013681411743164062e-02,5.921291932463645935e-02,-4.822024703025817871e-02,2.528119459748268127e-02,-7.781320065259933472e-02,-7.148805260658264160e-02,1.021436043083667755e-02,4.026160389184951782e-02,5.073256045579910278e-02,2.271979115903377533e-02,-3.136534988880157471e-02,-1.529854163527488708e-02,-1.450575888156890869e-01,1.419935971498489380e-01,9.856470674276351929e-02,4.804681241512298584e-02,3.549957647919654846e-02,-1.908777505159378052e-01,3.226605057716369629e-02,1.952811330556869507e-01
8.293905854225158691e-02,1.076575964689254761e-01,1.475485861301422119e-01,-1.462878584861755371e-01,9.894750267267227173e-02,1.166064068675041199e-01,5.734486505389213562e-02,5.571635439991950989e-02,-4.601025953888893127e-02,-5.201237276196479797e-02,-1.503739506006240845e-01,-1.577645540237426758e-02,6.892021745443344116e-02,-1.083188131451606750e-01,1.104691252112388611e-01,-8.165058493614196777e-02,-2.352220751345157623e-02,1.068580523133277893e-01,-1.723306626081466675e-02,3.532402217388153076e-02,2.767022699117660522e-02,-7.580503076314926147e-02,-1.016867458820343018e-01,1.911130249500274658e-01,2.263467162847518921e-01,-4.973690584301948547e-02,-2.776853367686271667e-02,-7.903246581554412842e-02,2.188568189740180969e-02,3.381396085023880005e-02,4.217897728085517883e-02,-1.127898320555686951e-01,7.641232758760452271e-02,-1.009188499301671982e-02,4.474311135709285736e-03,1.109950020909309387e-01,4.545522108674049377e-02,-5.976334959268569946e-02,6.962765008211135864e-02,8.121781051158905029e-02,-2.248634956777095795e-02,6.247213855385780334e-02,-2.355786040425300598e-02,1.937995851039886475e-02,3.044876642525196075e-02,-1.514636576175689697e-01,4.664481431245803833e-02,1.381533890962600708e-01,-3.249751776456832886e-02,9.250194579362869263e-02,4.899428412318229675e-02,-6.365166604518890381e-02,7.162227481603622437e-02,-3.052344312891364098e-03,-5.566344410181045532e-02,-5.498820170760154724e-02,-7.820197939872741699e-02,-3.521311655640602112e-02,-1.516881585121154785e-01,-1.298780553042888641e-02,3.576635569334030151e-02,9.028312051668763161e-04,7.651604712009429932e-02,8.177612721920013428e-02,1.705052405595779419e-01,-2.451980952173471451e-03,7.160069048404693604e-02,3.858605865389108658e-03,-3.420094028115272522e-02,-1.184863876551389694e-02,-2.341825515031814575e-02,1.838324475102126598e-03,2.125035226345062256e-01,1.025680899620056152e-01,9.954328835010528564e-02,1.395073384046554565e-01,-3.291013836860656738e-02,8.186946809291839600e-02,2.402421087026596069e-02,1.051657050848007202e-01,-1.263838708400726318e-01,3.922168537974357605e-02,4.479953274130821228e-02,2.014480531215667725e-02,1.969144493341445923e-01,2.339225076138973236e-02,-6.564639508724212646e-02,-6.533457338809967041e-02,-1.734910160303115845e-01,-3.855476528406143188e-02,8.234488964080810547e-02,5.125648528337478638e-02,-1.213419139385223389e-01,1.202474627643823624e-02,-8.172298222780227661e-02,-8.187348954379558563e-03,2.107048965990543365e-02,2.869937755167484283e-02,3.485327959060668945e-02,-1.038335114717483521e-01,3.019070439040660858e-02,1.090143993496894836e-01,-3.046216443181037903e-02,1.388427708297967911e-02,1.857358962297439575e-02,1.533259917050600052e-02,1.004824042320251465e-01,3.825935348868370056e-02,6.336270272731781006e-02,8.232680708169937134e-02,-3.580965846776962280e-02,2.403990924358367920e-02,2.644032612442970276e-02,-2.547100186347961426e-02,1.025131065398454666e-02,8.240830153226852417e-02,4.700153693556785583e-02,4.608395695686340332e-02,-1.499397307634353638e-02,1.687101274728775024e-02,-1.165020465850830078e-01,1.320765316486358643e-01,1.047407984733581543e-01,6.355557590723037720e-02,-3.546189144253730774e-02,-2.217210829257965088e-01,-8.788709342479705811e-02,1.840227097272872925e-01
1.743908599019050598e-02,-4.563928395509719849e-02,1.022752001881599426e-01,-1.370546966791152954e-01,8.781609684228897095e-02,9.739600867033004761e-02,3.333923593163490295e-02,4.658783599734306335e-02,-8.762611076235771179e-03,-3.994448110461235046e-02,-8.509229123592376709e-02,-2.059624157845973969e-02,7.095079869031906128e-02,-8.794954419136047363e-02,1.123729571700096130e-01,-3.391076624393463135e-02,9.759770706295967102e-03,8.535805344581604004e-02,-3.903130441904067993e-02,9.512625634670257568e-02,6.043896079063415527e-02,-8.340954780578613281e-02,-1.281952112913131714e-01,1.625788062810897827e-01,2.331577092409133911e-01,1.630575768649578094e-02,4.582649469375610352e-02,7.019313983619213104e-03,1.400745566934347153e-02,3.035381250083446503e-02,6.691849231719970703e-02,-1.093791499733924866e-01,7.341127097606658936e-02,4.292744398117065430e-02,6.277140974998474121e-02,1.156772971153259277e-01,6.469845771789550781e-02,-6.550274044275283813e-02,3.282996639609336853e-02,8.860931545495986938e-02,-3.334807697683572769e-03,-5.167401209473609924e-02,2.710643783211708069e-02,-4.291683062911033630e-02,-3.350966051220893860e-02,-1.405803710222244263e-01,9.215681999921798706e-02,1.655614525079727173e-01,6.152134388685226440e-03,6.050876900553703308e-02,8.194444328546524048e-02,-9.154641628265380859e-02,-1.816829666495323181e-02,1.876065507531166077e-02,-5.503662675619125366e-02,-1.044624596834182739e-01,-1.359402984380722046e-01,-7.571107149124145508e-02,-1.965348571538925171e-01,-1.411817967891693115e-02,-4.406939446926116943e-02,-4.942766577005386353e-02,2.939685061573982239e-02,5.141473188996315002e-02,1.905017495155334473e-01,-1.794205233454704285e-02,7.558854669332504272e-02,6.875913124531507492e-03,-6.946684420108795166e-02,-1.923150941729545593e-02,-5.406710878014564514e-02,-2.023432217538356781e-02,1.983310133218765259e-01,1.030410081148147583e-01,1.177745833992958069e-01,9.999913722276687622e-02,2.518576942384243011e-02,8.340887725353240967e-02,6.773308385163545609e-03,1.866189390420913696e-02,-9.658537060022354126e-02,1.369107607752084732e-02,2.646629512310028076e-02,2.447485551238059998e-02,1.463888585567474365e-01,-2.947471663355827332e-02,2.593043074011802673e-02,9.531148709356784821e-03,-5.276209861040115356e-02,-7.181508839130401611e-02,8.739399164915084839e-02,6.338571012020111084e-02,-9.790725260972976685e-02,2.891565300524234772e-02,-1.193642523139715195e-02,2.219967544078826904e-02,8.635365962982177734e-02,7.694377005100250244e-02,-3.793400013819336891e-03,-7.628681510686874390e-02,3.562464611604809761e-03,1.189788505434989929e-01,-2.433359622955322266e-04,3.581870719790458679e-02,-9.510169737040996552e-03,-1.062273513525724411e-03,4.875183105468750000e-02,-1.050782203674316406e-02,2.275747060775756836e-02,7.018092274665832520e-02,1.890958286821842194e-02,7.579353451728820801e-02,2.020177431404590607e-03,-3.086503967642784119e-02,5.039350595325231552e-03,8.958132565021514893e-02,2.895418740808963776e-02,3.364252299070358276e-02,-4.728126525878906250e-02,5.929642543196678162e-02,-1.652270555496215820e-01,3.946774080395698547e-02,7.709799706935882568e-02,5.211812444031238556e-03,-4.266926646232604980e-02,-2.053228467702865601e-01,-3.442776575684547424e-02,1.592565029859542847e-01
5.756972730159759521e-02,5.227142199873924255e-02,1.470868736505508423e-01,-8.155134320259094238e-02,1.772821098566055298e-01,1.669773459434509277e-01,1.999859325587749481e-02,2.856460399925708771e-02,1.246191002428531647e-02,1.949149742722511292e-02,-7.925556600093841553e-02,2.013531513512134552e-03,7.497847825288772583e-02,-1.256098002195358276e-01,8.696826547384262085e-02,-9.092822670936584473e-02,5.405869334936141968e-02,3.057325072586536407e-02,4.348924383521080017e-02,7.063556462526321411e-02,8.511540363542735577e-04,-7.547021657228469849e-02,-1.335148662328720093e-01,2.194888442754745483e-01,2.423967719078063965e-01,6.918689608573913574e-02,-4.754742980003356934e-02,6.582019478082656860e-02,3.489789739251136780e-02,-5.671953782439231873e-02,1.467343140393495560e-02,-6.298709660768508911e-02,5.815917253494262695e-02,9.460801631212234497e-02,-8.399321883916854858e-02,1.237013190984725952e-02,2.138651721179485321e-02,-7.725773751735687256e-02,6.825643777847290039e-02,8.953689038753509521e-02,2.898369543254375458e-02,-2.656755037605762482e-02,3.422723617404699326e-03,-1.619659177958965302e-02,-6.788392364978790283e-02,-1.551621109247207642e-01,8.095154166221618652e-02,9.571766108274459839e-02,-5.856158584356307983e-02,7.971141487360000610e-02,4.302212968468666077e-02,-4.224826395511627197e-02,-4.748751223087310791e-02,-1.360913459211587906e-02,-7.788109779357910156e-02,-1.744096726179122925e-01,-1.361464262008666992e-01,-8.631745725870132446e-02,-1.493285596370697021e-01,-3.008121997117996216e-02,-1.976137235760688782e-02,-1.174764111638069153e-01,-4.949128627777099609e-02,1.135406717658042908e-01,2.194705903530120850e-01,-3.390114754438400269e-02,1.010519862174987793e-01,6.554585695266723633e-02,-3.324555233120918274e-02,6.774365156888961792e-02,-1.207326203584671021e-01,-1.771240681409835815e-01,2.265404015779495239e-01,1.749022156000137329e-01,4.460879415273666382e-02,1.362528055906295776e-01,-8.787795156240463257e-02,4.996132478117942810e-02,-2.334596402943134308e-02,7.208079099655151367e-02,-9.517869353294372559e-02,-3.077503107488155365e-02,1.160247530788183212e-02,-6.350729614496231079e-03,8.231280744075775146e-02,-7.254454493522644043e-02,-2.923241583630442619e-03,1.378687191754579544e-02,-1.193667650222778320e-01,-1.387695372104644775e-01,1.158547848463058472e-01,4.567398875951766968e-02,-1.167528554797172546e-01,3.739144280552864075e-02,-1.786908693611621857e-02,5.156989023089408875e-02,1.110704392194747925e-01,5.373574420809745789e-02,-5.054935440421104431e-02,-4.674221854656934738e-03,-6.003783550113439560e-03,6.523854285478591919e-02,-7.420206815004348755e-02,1.126602292060852051e-02,1.239302232861518860e-01,5.682764202356338501e-02,5.219411104917526245e-02,-4.349019750952720642e-02,-4.123532399535179138e-02,-5.440038070082664490e-02,-8.538506925106048584e-02,5.520604923367500305e-02,1.678737998008728027e-02,-2.779994718730449677e-02,-7.686999626457691193e-03,3.746688738465309143e-02,-1.981901749968528748e-02,-3.916952386498451233e-02,-4.418007284402847290e-02,3.295190259814262390e-02,-1.191485598683357239e-01,1.051873937249183655e-01,5.669040232896804810e-02,6.551089882850646973e-02,-1.279069762676954269e-02,-2.384041249752044678e-01,-6.795524386689066887e-04,1.516975015401840210e-01
9.214281290769577026e-02,1.374044120311737061e-01,1.772089749574661255e-01,-1.460771560668945312e-01,1.634134948253631592e-01,1.821449100971221924e-01,5.432972311973571777e-02,1.750969514250755310e-02,3.196958079934120178e-02,2.148431539535522461e-02,-1.203143447637557983e-01,-4.521606490015983582e-03,1.411922182887792587e-02,-4.588330164551734924e-02,9.832656383514404297e-02,-4.514686018228530884e-02,-4.457239061594009399e-02,-3.803696855902671814e-02,-1.220532134175300598e-02,1.901975125074386597e-01,1.203262358903884888e-01,-1.416222751140594482e-01,-6.458787620067596436e-02,1.704619973897933960e-01,1.738835722208023071e-01,1.202285066246986389e-01,7.682861387729644775e-02,5.340047553181648254e-02,2.284176833927631378e-02,-1.586405909620225430e-03,-6.603185087442398071e-02,-7.242801040410995483e-02,8.612390607595443726e-02,1.055962741374969482e-01,-1.185558438301086426e-01,4.371764138340950012e-03,7.400635629892349243e-02,-1.085469201207160950e-01,-9.063187241554260254e-02,8.208331465721130371e-02,-4.596716538071632385e-02,-1.780798286199569702e-02,-2.986668795347213745e-02,7.584843318909406662e-03,7.883732765913009644e-02,-1.460221409797668457e-01,1.345824357122182846e-02,4.461179673671722412e-02,4.573418200016021729e-02,2.194257825613021851e-02,3.448578342795372009e-02,-1.211166083812713623e-01,-6.199190858751535416e-03,-6.368336081504821777e-02,-2.828087843954563141e-02,-3.388075530529022217e-02,-3.143931180238723755e-02,1.312770415097475052e-02,-2.160298377275466919e-01,9.816003032028675079e-03,-1.859709620475769043e-02,-1.081686839461326599e-01,-2.788934670388698578e-02,1.835020817816257477e-02,1.581929624080657959e-01,-1.052458211779594421e-01,-9.486075141467154026e-04,1.081324294209480286e-01,1.457884311676025391e-01,1.366200894117355347e-01,-1.919727772474288940e-02,-1.119632124900817871e-01,2.233426570892333984e-01,1.307694166898727417e-01,9.095033258199691772e-02,1.421667486429214478e-01,-8.781641721725463867e-02,5.908269435167312622e-02,-5.265501886606216431e-02,-5.883155763149261475e-02,-1.074064150452613831e-01,-8.210642635822296143e-02,1.186430454254150391e-04,8.638764917850494385e-02,1.274409890174865723e-01,-7.469756156206130981e-02,-6.353143136948347092e-03,-2.568534947931766510e-02,-5.540769919753074646e-02,-9.610840678215026855e-02,7.752491533756256104e-02,9.324152022600173950e-02,-1.576586067676544189e-01,-4.428777843713760376e-02,8.588996715843677521e-03,9.300144761800765991e-02,7.424918562173843384e-02,5.347932130098342896e-02,4.627186805009841919e-02,-3.938801959156990051e-02,8.808204904198646545e-03,4.763113334774971008e-02,-1.531463023275136948e-02,-7.114090025424957275e-02,-1.201610546559095383e-02,-8.969942480325698853e-02,3.134251385927200317e-02,-2.375620417296886444e-02,-2.441567555069923401e-02,5.620099976658821106e-02,-6.770518422126770020e-02,8.543107658624649048e-02,5.767728388309478760e-02,-1.857039984315633774e-03,6.842017173767089844e-02,1.665441435761749744e-03,8.372620493173599243e-02,9.867862612009048462e-02,-7.313785608857870102e-04,-1.898705959320068359e-04,-1.568696498870849609e-01,4.150620847940444946e-02,1.349283009767532349e-01,1.570435166358947754e-01,5.202042311429977417e-02,-1.972994655370712280e-01,-6.916316598653793335e-02,1.574449688196182251e-01
7.276658713817596436e-02,1.027524173259735107e-01,1.742749810218811035e-01,-1.942789554595947266e-01,8.857817947864532471e-02,1.556013822555541992e-01,2.879708074033260345e-02,-2.779923379421234131e-03,6.296833604574203491e-02,5.599770694971084595e-02,-8.991146832704544067e-02,5.780781153589487076e-03,6.105004576966166496e-04,-3.192784264683723450e-02,1.030268222093582153e-01,-7.741080969572067261e-02,-1.385311037302017212e-02,2.594934031367301941e-02,8.983676880598068237e-02,1.098819673061370850e-01,7.733041886240243912e-03,-1.100542843341827393e-01,-9.942491352558135986e-02,1.951882094144821167e-01,2.242456078529357910e-01,4.665626212954521179e-02,2.349769324064254761e-02,9.321747347712516785e-03,1.994875445961952209e-02,3.230954706668853760e-02,-4.553870484232902527e-02,-1.593890935182571411e-01,8.900646120309829712e-02,8.344299346208572388e-02,-5.379574000835418701e-02,1.076656430959701538e-01,7.913493365049362183e-02,-1.047764346003532410e-01,-2.745015919208526611e-02,3.313981369137763977e-02,2.285627461969852448e-02,-2.154439687728881836e-02,-2.050222456455230713e-02,-7.719957828521728516e-02,7.666615303605794907e-03,-9.287047386169433594e-02,1.329320669174194336e-01,1.524137407541275024e-01,-1.236548461019992828e-02,-9.275527670979499817e-03,8.113086968660354614e-02,-2.095535211265087128e-02,-6.423760950565338135e-02,-2.010792493820190430e-02,-2.108261175453662872e-02,-8.536222577095031738e-02,-5.620263144373893738e-02,-5.716868862509727478e-02,-1.982836276292800903e-01,-4.924714937806129456e-02,-2.478428371250629425e-02,-8.480833470821380615e-02,-4.535701125860214233e-02,-3.056426765397191048e-03,1.439626663923263550e-01,-5.165100842714309692e-02,9.810336679220199585e-02,5.306739732623100281e-02,5.728241056203842163e-03,1.075063496828079224e-01,-1.017520483583211899e-02,-2.741796523332595825e-02,1.934263408184051514e-01,8.439509570598602295e-02,1.654831469058990479e-01,1.251849383115768433e-01,-7.173427939414978027e-02,5.116378143429756165e-02,-4.642094671726226807e-02,9.288187720812857151e-04,-3.104457631707191467e-02,-4.925264418125152588e-02,-8.475079387426376343e-02,3.573718667030334473e-02,1.704149693250656128e-01,-6.130073964595794678e-02,-5.738403648138046265e-03,-3.573766350746154785e-02,-1.113068088889122009e-01,-2.574158087372779846e-02,9.244665503501892090e-02,5.077339336276054382e-02,-1.450703591108322144e-01,9.705416858196258545e-03,-7.057361304759979248e-02,-3.687690570950508118e-02,4.244829714298248291e-02,5.411075055599212646e-02,-2.578127942979335785e-02,-5.117286741733551025e-02,-9.373448789119720459e-02,9.021133184432983398e-02,4.466649889945983887e-02,7.212964445352554321e-02,-4.165237303823232651e-03,-8.978216350078582764e-02,7.433887571096420288e-02,2.868886664509773254e-02,-1.996961189433932304e-03,-8.634441532194614410e-03,-6.350218504667282104e-02,7.721590250730514526e-02,9.728079289197921753e-02,-2.843282651156187057e-03,-2.757773362100124359e-02,1.217936724424362183e-02,5.915485695004463196e-02,8.988460153341293335e-02,-7.982639968395233154e-02,5.751984938979148865e-02,-1.033861860632896423e-01,4.925894737243652344e-02,1.265658736228942871e-01,8.779403567314147949e-02,-2.913686819374561310e-02,-2.223000377416610718e-01,-4.073676466941833496e-02,1.792546063661575317e-01
7.232581824064254761e-02,3.552708029747009277e-02,7.412334531545639038e-02,-8.367636799812316895e-02,4.422013834118843079e-02,4.953968897461891174e-02,1.474306359887123108e-02,6.165455561131238937e-03,1.624548435211181641e-02,5.286733061075210571e-02,-1.589554548263549805e-02,-1.501649897545576096e-02,3.259498625993728638e-02,4.343213513493537903e-03,4.613985866308212280e-02,-2.801063656806945801e-02,2.119229547679424286e-02,6.197895482182502747e-02,1.105036865919828415e-02,7.208137959241867065e-02,2.153998985886573792e-02,-3.854440897703170776e-02,-3.442737832665443420e-02,8.874373883008956909e-02,9.241379797458648682e-02,-1.904304698109626770e-02,1.309096440672874451e-02,6.824059411883354187e-03,1.486227568238973618e-02,1.016854774206876755e-03,-4.101382195949554443e-02,-6.710048019886016846e-02,2.303091436624526978e-02,-3.688859939575195312e-02,-4.401534795761108398e-02,6.147677078843116760e-02,3.380860015749931335e-02,-1.637797802686691284e-02,-2.224054187536239624e-03,9.673799388110637665e-03,-6.120501784607768059e-04,-3.092672862112522125e-02,-1.459776191040873528e-03,-2.525560930371284485e-02,3.275263588875532150e-03,-5.447164177894592285e-02,5.980382487177848816e-02,8.193811029195785522e-02,6.774529814720153809e-03,3.715752065181732178e-02,3.107685036957263947e-02,-5.982434377074241638e-02,-6.424458324909210205e-02,-2.148952707648277283e-02,-2.760132029652595520e-02,-6.314779818058013916e-02,-5.523109063506126404e-02,-2.739408239722251892e-02,-8.274712413549423218e-02,2.323221229016780853e-02,2.507935464382171631e-02,-3.573936223983764648e-02,-2.071650326251983643e-02,-4.406939446926116943e-02,8.263128995895385742e-02,-2.120355330407619476e-02,3.301463276147842407e-02,1.635223813354969025e-02,-7.037523202598094940e-03,6.764831393957138062e-02,2.656144276261329651e-02,1.566100120544433594e-02,1.253460198640823364e-01,7.296387106180191040e-02,8.530621975660324097e-02,7.703155279159545898e-02,-2.420372702181339264e-02,3.590046986937522888e-02,1.130943931639194489e-02,-2.154949307441711426e-02,-3.095361404120922089e-02,-5.125122517347335815e-02,-2.306665666401386261e-02,-4.413417354226112366e-02,4.067990556359291077e-02,1.513144839555025101e-02,1.274996250867843628e-02,1.206896454095840454e-02,-6.676530838012695312e-02,-3.015247173607349396e-02,8.656237274408340454e-02,3.223448991775512695e-02,-6.077523529529571533e-02,-8.328304626047611237e-03,-5.986443907022476196e-02,-1.505859941244125366e-02,3.590094670653343201e-02,2.916825376451015472e-02,1.047739665955305099e-02,-2.330393344163894653e-02,-2.538811787962913513e-02,3.325492888689041138e-02,2.054360462352633476e-03,1.237570540979504585e-03,2.243067882955074310e-02,-1.674921438097953796e-02,4.487981274724006653e-02,2.776400558650493622e-02,5.291650537401437759e-03,4.242794960737228394e-02,-3.563477890565991402e-03,1.145619619637727737e-02,2.643115445971488953e-02,-9.415198117494583130e-03,8.831867016851902008e-03,1.175247970968484879e-02,1.128139812499284744e-02,-2.748809987679123878e-03,-2.793484553694725037e-02,2.653142623603343964e-02,-8.436235040426254272e-02,1.117904018610715866e-02,3.822206705808639526e-02,2.033081464469432831e-02,-2.466651797294616699e-02,-8.294944465160369873e-02,-2.836518175899982452e-02,1.242567151784896851e-01
6.092438101768493652e-02,6.661891937255859375e-02,1.925955265760421753e-01,-8.574552088975906372e-02,1.115678772330284119e-01,1.540754586458206177e-01,4.494548216462135315e-02,-4.955359920859336853e-02,7.457695156335830688e-02,3.456752374768257141e-02,-1.487746834754943848e-01,-2.508283592760562897e-02,6.353951990604400635e-02,-3.702419623732566833e-02,2.303576841950416565e-02,-1.102727428078651428e-01,1.156683638691902161e-02,6.062935665249824524e-02,8.910021185874938965e-02,8.973424881696701050e-02,2.916676364839076996e-02,-5.356293916702270508e-02,-6.776429712772369385e-02,2.070973664522171021e-01,2.595135867595672607e-01,2.766481041908264160e-02,-4.915373399853706360e-02,1.071434691548347473e-01,3.537423908710479736e-02,-7.287401705980300903e-02,-7.568816840648651123e-02,-1.034066230058670044e-01,6.522848457098007202e-02,-1.103252079337835312e-02,-1.184737235307693481e-01,7.565951347351074219e-02,4.213399440050125122e-02,-1.177690476179122925e-01,1.071459706872701645e-02,5.524704977869987488e-02,6.962765008211135864e-02,-4.727770015597343445e-02,2.821101993322372437e-02,2.237804420292377472e-02,1.502555608749389648e-02,-1.856810748577117920e-01,-2.044312283396720886e-02,6.897070910781621933e-03,-7.114920020103454590e-02,-4.647430032491683960e-03,3.733992949128150940e-02,-4.364032298326492310e-02,-7.439512759447097778e-02,-3.680744022130966187e-02,-8.602164685726165771e-02,-1.086447611451148987e-01,-1.507358700037002563e-01,-4.393732920289039612e-02,-1.480428576469421387e-01,-9.981508366763591766e-03,-6.665591895580291748e-02,-2.400240860879421234e-02,5.296543613076210022e-02,1.243832856416702271e-01,2.571980357170104980e-01,-4.208449274301528931e-02,9.179207682609558105e-02,5.366959422826766968e-02,-3.627665340900421143e-02,1.209555044770240784e-01,-9.116098284721374512e-03,-4.940759390592575073e-02,2.778627574443817139e-01,2.114694714546203613e-01,1.032528877258300781e-01,1.147633492946624756e-01,-1.894819177687168121e-02,2.703603357076644897e-02,-3.919686749577522278e-02,-3.352629020810127258e-03,-6.771472841501235962e-02,-2.222803235054016113e-02,3.137978911399841309e-02,1.209053955972194672e-02,9.979484975337982178e-02,-1.563004218041896820e-02,-8.204901590943336487e-03,8.485052734613418579e-03,-6.720123440027236938e-02,-7.124298810958862305e-02,1.111621782183647156e-01,7.608243077993392944e-02,-9.584966301918029785e-02,6.293956935405731201e-02,4.323625192046165466e-02,8.358510583639144897e-02,1.143159791827201843e-01,5.971913784742355347e-02,-2.248014789074659348e-03,-5.218418687582015991e-02,-5.861388891935348511e-02,5.175170302391052246e-02,-6.536480784416198730e-02,1.268583815544843674e-02,9.254880249500274658e-02,5.783348903059959412e-02,7.098907977342605591e-02,5.497723445296287537e-02,6.919929292052984238e-03,3.165113925933837891e-02,-3.157944604754447937e-02,-1.420217473059892654e-02,3.056268207728862762e-02,9.535916149616241455e-03,1.405924186110496521e-02,2.322625368833541870e-02,2.746510691940784454e-02,5.730848386883735657e-02,-5.385715514421463013e-02,-8.649162016808986664e-03,-1.515681147575378418e-01,7.641895860433578491e-02,1.363029927015304565e-01,5.321165174245834351e-02,-2.957604452967643738e-02,-2.163628935813903809e-01,-2.797119319438934326e-03,1.804236024618148804e-01
1.671316288411617279e-02,5.103685334324836731e-02,1.303884088993072510e-01,-9.676675498485565186e-02,1.051604747772216797e-01,1.297795027494430542e-01,7.104411721229553223e-02,-2.294772118330001831e-02,1.904666423797607422e-04,7.871256209909915924e-03,-1.161013618111610413e-01,6.158243864774703979e-02,5.761229246854782104e-02,-6.311728060245513916e-02,1.016952693462371826e-01,-1.013192608952522278e-01,2.536396309733390808e-02,8.124869316816329956e-02,1.475122850388288498e-02,6.082580238580703735e-02,-5.501601845026016235e-03,-8.521998673677444458e-02,-1.002050191164016724e-01,1.912601590156555176e-01,2.177231162786483765e-01,-1.901147305034101009e-03,1.669743284583091736e-02,-3.014392778277397156e-02,2.592182159423828125e-02,-4.137809947133064270e-02,-1.776508241891860962e-02,-1.208329200744628906e-01,2.160694450139999390e-03,-3.119936585426330566e-02,-3.015091642737388611e-03,1.284938156604766846e-01,8.950935304164886475e-02,-5.965391919016838074e-02,3.602110221982002258e-02,1.122276932001113892e-01,6.528335809707641602e-02,-3.354512155055999756e-02,5.423439294099807739e-02,1.270452234894037247e-02,-6.742454320192337036e-02,-1.134802252054214478e-01,3.318095207214355469e-02,1.099062860012054443e-01,-1.236995402723550797e-02,3.451087325811386108e-02,6.273717433214187622e-02,-1.208372265100479126e-01,-1.148845404386520386e-01,-2.900728024542331696e-02,-3.416772186756134033e-02,-6.325525790452957153e-02,-1.094501167535781860e-01,-2.668441273272037506e-02,-1.326981037855148315e-01,6.070478353649377823e-03,-4.122769925743341446e-03,-1.256331149488687515e-02,2.817954123020172119e-02,1.009766664355993271e-02,1.619393676519393921e-01,-8.171691745519638062e-02,1.039697229862213135e-01,8.076714724302291870e-02,5.492948740720748901e-02,5.823324993252754211e-02,-2.384445630013942719e-02,-1.051810011267662048e-01,1.891701370477676392e-01,1.401024162769317627e-01,1.288793683052062988e-01,1.199761778116226196e-01,-6.911469995975494385e-02,3.632793948054313660e-02,-4.397730529308319092e-02,1.005803234875202179e-02,-6.145168095827102661e-02,-2.199166640639305115e-02,5.101546645164489746e-03,3.230537474155426025e-02,1.467012166976928711e-01,-1.851022243499755859e-04,-5.384322628378868103e-02,-3.135118260979652405e-02,-1.066323369741439819e-01,-5.226937308907508850e-02,1.006606146693229675e-01,5.076031759381294250e-02,-5.427695065736770630e-02,3.395717218518257141e-02,-9.195932187139987946e-03,6.090627238154411316e-02,3.847218677401542664e-02,3.650493174791336060e-02,3.008649311959743500e-02,-9.855380654335021973e-02,-3.531170263886451721e-02,9.580170363187789917e-02,-3.942899778485298157e-02,2.450041100382804871e-02,1.586494967341423035e-02,-4.375796765089035034e-02,8.580102771520614624e-02,1.148243695497512817e-01,2.556824311614036560e-02,1.883045397698879242e-02,-6.627545505762100220e-02,4.091462492942810059e-02,3.435382246971130371e-02,1.148298475891351700e-02,-5.398578010499477386e-03,8.737275004386901855e-02,2.482702583074569702e-02,1.426975335925817490e-02,-9.523661434650421143e-02,1.036259755492210388e-01,-1.028911769390106201e-01,1.028529256582260132e-01,8.494340628385543823e-02,4.323134198784828186e-02,-1.788435154594480991e-03,-1.791616678237915039e-01,-2.316012792289257050e-02,1.839753091335296631e-01
7.907408475875854492e-02,8.756855875253677368e-02,1.579470932483673096e-01,-1.216446310281753540e-01,1.417919397354125977e-01,1.327302008867263794e-01,7.622785121202468872e-02,-7.150574773550033569e-02,-1.232138369232416153e-02,3.897860273718833923e-02,-1.227668896317481995e-01,1.235139090567827225e-02,7.164104282855987549e-02,-5.675207450985908508e-02,7.364955544471740723e-02,-9.685317426919937134e-02,1.072484720498323441e-02,7.411652803421020508e-02,5.523337796330451965e-02,5.025175958871841431e-02,4.296677559614181519e-02,-6.621284037828445435e-02,-7.069438695907592773e-02,2.140522301197052002e-01,2.590731978416442871e-01,2.579491958022117615e-02,-6.126556172966957092e-02,-1.883995905518531799e-02,3.610751032829284668e-02,-5.417912453413009644e-02,-3.187657892704010010e-02,-1.088476851582527161e-01,5.999245122075080872e-02,2.333601564168930054e-02,-7.926833815872669220e-03,1.346474885940551758e-01,7.995420694351196289e-02,-4.406852647662162781e-02,3.401361405849456787e-02,9.233269095420837402e-02,1.027538031339645386e-01,-8.990610949695110321e-03,-7.023613899946212769e-02,-3.860755637288093567e-02,-1.131557226181030273e-01,-2.047455012798309326e-01,1.050266623497009277e-02,7.332663983106613159e-02,-1.292862743139266968e-01,7.375193387269973755e-02,3.191715478897094727e-02,-3.273711353540420532e-02,-1.042682826519012451e-01,-7.819394767284393311e-02,-9.845460951328277588e-02,-1.079810187220573425e-01,-1.371639966964721680e-01,-3.803580626845359802e-02,-1.516441702842712402e-01,-1.259668357670307159e-02,5.510900542140007019e-02,-1.014368832111358643e-01,4.969585686922073364e-03,6.206920370459556580e-02,1.699837744235992432e-01,-6.508475542068481445e-02,6.835833936929702759e-02,4.378610104322433472e-02,3.138780593872070312e-04,1.190623492002487183e-01,-8.473285287618637085e-02,-3.327907621860504150e-02,2.681533992290496826e-01,1.975111961364746094e-01,1.308046728372573853e-01,1.668737977743148804e-01,-8.144512772560119629e-02,4.964183270931243896e-02,-3.676248481497168541e-03,6.784798949956893921e-02,-8.010009676218032837e-02,-3.073995932936668396e-02,5.813974887132644653e-02,1.425020676106214523e-02,1.108875796198844910e-01,-3.554609790444374084e-02,-3.736111521720886230e-02,8.279222995042800903e-03,-6.750888377428054810e-02,-1.173740625381469727e-01,1.309325844049453735e-01,7.197930663824081421e-02,-9.981796890497207642e-02,8.149666339159011841e-02,1.067082211375236511e-02,-3.845970379188656807e-03,5.919625610113143921e-02,1.405792962759733200e-02,2.681503072381019592e-02,-3.567099198698997498e-02,-2.408929169178009033e-02,2.257586084306240082e-02,-1.029198318719863892e-01,-2.454758808016777039e-02,2.128997258841991425e-02,2.893325313925743103e-02,9.772009402513504028e-02,1.122989207506179810e-01,-3.003778122365474701e-02,1.283443719148635864e-02,-6.679714471101760864e-02,2.549238875508308411e-02,5.300991982221603394e-02,-4.689948633313179016e-02,-4.053827747702598572e-02,8.134514838457107544e-02,2.753160893917083740e-03,4.611494019627571106e-02,5.578101612627506256e-03,-1.688245125114917755e-02,-1.583771854639053345e-01,1.015370190143585205e-01,1.098008081316947937e-01,-5.124361813068389893e-02,-6.480051577091217041e-02,-2.121990472078323364e-01,4.429883882403373718e-02,2.105380445718765259e-01
1.732986234128475189e-02,8.314834907650947571e-03,2.009767666459083557e-02,-2.031758613884449005e-02,1.515760924667119980e-02,1.858812756836414337e-02,6.562471389770507812e-05,-1.211791532114148140e-03,-9.057571180164813995e-03,-1.096779759973287582e-02,-2.795089967548847198e-02,-1.732721179723739624e-02,4.701400175690650940e-03,-3.296312689781188965e-02,1.641373336315155029e-02,-6.219147471711039543e-04,1.162315625697374344e-02,2.345221117138862610e-02,-3.328919410705566406e-04,-1.611704006791114807e-02,-1.056533399969339371e-02,-3.604241460561752319e-02,-3.421930968761444092e-02,4.000330343842506409e-02,5.543746426701545715e-02,7.651477120816707611e-03,-6.564402952790260315e-03,3.509923815727233887e-03,1.688036881387233734e-02,1.596842333674430847e-02,3.770631272345781326e-03,-4.053298383951187134e-02,-1.589754223823547363e-02,-1.902726711705327034e-03,8.324340917170047760e-03,3.929185122251510620e-02,-9.745139628648757935e-03,-1.923031732439994812e-02,3.684026887640357018e-03,1.634306088089942932e-02,2.721513248980045319e-02,-1.763190701603889465e-02,-3.125954885035753250e-03,-3.407993540167808533e-02,-3.011558204889297485e-02,-3.075043670833110809e-02,7.992086466401815414e-04,4.454761277884244919e-03,-2.611606195569038391e-02,6.142389494925737381e-03,-1.468658447265625000e-04,-1.627420634031295776e-02,-2.694315090775489807e-02,7.847713306546211243e-03,8.154389448463916779e-03,3.791403258219361305e-03,-3.629406541585922241e-02,-1.073232758790254593e-02,-9.655145928263664246e-03,-5.037353839725255966e-03,5.068079568445682526e-03,-2.838465385138988495e-02,-9.037337265908718109e-03,1.608721539378166199e-02,3.838041424751281738e-02,-1.776016503572463989e-02,2.662341669201850891e-02,-4.750811960548162460e-03,-2.458553574979305267e-02,1.643095538020133972e-02,-1.589117920957505703e-03,-4.657592158764600754e-03,5.214670673012733459e-02,4.426793381571769714e-02,3.323697671294212341e-02,1.648106798529624939e-02,-3.990479744970798492e-03,-4.797779489308595657e-03,-4.427880514413118362e-03,1.177727244794368744e-02,-1.047721784561872482e-02,1.623851247131824493e-02,4.660900216549634933e-03,-1.790448278188705444e-02,2.356950938701629639e-02,-2.164542675018310547e-04,-2.222818136215209961e-02,-2.198603004217147827e-03,-4.105424880981445312e-02,-2.091196132823824883e-03,4.118411988019943237e-02,2.324516884982585907e-02,-1.271942071616649628e-02,6.581687368452548981e-03,-2.062075957655906677e-02,-9.948818013072013855e-03,1.133056636899709702e-02,5.758578423410654068e-03,1.154860109090805054e-02,-3.370153019204735756e-03,-9.710870683193206787e-03,4.846802912652492523e-03,3.935882821679115295e-03,-8.289205841720104218e-03,-1.040219794958829880e-03,-1.225291984155774117e-03,9.446040727198123932e-03,6.423473358154296875e-03,-4.396379925310611725e-03,-1.940009533427655697e-03,-7.539426907896995544e-03,1.682274416089057922e-02,3.778171027079224586e-03,-1.739737391471862793e-02,-6.744847632944583893e-03,2.196813561022281647e-02,1.198919676244258881e-02,6.369414739310741425e-03,-1.522011961787939072e-02,4.781090188771486282e-03,-3.827402740716934204e-02,-7.389887236058712006e-03,1.890380308032035828e-02,5.397863220423460007e-03,-9.150427766144275665e-03,-5.665018036961555481e-02,-5.540402606129646301e-03,6.879477947950363159e-02
2.316286973655223846e-02,1.722353138029575348e-02,2.933155000209808350e-02,-3.906954079866409302e-02,2.072329260408878326e-02,4.689632728695869446e-02,1.026775967329740524e-02,8.865591953508555889e-04,1.677988213486969471e-03,-2.199256233870983124e-02,-2.784047834575176239e-02,1.667925901710987091e-02,1.009233202785253525e-02,-2.196959592401981354e-02,4.420187324285507202e-02,-4.251841455698013306e-02,-9.669895283877849579e-03,-1.240291167050600052e-02,-3.479121625423431396e-02,6.529266946017742157e-03,-9.199091233313083649e-03,-3.360489383339881897e-02,-3.510102257132530212e-02,5.737852677702903748e-02,8.265953510999679565e-02,-8.458172902464866638e-03,-4.764331877231597900e-02,-1.718378625810146332e-02,1.578345894813537598e-02,1.152789127081632614e-02,6.534333340823650360e-03,-3.878217563033103943e-02,1.218773983418941498e-02,1.711874641478061676e-02,-5.033146217465400696e-02,-2.145619504153728485e-02,-3.460303647443652153e-03,-3.771919384598731995e-02,1.220004819333553314e-02,2.757591754198074341e-02,-8.841253817081451416e-03,-3.588285297155380249e-02,4.463672172278165817e-03,-1.715038903057575226e-02,-4.744940437376499176e-03,-3.471096605062484741e-02,8.741911733523011208e-04,2.643684111535549164e-02,-1.374008972197771072e-02,2.364072389900684357e-02,1.363687589764595032e-02,-2.276846580207347870e-02,-3.084619762375950813e-03,1.593349850736558437e-03,-5.093668028712272644e-02,-3.867701068520545959e-02,-3.883680701255798340e-02,-2.667503245174884796e-02,-4.647281393408775330e-02,-3.338067606091499329e-02,-2.838370203971862793e-02,-3.435986861586570740e-02,-4.354251548647880554e-02,8.801709860563278198e-03,4.673343151807785034e-02,-2.283709309995174408e-02,2.146095968782901764e-02,1.592945307493209839e-02,8.643470704555511475e-03,2.898500673472881317e-02,-4.905086755752563477e-02,-6.214707717299461365e-02,4.611327126622200012e-02,4.083804041147232056e-02,-7.983632385730743408e-03,2.737088501453399658e-02,-2.555561624467372894e-02,2.241730690002441406e-04,-1.395712979137897491e-02,3.854556754231452942e-02,-4.761537164449691772e-02,-5.157024785876274109e-02,-5.878439638763666153e-03,3.657746687531471252e-02,4.822235554456710815e-02,-3.179797902703285217e-02,-1.530973706394433975e-03,-1.246987958438694477e-03,-6.883262842893600464e-02,-5.924712866544723511e-02,2.407903550192713737e-03,1.798742450773715973e-02,-1.513320673257112503e-02,2.013476751744747162e-02,-1.094440463930368423e-02,1.383049320429563522e-02,2.102997619658708572e-03,1.722165383398532867e-02,-3.039311617612838745e-02,-3.734421683475375175e-03,-1.091541163623332977e-02,6.985365180298686028e-04,-1.236590091139078140e-02,1.129942666739225388e-02,2.530564926564693451e-02,-1.669177040457725525e-02,3.582647815346717834e-02,1.421266235411167145e-02,1.400194317102432251e-02,5.314984824508428574e-03,-4.544474929571151733e-02,-1.690232567489147186e-02,-4.507212899625301361e-03,1.607952988706529140e-03,-1.493929536081850529e-03,-1.045524608343839645e-03,3.906617406755685806e-03,2.861088141798973083e-02,3.038486652076244354e-02,5.545380059629678726e-03,-3.306088969111442566e-02,1.076176855713129044e-02,-4.026897251605987549e-03,3.466176241636276245e-02,-1.660524168983101845e-03,-6.376711279153823853e-02,9.136196458712220192e-04,6.443886458873748779e-02
-2.158880233764648438e-04,2.930692164227366447e-03,-1.596258580684661865e-02,-2.452724613249301910e-02,3.209114074707031250e-02,3.173396736383438110e-02,-2.417596615850925446e-02,-1.774547388777136803e-03,2.933135954663157463e-03,9.654221124947071075e-03,-3.262041136622428894e-02,-5.258719902485609055e-03,9.531535208225250244e-03,2.933195326477289200e-03,-1.125207543373107910e-02,-6.411434151232242584e-03,-2.157314494252204895e-02,1.842170953750610352e-02,2.101767249405384064e-02,1.030652783811092377e-02,4.941601306200027466e-03,-4.112110659480094910e-02,-7.097154855728149414e-03,1.648544892668724060e-02,3.143537789583206177e-02,-3.379778936505317688e-03,1.503759343177080154e-02,-1.129477634094655514e-03,1.718113571405410767e-02,-2.617442281916737556e-03,-1.963812857866287231e-02,-1.495601329952478409e-02,1.003056298941373825e-03,8.660665713250637054e-03,-2.198967337608337402e-02,-2.833373472094535828e-02,1.138269435614347458e-03,-9.553498588502407074e-03,-2.514008060097694397e-02,-2.140254527330398560e-02,-2.118029072880744934e-02,-6.866286974400281906e-03,-2.255441248416900635e-02,-1.626966870389878750e-03,8.946298621594905853e-03,-2.039042301476001740e-02,3.771376097574830055e-03,4.785052966326475143e-03,-1.375436224043369293e-02,-8.658281527459621429e-03,5.107298493385314941e-03,2.180900657549500465e-03,1.914413273334503174e-02,1.350550795905292034e-03,-1.016754470765590668e-02,9.255471639335155487e-03,-4.002221859991550446e-03,1.461385516449809074e-03,-3.322477266192436218e-02,-7.653474342077970505e-03,-2.699431031942367554e-02,-2.904348634183406830e-02,-1.188761554658412933e-02,7.476458325982093811e-03,4.371846094727516174e-02,2.804331481456756592e-03,-1.431642798706889153e-03,1.017866004258394241e-02,1.832699961960315704e-02,1.486629713326692581e-02,-6.475864443928003311e-03,-4.462226852774620056e-02,2.552222833037376404e-02,1.764400117099285126e-02,-2.367226593196392059e-02,2.382706105709075928e-02,5.510150804184377193e-04,1.613864116370677948e-02,7.898373529314994812e-03,2.230789279565215111e-03,-1.328485459089279175e-02,1.312344335019588470e-03,-5.264739971607923508e-03,1.280366559512913227e-03,8.992667309939861298e-03,2.102013910189270973e-03,5.314776208251714706e-03,-2.502049878239631653e-02,-3.759158402681350708e-02,-1.496378891170024872e-02,2.152059786021709442e-02,1.786274276673793793e-02,-3.973334282636642456e-02,-2.027996256947517395e-02,-1.018324960023164749e-02,-2.351403236389160156e-05,-1.469521434046328068e-03,5.667267832905054092e-03,-1.881889626383781433e-02,-1.014305092394351959e-02,-7.231406867504119873e-03,-6.764904130250215530e-03,1.651813089847564697e-02,6.607912480831146240e-03,5.723889917135238647e-03,-2.483321912586688995e-02,4.546699579805135727e-03,-1.803366118110716343e-03,6.698179058730602264e-03,3.659946611151099205e-03,-3.132244944572448730e-02,-1.962927728891372681e-02,-5.189401563256978989e-03,7.939677685499191284e-03,3.132839221507310867e-03,-1.954485289752483368e-02,1.299284212291240692e-02,7.350550498813390732e-03,3.545298939570784569e-03,1.524318289011716843e-02,-2.027742937207221985e-02,-1.215338706970214844e-04,4.841982445213943720e-04,-3.148873103782534599e-03,-1.502385828644037247e-02,-2.793931402266025543e-02,-2.305799163877964020e-02,5.019427090883255005e-02
5.320357158780097961e-02,2.565255761146545410e-02,1.403165906667709351e-01,-1.184799447655677795e-01,5.783860012888908386e-02,7.104956358671188354e-02,1.900971308350563049e-02,-1.936202310025691986e-02,4.044599831104278564e-03,4.077699035406112671e-02,-1.137490049004554749e-01,-2.120185643434524536e-02,5.398514494299888611e-02,-3.450578451156616211e-02,4.621997848153114319e-02,-3.050220943987369537e-02,6.349740177392959595e-02,1.053639575839042664e-01,4.802921041846275330e-02,5.308847129344940186e-02,9.681876399554312229e-04,-3.013817965984344482e-02,-4.305878281593322754e-02,1.036090552806854248e-01,1.852564215660095215e-01,2.387230843305587769e-02,9.421695023775100708e-03,-8.609982579946517944e-02,-2.724348381161689758e-02,3.314371034502983093e-02,-1.636227779090404510e-02,-1.185589805245399475e-01,1.508279424160718918e-02,5.653141997754573822e-03,9.580140002071857452e-03,1.120934635400772095e-01,6.798875331878662109e-02,-9.204810112714767456e-02,2.678822912275791168e-02,7.062642276287078857e-02,6.953564286231994629e-02,-7.197642698884010315e-03,-4.858001321554183960e-02,-4.106100648641586304e-02,1.307484321296215057e-02,-8.743547648191452026e-02,1.731663569808006287e-02,6.243376433849334717e-02,-6.530344486236572266e-02,9.615417569875717163e-02,7.045413553714752197e-02,-4.709029942750930786e-02,-4.063718393445014954e-02,-5.810897797346115112e-02,-2.604729495942592621e-02,-4.117346927523612976e-02,-8.594638854265213013e-02,-2.238230407238006592e-02,-9.374305605888366699e-02,-3.471836913377046585e-03,5.371966958045959473e-02,-5.205790698528289795e-02,-3.393725678324699402e-02,9.566937573254108429e-03,9.188760071992874146e-02,-4.566081240773200989e-02,6.124295666813850403e-02,1.280708424746990204e-02,-3.859009221196174622e-02,2.450002543628215790e-02,3.897289279848337173e-03,-1.810459978878498077e-02,1.709622144699096680e-01,9.419240802526473999e-02,1.232248544692993164e-01,1.086076945066452026e-01,-2.635574340820312500e-02,3.885629773139953613e-02,7.032617926597595215e-02,6.502909213304519653e-02,-7.140200585126876831e-02,5.622889474034309387e-02,3.442574292421340942e-02,-9.195336140692234039e-03,-1.318601705133914948e-02,-6.452469527721405029e-02,-3.036896698176860809e-02,-1.829518191516399384e-02,-5.541949346661567688e-02,-4.761715978384017944e-02,1.451618522405624390e-01,7.939197123050689697e-02,-8.448176831007003784e-02,1.912256330251693726e-02,-4.051968455314636230e-02,1.846285350620746613e-02,4.895165562629699707e-02,8.134032785892486572e-02,4.669153317809104919e-02,-7.511363923549652100e-02,-3.166010230779647827e-02,5.721707642078399658e-02,-5.550969019532203674e-02,3.972009941935539246e-02,-3.643814846873283386e-02,-2.278681611642241478e-03,8.139912039041519165e-02,4.382768645882606506e-02,-1.576638594269752502e-02,6.728684157133102417e-02,-1.388150546699762344e-02,1.083009783178567886e-02,1.638644188642501831e-02,-1.734532602131366730e-02,-4.475720971822738647e-02,2.025458216667175293e-02,3.624504059553146362e-02,4.288345202803611755e-02,-5.546723678708076477e-02,-2.705530263483524323e-02,-9.376848489046096802e-02,6.418888270854949951e-02,3.725588321685791016e-02,4.851331934332847595e-02,8.869862183928489685e-03,-1.393584460020065308e-01,-1.055064331740140915e-02,1.541168093681335449e-01
7.307495176792144775e-02,7.423327118158340454e-02,1.990822404623031616e-01,-1.650246530771255493e-01,1.417808532714843750e-01,1.475878506898880005e-01,4.025288671255111694e-02,-4.254893586039543152e-02,2.397054061293601990e-02,5.415669456124305725e-02,-1.262334585189819336e-01,-1.435666810721158981e-02,2.653669752180576324e-02,-6.918623298406600952e-02,4.428735747933387756e-02,-8.853770792484283447e-02,3.192576020956039429e-02,-5.677936715073883533e-04,-2.944005466997623444e-02,2.645983546972274780e-02,2.371262758970260620e-02,-5.500894039869308472e-02,-1.345050781965255737e-01,1.045208573341369629e-01,1.730287671089172363e-01,-6.181712448596954346e-02,-5.437850952148437500e-02,-6.811473518610000610e-02,-8.075921237468719482e-02,-3.784191329032182693e-03,-3.312912210822105408e-02,-6.174002215266227722e-02,2.647305652499198914e-02,5.418425891548395157e-03,-1.250314265489578247e-01,6.896983832120895386e-02,6.071341037750244141e-02,-1.179998517036437988e-01,2.955772913992404938e-02,1.331354677677154541e-01,8.393110334873199463e-02,3.058015927672386169e-02,-3.528797999024391174e-02,-2.686314983293414116e-03,-7.001322507858276367e-02,-1.218470335006713867e-01,2.770420908927917480e-02,7.152200490236282349e-02,-5.466908589005470276e-02,9.471164643764495850e-02,8.160318434238433838e-02,-7.611528038978576660e-02,-6.807385385036468506e-02,-4.249744117259979248e-02,-1.215847730636596680e-01,-1.728750020265579224e-01,-1.141949370503425598e-01,-4.812751337885856628e-02,-1.825912296772003174e-01,-5.317435786128044128e-02,2.526862546801567078e-02,-7.271628081798553467e-02,6.528890877962112427e-02,5.916777998208999634e-02,1.578269451856613159e-01,-6.277757883071899414e-02,6.117935851216316223e-02,8.292272686958312988e-02,-1.571740210056304932e-02,8.514063060283660889e-02,-3.828566055744886398e-03,-7.298076152801513672e-02,2.574650645256042480e-01,1.715255081653594971e-01,9.903331100940704346e-02,1.402190178632736206e-01,-2.497630007565021515e-02,5.731071159243583679e-02,-3.128689900040626526e-02,-2.032634615898132324e-02,-2.909973822534084320e-02,-2.352348715066909790e-02,2.225302532315254211e-02,6.926444917917251587e-02,8.049720525741577148e-02,-6.326858419924974442e-03,-2.331376448273658752e-02,-7.203391939401626587e-02,-9.060792624950408936e-02,-9.701725840568542480e-02,1.694197058677673340e-01,1.360683739185333252e-01,-5.058395862579345703e-02,2.226175367832183838e-02,1.089285314083099365e-02,-1.438598800450563431e-02,8.227210491895675659e-02,3.215080499649047852e-02,7.496603578329086304e-02,-1.686279922723770142e-01,-1.136959344148635864e-01,5.147493258118629456e-02,-6.130519509315490723e-02,-8.536063134670257568e-02,-1.376175228506326675e-02,-7.684993743896484375e-02,7.471004128456115723e-02,4.355745017528533936e-02,-1.768944552168250084e-03,2.090340107679367065e-02,-4.796689003705978394e-02,-4.209951683878898621e-02,1.426143944263458252e-02,-5.534253641963005066e-02,-2.474205009639263153e-02,2.083857730031013489e-02,-3.392130136489868164e-02,-2.258315868675708771e-02,-3.899511694908142090e-02,-1.814097538590431213e-02,-1.844846308231353760e-01,9.006930142641067505e-02,1.247048899531364441e-01,5.066784843802452087e-02,-5.063737556338310242e-02,-2.084424644708633423e-01,7.986125349998474121e-02,1.750604212284088135e-01
3.987276926636695862e-02,5.880236625671386719e-02,1.487599164247512817e-01,-8.616511523723602295e-02,7.906569540500640869e-02,8.355076611042022705e-02,4.015490412712097168e-02,-7.845150306820869446e-03,-7.727367430925369263e-02,-6.560648325830698013e-03,-1.399110108613967896e-01,-5.529211834073066711e-02,4.627222567796707153e-02,-1.313085854053497314e-01,9.982904046773910522e-02,1.576409116387367249e-02,2.809660695493221283e-02,9.209754317998886108e-02,-3.624126687645912170e-02,3.594859736040234566e-03,-2.888420596718788147e-02,-1.720179617404937744e-01,-9.182095527648925781e-02,1.354786306619644165e-01,2.147934883832931519e-01,4.566458519548177719e-03,-8.320497348904609680e-03,-9.440528228878974915e-03,4.650305584073066711e-02,3.383041918277740479e-02,1.454629097133874893e-02,-8.497048169374465942e-02,6.954140029847621918e-03,2.024418488144874573e-02,6.081368401646614075e-02,1.383150964975357056e-01,2.923751808702945709e-02,-5.137680843472480774e-02,2.941060811281204224e-02,1.071570739150047302e-01,7.553771883249282837e-02,6.307085603475570679e-02,1.107453834265470505e-03,4.527567420154809952e-03,-5.173140391707420349e-02,-1.435654014348983765e-01,9.393388032913208008e-02,1.442411988973617554e-01,-8.625500649213790894e-02,8.354239910840988159e-02,7.987751066684722900e-02,-3.846525773406028748e-02,-3.112263977527618408e-02,-2.858936786651611328e-04,5.526139959692955017e-02,-4.179136827588081360e-02,-1.041267439723014832e-01,-2.208600752055644989e-02,-1.341715306043624878e-01,4.641916137188673019e-03,-2.190914237871766090e-03,-5.249970406293869019e-02,5.894780158996582031e-02,3.813978284597396851e-02,1.489727050065994263e-01,-5.313952267169952393e-02,8.114176243543624878e-02,-1.410170085728168488e-02,-6.325671076774597168e-02,7.356105488725006580e-04,-4.465465992689132690e-02,5.365379154682159424e-03,2.358778417110443115e-01,1.881111711263656616e-01,8.532512933015823364e-02,1.322368830442428589e-01,5.404061637818813324e-03,9.699131548404693604e-02,7.019560784101486206e-02,4.769482091069221497e-02,-1.215555891394615173e-01,5.131388455629348755e-02,2.689860016107559204e-02,-7.507079839706420898e-02,1.617832481861114502e-01,3.701062127947807312e-02,-2.543716691434383392e-02,-2.096423134207725525e-02,-1.177311539649963379e-01,-7.131643593311309814e-02,1.099638342857360840e-01,3.979695588350296021e-02,-1.255834847688674927e-01,2.837331034243106842e-02,-4.789104312658309937e-02,-5.773509852588176727e-03,5.592541769146919250e-02,1.046657934784889221e-02,-3.529384499415755272e-03,-8.659934997558593750e-02,1.845638640224933624e-02,1.252446025609970093e-01,-4.390561953186988831e-02,6.357046775519847870e-03,5.989747121930122375e-03,-3.290242701768875122e-02,3.192650526762008667e-02,-2.329803816974163055e-02,-1.067287847399711609e-02,2.560713887214660645e-02,2.184433676302433014e-02,1.446245610713958740e-01,9.680641442537307739e-02,-2.622485533356666565e-02,-1.802742481231689453e-04,5.953098088502883911e-02,1.241679675877094269e-02,1.156793907284736633e-02,-5.485425144433975220e-02,5.048223584890365601e-02,-1.089930459856987000e-01,1.181414797902107239e-01,1.238137483596801758e-01,2.081218548119068146e-02,1.160614099353551865e-02,-2.020951956510543823e-01,-5.742807313799858093e-02,1.986500322818756104e-01
4.866849258542060852e-02,3.927852213382720947e-02,1.239868551492691040e-01,-1.166071444749832153e-01,5.550158768892288208e-02,1.109215319156646729e-01,4.985201638191938400e-03,-1.815042085945606232e-02,1.475024409592151642e-02,3.651106730103492737e-02,-1.343464553356170654e-01,-3.214859962463378906e-02,4.053322225809097290e-02,-9.040205925703048706e-02,3.863171860575675964e-02,-1.144508719444274902e-01,2.353915758430957794e-02,7.297652214765548706e-02,1.340966075658798218e-01,9.846238791942596436e-02,-1.508398354053497314e-02,-1.125398054718971252e-01,-8.891409635543823242e-02,1.559455692768096924e-01,2.319616377353668213e-01,3.673434257507324219e-02,-9.541578590869903564e-03,-8.207255974411964417e-03,3.779656812548637390e-02,2.993305772542953491e-02,-9.090952575206756592e-02,-1.574349552392959595e-01,4.735054820775985718e-02,-2.745810896158218384e-02,-9.469672106206417084e-03,1.226645037531852722e-01,3.713338822126388550e-02,-5.394604802131652832e-02,5.525010824203491211e-02,5.417187511920928955e-02,2.563430182635784149e-02,-6.659802794456481934e-02,2.086944133043289185e-02,4.040486644953489304e-03,9.414274245500564575e-03,-1.120547428727149963e-01,4.732006788253784180e-02,1.043052077293395996e-01,-7.661169022321701050e-02,4.084444046020507812e-02,5.190560594201087952e-02,-1.084249839186668396e-01,-1.011256575584411621e-01,-4.994845390319824219e-02,-1.953603141009807587e-02,-3.451081365346908569e-02,-9.609229862689971924e-02,-3.817868232727050781e-02,-1.314961612224578857e-01,-4.236446321010589600e-02,-1.944895461201667786e-02,-1.856402680277824402e-02,5.080657824873924255e-02,2.642400562763214111e-02,1.901535689830780029e-01,-1.074689179658889771e-01,8.691281825304031372e-02,8.697383850812911987e-02,5.382457002997398376e-02,7.496176660060882568e-02,-3.548666602000594139e-03,-3.629438951611518860e-02,2.243981659412384033e-01,1.410064548254013062e-01,1.334462314844131470e-01,1.103333309292793274e-01,-1.107439175248146057e-01,5.017178133130073547e-03,1.961526460945606232e-03,4.482758417725563049e-02,-6.106006354093551636e-02,-4.250768572092056274e-03,-5.069182254374027252e-03,2.212592028081417084e-02,1.480481773614883423e-01,1.101552695035934448e-01,1.696236059069633484e-02,-1.272907573729753494e-02,-3.642627224326133728e-02,5.933939665555953979e-02,1.460769474506378174e-01,1.074537262320518494e-01,-6.359862536191940308e-02,2.525566890835762024e-02,-3.901749849319458008e-02,-2.367047965526580811e-02,6.969591975212097168e-02,6.932406872510910034e-02,-1.643178798258304596e-02,-5.402196198701858521e-02,-5.537840072065591812e-03,8.822087198495864868e-02,1.515346765518188477e-02,7.183853536844253540e-02,-1.819457300007343292e-02,-7.879138737916946411e-02,3.819525986909866333e-02,4.701703041791915894e-02,7.488165795803070068e-02,5.250306427478790283e-02,-1.818846538662910461e-02,6.150031834840774536e-02,-2.927741734310984612e-03,1.414684299379587173e-02,-1.376800984144210815e-02,1.028024591505527496e-02,2.082079462707042694e-02,4.737350717186927795e-02,-1.961343176662921906e-02,3.347409144043922424e-02,-1.069848164916038513e-01,7.055680453777313232e-02,7.696403563022613525e-02,5.804022029042243958e-02,1.541361026465892792e-02,-1.410871446132659912e-01,3.656094893813133240e-02,2.189546972513198853e-01
3.719347342848777771e-02,1.055119484663009644e-01,1.831757128238677979e-01,-1.359652429819107056e-01,1.832686215639114380e-01,1.451426297426223755e-01,3.284386917948722839e-02,-4.780891165137290955e-02,-6.234030798077583313e-02,2.213598974049091339e-02,-1.150395795702934265e-01,1.950112287886440754e-03,4.804306849837303162e-02,-7.017033547163009644e-02,9.054511040449142456e-02,-5.007372424006462097e-02,-7.443021982908248901e-03,3.235205635428428650e-02,4.871680587530136108e-02,1.244985163211822510e-01,5.208158865571022034e-02,-3.883401677012443542e-02,-8.634491264820098877e-02,1.454684436321258545e-01,1.762693226337432861e-01,-7.407648023217916489e-03,-2.033659443259239197e-02,-4.604415968060493469e-02,2.273894473910331726e-02,1.946542970836162567e-02,2.583602070808410645e-02,-1.161421090364456177e-01,2.214320003986358643e-02,6.320242770016193390e-03,-8.789345622062683105e-02,4.887354746460914612e-02,3.776651620864868164e-02,-7.965120673179626465e-02,1.153009571135044098e-02,8.212528377771377563e-02,6.774976849555969238e-03,-5.376763641834259033e-03,-5.894186347723007202e-02,-8.586016483604907990e-03,-2.457749284803867340e-02,-1.182478219270706177e-01,6.852565705776214600e-02,1.000520437955856323e-01,-6.024714186787605286e-02,7.234716415405273438e-02,6.674665212631225586e-02,-9.075789898633956909e-02,-6.016476079821586609e-02,-4.619074240326881409e-02,-1.134788990020751953e-01,-1.249547973275184631e-01,-9.996601939201354980e-02,-6.852275133132934570e-02,-1.815441250801086426e-01,-2.111034654080867767e-02,4.161777347326278687e-02,-3.463348746299743652e-02,2.714339457452297211e-02,4.352059215307235718e-02,1.597552895545959473e-01,-4.228759557008743286e-02,7.249335199594497681e-02,8.232352137565612793e-02,8.670106530189514160e-02,7.014969736337661743e-02,-9.102955460548400879e-03,-8.550379425287246704e-02,1.975940167903900146e-01,8.913075923919677734e-02,1.535370796918869019e-01,1.295917183160781860e-01,-9.670606255531311035e-02,8.945363759994506836e-02,2.882313728332519531e-02,3.185850381851196289e-02,-6.670885533094406128e-02,-4.811237752437591553e-02,1.306667923927307129e-02,1.795280724763870239e-02,1.248182877898216248e-01,-4.511949792504310608e-02,6.332098273560404778e-04,-4.870375152677297592e-03,-7.782742381095886230e-02,-9.710896015167236328e-02,9.816054999828338623e-02,5.481771007180213928e-02,-1.325752735137939453e-01,-2.804093062877655029e-03,-5.009130015969276428e-02,2.995779737830162048e-03,5.930973216891288757e-02,6.005341559648513794e-02,6.601003557443618774e-02,-7.355387508869171143e-02,-4.334012418985366821e-02,7.441116124391555786e-02,-3.097279183566570282e-02,-2.090381830930709839e-02,1.877456344664096832e-02,-1.198976393789052963e-02,9.977080672979354858e-02,6.555356830358505249e-02,2.363723888993263245e-02,4.725075513124465942e-02,-3.913426026701927185e-02,5.239662528038024902e-02,3.608333691954612732e-02,1.183755416423082352e-02,2.933910815045237541e-03,7.031606882810592651e-02,2.874955534934997559e-02,3.124742023646831512e-02,-8.257044106721878052e-02,4.806391894817352295e-03,-1.376273930072784424e-01,8.715768158435821533e-02,8.837128430604934692e-02,1.429242920130491257e-02,-3.359116986393928528e-02,-1.434963643550872803e-01,2.587222727015614510e-03,1.927727162837982178e-01
-4.028805065900087357e-03,-1.926628174260258675e-03,3.961092606186866760e-02,-4.468065500259399414e-02,-2.333070151507854462e-03,1.606031134724617004e-02,-5.301097407937049866e-03,4.885157570242881775e-03,1.072976458817720413e-02,-1.371583528816699982e-02,-2.861591428518295288e-02,-1.475253794342279434e-02,-2.210404723882675171e-03,-6.826800759881734848e-03,2.191192470490932465e-02,-2.949129976332187653e-02,-5.583287682384252548e-03,1.911645382642745972e-02,2.819083165377378464e-03,1.210463419556617737e-02,-8.788597770035266876e-03,-1.585907861590385437e-02,-3.336331620812416077e-02,3.839868679642677307e-02,5.250463634729385376e-02,-2.069053007289767265e-03,-4.402696213219314814e-04,-2.499822340905666351e-02,1.041142176836729050e-02,-6.446837214753031731e-04,-4.118084034416824579e-04,-4.367098957300186157e-02,2.581202890723943710e-03,-1.305553596466779709e-02,1.586376107297837734e-03,2.568868733942508698e-02,2.286967821419239044e-02,-3.585791215300559998e-02,1.436426676809787750e-02,2.864503674209117889e-02,-3.534361254423856735e-03,-3.068198682740330696e-03,-7.156904321163892746e-03,1.054718624800443649e-02,7.647215388715267181e-03,-3.523493558168411255e-02,1.612627692520618439e-02,2.720724232494831085e-02,-1.000409666448831558e-02,1.597006246447563171e-02,1.516797952353954315e-02,-3.935437276959419250e-02,-1.491254009306430817e-02,-1.409863401204347610e-02,-4.350724164396524429e-03,-2.857973240315914154e-02,-2.510732039809226990e-02,-1.503404788672924042e-02,-4.190599545836448669e-02,-2.570295473560690880e-03,1.903442083857953548e-03,-8.776259608566761017e-03,7.495202589780092239e-03,7.743650116026401520e-03,5.030105262994766235e-02,-2.002010308206081390e-02,2.142613753676414490e-02,9.352500550448894501e-03,-2.132591092959046364e-03,-4.060514271259307861e-03,-3.827582579106092453e-03,-6.822777446359395981e-03,5.149400234222412109e-02,3.233223035931587219e-02,3.404248878359794617e-02,3.844492882490158081e-02,-8.825251832604408264e-03,4.690314643085002899e-03,-1.454149279743432999e-02,-3.370927646756172180e-03,-1.514673419296741486e-02,1.536730863153934479e-02,1.977993361651897430e-02,-1.499413163401186466e-03,4.106442630290985107e-02,-1.964625902473926544e-03,-1.815274357795715332e-02,-1.103707961738109589e-02,-1.922587864100933075e-02,-4.866114351898431778e-03,2.211796864867210388e-02,5.624025594443082809e-03,-1.997839473187923431e-02,2.775691449642181396e-03,-8.399198763072490692e-03,-8.159872959367930889e-04,1.843344606459140778e-02,3.284604474902153015e-02,-5.402392707765102386e-03,-3.751881793141365051e-02,-8.895965293049812317e-03,1.726178452372550964e-02,-8.180762641131877899e-03,1.193743757903575897e-02,-9.894286282360553741e-03,-1.029356662184000015e-02,1.990552619099617004e-02,7.439207285642623901e-03,-6.008998956531286240e-03,-2.599233062937855721e-03,-1.754857599735260010e-02,-2.942046849057078362e-03,-1.976482756435871124e-02,-1.054346095770597458e-03,-6.231584586203098297e-03,1.717866212129592896e-02,-1.327260863035917282e-02,1.876441412605345249e-03,-1.108430977910757065e-02,3.790002549067139626e-03,-3.349618241190910339e-02,4.040635656565427780e-03,1.282460615038871765e-02,7.487633731216192245e-03,-4.031457006931304932e-03,-4.959153011441230774e-02,-1.528713013976812363e-02,7.572244852781295776e-02
4.723892360925674438e-02,6.230148300528526306e-02,1.697811335325241089e-01,-1.813102811574935913e-01,3.735501691699028015e-02,1.249772906303405762e-01,-1.652534119784832001e-02,-1.914010755717754364e-02,-2.274502068758010864e-02,3.412116691470146179e-02,-1.614980101585388184e-01,-4.668567329645156860e-02,2.109971130266785622e-03,-5.042884498834609985e-02,7.992810755968093872e-02,-8.955816179513931274e-02,-7.856027223169803619e-03,1.972288265824317932e-02,1.079329475760459900e-02,7.370832562446594238e-02,5.316101014614105225e-02,-3.403935953974723816e-02,-9.612567722797393799e-02,1.621862053871154785e-01,2.012789845466613770e-01,-2.754110656678676605e-02,5.233728140592575073e-02,4.205185920000076294e-02,6.923158466815948486e-02,6.658779829740524292e-02,-1.264185737818479538e-02,-1.325171440839767456e-01,4.382326081395149231e-02,-6.451329588890075684e-02,-9.957668185234069824e-02,8.646763116121292114e-02,5.218751728534698486e-02,-6.211352720856666565e-02,-6.003455724567174911e-03,5.124447494745254517e-02,5.015764757990837097e-02,4.823309183120727539e-02,1.584194600582122803e-02,5.145861301571130753e-03,-4.220131784677505493e-02,-1.332511752843856812e-01,6.932444870471954346e-02,8.228690177202224731e-02,3.533333912491798401e-02,4.596674814820289612e-02,9.856780618429183960e-02,-4.427064210176467896e-02,-9.398598968982696533e-02,-2.070833928883075714e-02,-7.736746966838836670e-02,-8.842566609382629395e-02,-9.573821723461151123e-02,-4.790218546986579895e-02,-1.813604831695556641e-01,2.653136849403381348e-02,4.985126852989196777e-02,5.746121983975172043e-03,5.857727304100990295e-02,3.105654194951057434e-02,1.616894453763961792e-01,-1.202937513589859009e-01,5.818385630846023560e-02,9.040323644876480103e-02,2.909526973962783813e-02,9.206698834896087646e-02,3.338853269815444946e-02,-4.299687594175338745e-02,2.199746519327163696e-01,1.071406602859497070e-01,1.544506251811981201e-01,1.740468144416809082e-01,-7.154372055083513260e-03,1.008340790867805481e-01,-2.322535775601863861e-02,-3.144746646285057068e-02,-4.374300315976142883e-02,-2.001253329217433929e-02,-7.293124217540025711e-03,-4.765443969517946243e-03,1.188400238752365112e-01,-5.718705244362354279e-03,-2.223887667059898376e-02,-2.356292307376861572e-02,-7.840256392955780029e-02,-4.270660132169723511e-02,1.430761963129043579e-01,1.155201494693756104e-01,-7.345116883516311646e-02,5.224933847784996033e-02,3.362683206796646118e-02,3.006538376212120056e-03,4.687590152025222778e-02,2.522758394479751587e-02,4.706814885139465332e-02,-9.408742934465408325e-02,-5.623034387826919556e-02,1.021480709314346313e-01,2.688311971724033356e-03,2.329163439571857452e-02,-1.819010451436042786e-02,-5.642403662204742432e-02,7.197739928960800171e-02,4.155913367867469788e-02,5.636512301862239838e-03,6.027084216475486755e-02,-7.096877694129943848e-02,-1.087363343685865402e-02,2.657198905944824219e-02,-6.835919804871082306e-03,-7.497293502092361450e-02,-2.395600266754627228e-02,3.077896125614643097e-02,4.193726554512977600e-02,-6.834279000759124756e-02,5.776148661971092224e-02,-1.615474671125411987e-01,5.110578611493110657e-02,1.475833654403686523e-01,5.153434351086616516e-02,-4.976497218012809753e-02,-1.677207052707672119e-01,-2.012582682073116302e-02,1.919101029634475708e-01
