5.384934693574905396e-02,4.626425355672836304e-02,1.559384763240814209e-01,-1.453605592250823975e-01,7.140036672353744507e-02,1.311427205801010132e-01,4.261241853237152100e-02,-4.194204695522785187e-03,8.066517859697341919e-02,1.159809157252311707e-01,-1.221212297677993774e-01,-3.527535498142242432e-02,4.226548969745635986e-02,-9.786117821931838989e-02,2.696205861866474152e-02,-8.395656198263168335e-02,4.045259207487106323e-02,3.527485206723213196e-02,9.923121333122253418e-02,9.382321685552597046e-02,5.190952867269515991e-02,-7.299950718879699707e-02,-4.994307085871696472e-02,2.328438013792037964e-01,2.412676364183425903e-01,1.273986045271158218e-02,4.438051208853721619e-02,4.590839520096778870e-02,7.326828315854072571e-03,-1.282892562448978424e-02,-1.187830464914441109e-03,-1.283909976482391357e-01,1.948131062090396881e-02,-1.022855639457702637e-01,-5.192088708281517029e-02,1.409562975168228149e-01,1.052599325776100159e-01,-7.115848362445831299e-02,3.113736398518085480e-03,9.573443979024887085e-02,9.215191751718521118e-02,-1.426275074481964111e-02,2.765918336808681488e-02,3.710752725601196289e-02,-1.212794706225395203e-01,-1.356103122234344482e-01,5.044573545455932617e-02,3.791802003979682922e-02,-3.752601100131869316e-03,6.146035715937614441e-02,1.145641505718231201e-01,-5.904895439743995667e-02,-1.198827698826789856e-01,-5.702527239918708801e-02,-8.995060622692108154e-02,-1.628757268190383911e-01,-1.148458421230316162e-01,-3.952775895595550537e-02,-1.320696622133255005e-01,2.785882353782653809e-02,3.967278450727462769e-02,1.916290074586868286e-02,-2.847871975973248482e-03,8.556454442441463470e-03,1.845111697912216187e-01,-9.209985285997390747e-02,6.921459734439849854e-02,1.010323017835617065e-01,5.248900502920150757e-02,1.413016766309738159e-01,3.974098712205886841e-02,-5.341203883290290833e-02,2.384889721870422363e-01,1.938416361808776855e-01,1.733328849077224731e-01,1.577228009700775146e-01,-4.219113907311111689e-04,6.881373375654220581e-02,-3.909114375710487366e-02,-2.308682538568973541e-02,1.900688372552394867e-02,7.074743974953889847e-03,1.472059730440378189e-02,-2.496539801359176636e-02,1.882482506334781647e-02,1.970590278506278992e-02,5.001085344702005386e-03,6.670555472373962402e-02,-4.244633391499519348e-02,-5.777227133512496948e-02,1.240085065364837646e-01,5.085933580994606018e-02,-9.408128261566162109e-02,4.947770386934280396e-02,5.140510946512222290e-02,-2.497174590826034546e-02,6.593520194292068481e-02,-7.309305947273969650e-03,-1.108705415390431881e-03,-9.068445116281509399e-02,-7.823189347982406616e-02,9.704474359750747681e-02,-4.264506977051496506e-03,-6.015299004502594471e-04,6.550095975399017334e-02,-4.945311322808265686e-02,6.284772604703903198e-02,6.570419669151306152e-02,5.474036559462547302e-02,2.209824882447719574e-02,-5.711872130632400513e-02,-1.528063602745532990e-02,-3.941292688250541687e-02,-1.998362131416797638e-03,6.240307120606303215e-04,5.870090797543525696e-02,3.245232626795768738e-02,4.180085659027099609e-02,-4.920433461666107178e-02,4.478885978460311890e-02,-1.822109073400497437e-01,2.935096621513366699e-02,9.733092784881591797e-02,1.008976902812719345e-02,-9.514199197292327881e-02,-1.934114396572113037e-01,-1.022601220756769180e-02,1.843041777610778809e-01
1.808845251798629761e-02,1.907617598772048950e-02,1.080241724848747253e-01,-1.007877439260482788e-01,9.670358151197433472e-02,1.365943104028701782e-01,3.500434383749961853e-02,-8.648715913295745850e-03,8.882030844688415527e-02,9.909732639789581299e-02,-9.586548805236816406e-02,-2.234155498445034027e-02,2.761376649141311646e-02,-6.896986812353134155e-02,1.246793009340763092e-02,-5.431667715311050415e-02,6.880338490009307861e-02,8.003700524568557739e-02,1.078262999653816223e-01,5.714011192321777344e-02,2.105505764484405518e-02,-5.552231892943382263e-02,-8.896287763491272926e-04,2.047792077064514160e-01,1.911922544240951538e-01,8.662638138048350811e-04,5.817322060465812683e-02,7.377021759748458862e-02,3.607438504695892334e-02,-1.800741627812385559e-02,-8.792977780103683472e-03,-1.440856307744979858e-01,6.043479312211275101e-03,-1.053063273429870605e-01,-4.555630683898925781e-02,1.318598240613937378e-01,8.378690481185913086e-02,-1.080188900232315063e-01,-1.051726751029491425e-02,8.303074538707733154e-02,1.073561087250709534e-01,-2.589489892125129700e-02,4.806739091873168945e-02,2.101427689194679260e-02,-1.423843204975128174e-01,-1.346407979726791382e-01,6.904917210340499878e-02,4.275732114911079407e-02,1.505606714636087418e-02,3.124387748539447784e-02,6.501197069883346558e-02,-9.276067465543746948e-02,-1.161630973219871521e-01,-2.866992913186550140e-02,-6.373094022274017334e-02,-1.621548980474472046e-01,-1.123449206352233887e-01,-6.611272692680358887e-02,-1.230316311120986938e-01,-3.754239762201905251e-03,-1.709988713264465332e-02,-1.911970041692256927e-02,2.008673502132296562e-03,4.248057678341865540e-02,2.156513333320617676e-01,-6.186308339238166809e-02,8.244594931602478027e-02,1.012398526072502136e-01,2.456933073699474335e-02,1.343915164470672607e-01,3.565349057316780090e-02,-6.033705919981002808e-02,2.343009859323501587e-01,1.785474568605422974e-01,1.828127056360244751e-01,1.231895759701728821e-01,-1.637121662497520447e-02,6.488335132598876953e-02,-4.823404550552368164e-02,7.339553907513618469e-03,5.856601893901824951e-02,1.709422655403614044e-02,5.210345983505249023e-02,-2.425307780504226685e-02,5.772688239812850952e-02,4.060219600796699524e-02,1.827730610966682434e-02,5.921605974435806274e-02,-4.153777286410331726e-02,-6.350784748792648315e-02,1.139632463455200195e-01,1.762827299535274506e-02,-7.846437394618988037e-02,2.701786532998085022e-02,6.432222574949264526e-02,9.070176631212234497e-03,7.813278585672378540e-02,-3.806751221418380737e-03,-8.402029983699321747e-03,-9.740646183490753174e-02,-4.355358332395553589e-02,1.021722182631492615e-01,4.447087645530700684e-02,-4.483392089605331421e-02,5.990202724933624268e-02,-1.297159586101770401e-02,5.105792731046676636e-02,3.576138615608215332e-02,3.139553964138031006e-02,-1.690938696265220642e-02,-1.388582587242126465e-02,4.026390612125396729e-03,-1.225916668772697449e-02,4.250600934028625488e-02,1.079177577048540115e-02,5.863996595144271851e-02,2.628826536238193512e-03,7.830855902284383774e-04,-4.651429504156112671e-02,7.863551378250122070e-02,-1.341943144798278809e-01,2.032599039375782013e-02,1.300394982099533081e-01,2.951553789898753166e-03,-7.991389930248260498e-02,-1.550326347351074219e-01,6.231226958334445953e-03,2.045874744653701782e-01
1.438282895833253860e-02,3.139881789684295654e-02,1.477281302213668823e-01,-8.634461462497711182e-02,7.365722954273223877e-02,9.113340079784393311e-02,4.612998664379119873e-02,9.309796616435050964e-03,9.472326189279556274e-02,-7.173763960599899292e-02,-1.363396793603897095e-01,4.976588767021894455e-03,5.428081005811691284e-02,-1.386779546737670898e-01,4.986756294965744019e-02,-1.800074242055416107e-02,-7.534322794526815414e-04,1.021449416875839233e-01,6.884185224771499634e-02,5.310723558068275452e-03,2.604410983622074127e-02,-6.536626815795898438e-02,-1.417823582887649536e-01,1.269216090440750122e-01,1.939830929040908813e-01,-2.767046540975570679e-02,4.095648974180221558e-02,2.768130786716938019e-02,7.300427556037902832e-02,-3.785799443721771240e-02,-1.703022979199886322e-02,-8.679316937923431396e-02,2.061778120696544647e-02,-5.618304014205932617e-03,1.513284817337989807e-02,8.340999484062194824e-02,2.111610257998108864e-03,-6.519616395235061646e-02,-4.743206128478050232e-02,1.170944720506668091e-01,4.399220645427703857e-02,-2.552980324253439903e-03,5.815070122480392456e-02,2.518543973565101624e-02,-1.900857239961624146e-01,-1.247471049427986145e-01,4.543053731322288513e-02,5.950151756405830383e-02,-6.741331890225410461e-03,-4.388922825455665588e-02,-2.893670834600925446e-02,-1.226880028843879700e-01,-3.603524342179298401e-02,-1.868316531181335449e-02,-4.182599484920501709e-02,-3.128329664468765259e-02,-1.244633272290229797e-01,-1.852362975478172302e-02,-6.321536749601364136e-02,-5.421383678913116455e-02,-8.479283004999160767e-02,-1.002412103116512299e-02,1.038802787661552429e-01,1.123827844858169556e-01,2.360580563545227051e-01,-2.386331371963024139e-02,1.531183160841464996e-02,4.518561810255050659e-02,7.506824098527431488e-03,2.858402021229267120e-02,-6.264051795005798340e-02,-2.690988220274448395e-02,2.685906291007995605e-01,1.645173430442810059e-01,-1.411636173725128174e-02,9.977213293313980103e-02,4.530933871865272522e-02,5.557374656200408936e-02,-1.291942596435546875e-01,9.280652739107608795e-03,-4.632766172289848328e-02,9.405431151390075684e-02,8.993097394704818726e-02,6.139064580202102661e-02,1.802460551261901855e-01,1.256444156169891357e-01,1.315410435199737549e-02,3.152972832322120667e-02,-5.818206816911697388e-02,-6.480832397937774658e-02,6.227200105786323547e-02,3.272559493780136108e-02,-5.083382874727249146e-02,2.268330380320549011e-02,-2.100280672311782837e-02,1.922605745494365692e-02,1.073067858815193176e-01,4.227741807699203491e-02,8.192209899425506592e-02,-6.502107530832290649e-02,3.192275390028953552e-02,1.203580051660537720e-01,1.881710998713970184e-02,-8.146846294403076172e-02,-5.994277074933052063e-03,-1.160000115633010864e-01,1.798060350120067596e-02,5.224208906292915344e-02,2.272673323750495911e-02,-5.434772744774818420e-02,4.985064640641212463e-02,9.660240262746810913e-02,5.391677096486091614e-02,-2.980639226734638214e-02,-2.502197632566094398e-03,6.847731024026870728e-02,-4.683436080813407898e-02,-7.946620695292949677e-03,-2.026390656828880310e-02,7.771716266870498657e-02,-1.791928261518478394e-01,5.566659197211265564e-02,1.112785860896110535e-01,2.247455529868602753e-02,-6.665488332509994507e-02,-2.063557654619216919e-01,3.315999731421470642e-02,1.956633329391479492e-01
-1.446301024407148361e-02,-2.812662348151206970e-02,8.497461676597595215e-02,-5.153286084532737732e-02,6.976704299449920654e-02,1.406092047691345215e-01,4.833171516656875610e-02,1.345049589872360229e-02,1.192215010523796082e-01,1.096545159816741943e-01,-8.319275826215744019e-02,1.295195985585451126e-02,5.542942136526107788e-02,-7.036389410495758057e-02,3.130964189767837524e-02,-5.752297863364219666e-02,7.772756367921829224e-02,9.653984010219573975e-02,1.186785101890563965e-01,1.274834275245666504e-01,5.487214028835296631e-02,-4.076240956783294678e-02,-4.325749818235635757e-03,1.561598628759384155e-01,1.914313286542892456e-01,1.783083565533161163e-02,5.075995996594429016e-02,-1.811538450419902802e-02,8.640162646770477295e-03,-1.879548095166683197e-02,-2.152336761355400085e-02,-1.002301350235939026e-01,2.806078270077705383e-02,-1.187513768672943115e-01,-4.866231232881546021e-02,1.148686781525611877e-01,8.509299904108047485e-02,-8.796823769807815552e-02,-3.413622453808784485e-02,8.099194616079330444e-02,9.592299908399581909e-02,-2.301733195781707764e-02,-1.812279224395751953e-04,-2.005633898079395294e-03,-1.680013090372085571e-01,-1.627054810523986816e-01,7.907681167125701904e-02,4.821037873625755310e-02,-1.170545117929577827e-03,1.550815068185329437e-02,8.485703915357589722e-02,-1.008693203330039978e-01,-9.024719893932342529e-02,-2.383287250995635986e-02,-5.126186832785606384e-02,-1.459488421678543091e-01,-1.055486574769020081e-01,-7.988648116588592529e-02,-1.235005855560302734e-01,-2.225761301815509796e-02,5.602360237389802933e-03,2.933238446712493896e-02,-6.809515878558158875e-03,5.990609154105186462e-02,2.085891664028167725e-01,-3.174087405204772949e-02,8.549275249242782593e-02,1.015490293502807617e-01,1.055734790861606598e-02,1.745497286319732666e-01,4.134563729166984558e-02,-4.138916730880737305e-02,2.310499697923660278e-01,1.739000529050827026e-01,1.377501636743545532e-01,1.041618138551712036e-01,2.323375828564167023e-02,7.820802181959152222e-02,-6.630501151084899902e-02,3.626975044608116150e-02,7.307468354701995850e-02,-1.193150691688060760e-02,2.508277073502540588e-03,-1.734571345150470734e-02,3.187145665287971497e-02,1.389586646109819412e-02,2.608017437160015106e-02,5.102540552616119385e-02,-1.721221022307872772e-02,-3.677428141236305237e-02,1.414700299501419067e-01,2.127823792397975922e-02,-1.673795096576213837e-02,1.270249579101800919e-02,4.968404769897460938e-02,2.371045388281345367e-02,5.649091675877571106e-02,2.481740154325962067e-02,1.745758764445781708e-02,-1.008719056844711304e-01,-1.273035630583763123e-02,6.498035788536071777e-02,-5.169472843408584595e-02,-2.678051404654979706e-02,7.148357480764389038e-02,-2.409393666312098503e-03,4.058672115206718445e-02,2.589594200253486633e-02,4.274321720004081726e-02,-1.145595870912075043e-02,-5.619475990533828735e-02,-4.918118007481098175e-03,-2.268300577998161316e-02,7.424257695674896240e-02,-1.120924367569386959e-03,3.412113338708877563e-02,5.747641902416944504e-03,7.432293612509965897e-03,-8.780414611101150513e-02,9.222313016653060913e-02,-1.077935695648193359e-01,5.474835634231567383e-02,1.257068067789077759e-01,-2.232935279607772827e-03,-7.399944961071014404e-02,-1.257153898477554321e-01,7.003311533480882645e-03,1.840818822383880615e-01
-8.190388791263103485e-03,-2.205073833465576172e-04,1.287801265716552734e-01,-1.341988295316696167e-01,6.277698278427124023e-02,1.387712657451629639e-01,-2.295591123402118683e-02,-1.771023310720920563e-02,5.464076623320579529e-02,2.075975760817527771e-02,-1.586449295282363892e-01,-1.401934400200843811e-02,1.971752010285854340e-02,3.545737266540527344e-02,1.701729930937290192e-02,-4.780070856213569641e-02,4.968880489468574524e-02,4.029340669512748718e-02,5.907360091805458069e-02,8.043676614761352539e-02,6.502380967140197754e-02,2.590288221836090088e-02,-1.220754534006118774e-01,1.524646878242492676e-01,2.011133134365081787e-01,-4.598810151219367981e-02,-1.428626105189323425e-02,-6.225505098700523376e-02,1.135938148945569992e-02,-4.673286527395248413e-02,-4.814374446868896484e-02,-5.431590974330902100e-02,-2.795748412609100342e-03,-1.266084462404251099e-01,-4.454098641872406006e-02,9.432718902826309204e-02,4.285649955272674561e-02,-5.971761792898178101e-02,-1.900315657258033752e-02,8.893544971942901611e-02,5.291577428579330444e-02,2.173185907304286957e-02,-4.102188348770141602e-02,-5.557984113693237305e-02,-1.706481277942657471e-01,-1.151036396622657776e-01,7.574144005775451660e-02,6.978489458560943604e-02,-9.030993678607046604e-04,3.803237900137901306e-02,1.454383730888366699e-01,-1.933658309280872345e-02,-1.032892391085624695e-01,-1.786286197602748871e-02,-3.106833435595035553e-02,-5.108236148953437805e-02,-6.601098179817199707e-02,-4.023732244968414307e-02,-1.409803032875061035e-01,-1.352561358362436295e-02,3.157176822423934937e-02,1.177873276174068451e-02,4.220616817474365234e-02,5.353735387325286865e-02,2.173711806535720825e-01,-8.915647864341735840e-02,4.156526178121566772e-02,1.452346742153167725e-01,9.881378710269927979e-02,1.185920163989067078e-01,1.022207830101251602e-02,-3.472591191530227661e-02,1.984764933586120605e-01,1.115952581167221069e-01,3.893867135047912598e-02,1.785299181938171387e-01,2.215359359979629517e-02,1.036769971251487732e-01,-4.101349413394927979e-02,3.397078067064285278e-02,-4.629399627447128296e-02,-1.698652282357215881e-02,-2.666183747351169586e-02,-1.707221008837223053e-02,1.002558227628469467e-02,3.851304762065410614e-03,1.159073505550622940e-02,4.707748815417289734e-02,-1.632738858461380005e-02,-9.454566240310668945e-02,1.216714307665824890e-01,5.990140512585639954e-02,-1.155436784029006958e-01,5.582580342888832092e-02,3.031927533447742462e-02,-1.273631118237972260e-03,6.764151901006698608e-02,8.771950751543045044e-02,1.170204579830169678e-01,-1.050183847546577454e-01,-3.193615004420280457e-02,9.407977014780044556e-02,-3.559619560837745667e-02,3.818254452198743820e-03,3.633284196257591248e-02,-7.218594849109649658e-02,7.845545560121536255e-02,7.108572125434875488e-02,3.935963660478591919e-02,1.681789010763168335e-02,-3.844278678297996521e-02,4.276903718709945679e-02,6.201814487576484680e-02,2.016673050820827484e-02,-5.383571237325668335e-02,3.169094398617744446e-02,-2.227928489446640015e-03,4.413037002086639404e-02,-4.273881763219833374e-02,4.972748085856437683e-02,-1.490110754966735840e-01,5.523248761892318726e-02,1.078125163912773132e-01,4.218002036213874817e-02,-4.628468677401542664e-02,-1.272757053375244141e-01,-3.794754296541213989e-02,1.706781983375549316e-01
-2.495601959526538849e-02,-7.914824411273002625e-03,1.266265362501144409e-01,-1.448875367641448975e-01,4.831414669752120972e-02,7.605353742837905884e-02,5.980424210429191589e-02,4.969713091850280762e-02,5.231281369924545288e-02,3.592324629426002502e-02,-7.075639814138412476e-02,1.659336127340793610e-02,5.241952463984489441e-02,-5.114945024251937866e-02,-4.689757898449897766e-02,-8.731295168399810791e-02,3.811692818999290466e-02,9.477722644805908203e-02,7.467652857303619385e-02,1.110368594527244568e-01,7.593125849962234497e-02,8.207016624510288239e-03,-1.256623715162277222e-01,1.553544253110885620e-01,2.193627655506134033e-01,-1.088565587997436523e-01,1.430363021790981293e-02,1.034929044544696808e-02,-4.707688465714454651e-03,-7.481396943330764771e-02,-4.549096897244453430e-02,-5.512603372335433960e-02,-3.883222816511988640e-03,-2.024686522781848907e-02,6.081793084740638733e-02,1.237996071577072144e-01,3.725627064704895020e-02,-3.672413155436515808e-02,-4.725262895226478577e-02,1.100875586271286011e-01,5.425965785980224609e-02,6.938187032938003540e-02,1.857811771333217621e-02,-6.196711212396621704e-02,-1.737576574087142944e-01,-1.329592317342758179e-01,5.028595030307769775e-02,8.173616230487823486e-02,-7.175074517726898193e-02,6.359123438596725464e-02,7.433035969734191895e-02,-5.758303776383399963e-02,-5.146600306034088135e-02,-3.987595066428184509e-02,-3.666660562157630920e-02,-4.168688505887985229e-02,-4.503069072961807251e-02,-2.801826223731040955e-02,-1.284432560205459595e-01,3.102649934589862823e-03,2.385419793426990509e-02,-1.817070879042148590e-02,7.075716555118560791e-02,3.372143581509590149e-02,1.582176536321640015e-01,-7.146774232387542725e-02,6.454437971115112305e-02,7.593466341495513916e-02,3.400099277496337891e-02,5.332214385271072388e-02,-2.614283561706542969e-02,-4.400317743420600891e-02,2.141553312540054321e-01,1.348681151866912842e-01,6.265762448310852051e-02,1.580813974142074585e-01,4.177699610590934753e-02,7.690421491861343384e-02,1.777890697121620178e-02,1.096246391534805298e-02,-1.151478812098503113e-01,1.781078428030014038e-02,9.797735139727592468e-03,2.696738950908184052e-02,2.885240688920021057e-02,9.244564920663833618e-02,2.171526476740837097e-02,3.811208158731460571e-02,-1.367656514048576355e-02,-9.147384017705917358e-02,1.653810590505599976e-01,1.134737282991409302e-01,-7.302953302860260010e-02,-1.277576852589845657e-02,-5.185828730463981628e-02,-4.898776765912771225e-03,5.347649380564689636e-02,5.885116010904312134e-02,1.234572008252143860e-01,-1.576084643602371216e-01,-4.715345799922943115e-02,8.923544734716415405e-02,4.088855814188718796e-03,4.129107668995857239e-02,-3.986348956823348999e-02,-5.898397415876388550e-02,6.466091424226760864e-02,4.603324458003044128e-02,5.758579820394515991e-02,5.562455207109451294e-02,1.998414471745491028e-02,9.466770291328430176e-02,8.371336013078689575e-02,-2.856254577636718750e-04,-1.639424636960029602e-02,2.089050039649009705e-02,3.749382123351097107e-02,3.384848684072494507e-02,1.393168233335018158e-03,5.168768018484115601e-02,-1.502387970685958862e-01,5.820675194263458252e-02,7.945570349693298340e-02,2.684555761516094208e-02,-2.172198146581649780e-03,-1.312391012907028198e-01,-1.738980971276760101e-02,1.872560679912567139e-01
2.402424067258834839e-02,8.660461008548736572e-02,1.541896611452102661e-01,-1.420436650514602661e-01,5.649807304143905640e-02,1.333404928445816040e-01,9.377412497997283936e-03,-8.149085566401481628e-03,-4.189855605363845825e-02,6.471573142334818840e-04,-1.963563561439514160e-01,-3.607801347970962524e-02,-2.141309157013893127e-02,2.596217766404151917e-02,4.831663332879543304e-03,-5.177789553999900818e-02,8.518458902835845947e-02,9.943582117557525635e-02,2.102425508201122284e-02,9.034571796655654907e-02,2.124380134046077728e-02,6.555314175784587860e-03,-1.253851652145385742e-01,1.764088571071624756e-01,1.976235061883926392e-01,-9.925813414156436920e-03,2.974657528102397919e-02,-3.360757231712341309e-02,4.797241836786270142e-02,-3.830485790967941284e-02,-4.324752464890480042e-02,-1.133305057883262634e-01,7.800270803272724152e-03,-1.244183406233787537e-01,-1.148826926946640015e-01,1.301458179950714111e-01,6.853485852479934692e-02,-7.931517809629440308e-02,7.164175808429718018e-02,9.203965961933135986e-02,3.022134490311145782e-02,-7.507870346307754517e-02,-3.206717595458030701e-02,7.728392258286476135e-03,-3.557904809713363647e-02,-1.194440945982933044e-01,9.184069931507110596e-02,8.999997377395629883e-02,5.126465857028961182e-02,2.949686720967292786e-02,1.391213536262512207e-01,-2.092961594462394714e-02,-1.224581077694892883e-01,2.740346128121018410e-03,-5.936453118920326233e-02,-1.104584410786628723e-01,-1.143077984452247620e-01,-6.380445510149002075e-02,-1.307071447372436523e-01,1.178022287786006927e-02,6.168602406978607178e-02,8.850266039371490479e-02,6.402914226055145264e-02,2.701161615550518036e-02,1.816746145486831665e-01,-1.026337966322898865e-01,9.670220315456390381e-02,1.706476062536239624e-01,1.749671548604965210e-01,1.649819761514663696e-01,5.786333978176116943e-02,-8.146140724420547485e-02,2.011000066995620728e-01,1.312301754951477051e-01,1.518016755580902100e-01,1.859920620918273926e-01,1.676872931420803070e-02,1.229768171906471252e-01,-2.534668892621994019e-02,1.357370428740978241e-02,5.015413835644721985e-02,-2.868005447089672089e-02,-8.438266813755035400e-03,-2.739265188574790955e-02,6.553698331117630005e-02,-4.073625802993774414e-02,3.323125187307596207e-03,5.188269075006246567e-03,-5.888177827000617981e-02,-1.368881016969680786e-02,1.477869749069213867e-01,2.540208213031291962e-02,-3.971804305911064148e-02,8.158382773399353027e-02,4.107671231031417847e-02,1.154332607984542847e-02,7.366284728050231934e-03,9.386372566223144531e-02,3.586841374635696411e-02,-1.657800078392028809e-01,2.072092844173312187e-03,1.279044598340988159e-01,4.366173967719078064e-02,4.947192966938018799e-02,1.404851395636796951e-02,-8.948288112878799438e-02,9.466752409934997559e-02,8.021193742752075195e-02,1.252475380897521973e-02,-3.907084465026855469e-04,-5.784103646874427795e-02,-8.846230804920196533e-03,-6.091727409511804581e-03,1.804885827004909515e-02,-5.286685749888420105e-02,5.297884345054626465e-02,3.032507747411727905e-02,4.432307928800582886e-02,-6.431747972965240479e-02,4.264353588223457336e-02,-1.546217650175094604e-01,3.138295188546180725e-02,1.042984277009963989e-01,3.428089618682861328e-02,-5.117819458246231079e-02,-1.288235634565353394e-01,2.318306453526020050e-02,1.707061678171157837e-01
2.738485112786293030e-02,7.544932514429092407e-02,1.614339053630828857e-01,-1.196860000491142273e-01,1.043962016701698303e-01,1.535498350858688354e-01,-1.729786582291126251e-02,-3.898056969046592712e-02,-5.556823685765266418e-03,5.905809998512268066e-02,-9.418966621160507202e-02,-3.021613135933876038e-02,2.492927201092243195e-02,-1.946852728724479675e-02,9.142404794692993164e-02,-2.664358355104923248e-02,5.379487946629524231e-02,8.081019669771194458e-02,3.533956408500671387e-02,8.868670463562011719e-02,3.845956921577453613e-02,-1.058824919164180756e-02,-2.563147246837615967e-02,1.824495494365692139e-01,2.088917493820190430e-01,2.276450209319591522e-02,4.191399738192558289e-02,-2.125175297260284424e-02,3.823608160018920898e-02,-1.152288448065519333e-02,-2.413545921444892883e-02,-1.140189543366432190e-01,1.752986572682857513e-02,-8.013664186000823975e-02,-8.554077893495559692e-02,1.209771111607551575e-01,7.217853516340255737e-02,-5.948366597294807434e-02,2.029074728488922119e-02,9.813637286424636841e-02,3.214324265718460083e-02,-2.125091850757598877e-02,-3.581148013472557068e-02,-1.850223913788795471e-02,-6.574644893407821655e-02,-8.328942209482192993e-02,8.845230191946029663e-02,1.068282946944236755e-01,3.869986534118652344e-02,8.236188441514968872e-02,1.288184374570846558e-01,-5.390955135226249695e-02,-1.003063917160034180e-01,-1.924694143235683441e-02,-4.177045449614524841e-02,-8.255714923143386841e-02,-1.121105477213859558e-01,-3.108789585530757904e-02,-1.469083130359649658e-01,-1.284022070467472076e-02,2.705095335841178894e-02,-4.940975923091173172e-03,-2.536583878099918365e-02,9.504538029432296753e-03,1.849845349788665771e-01,-8.065865188837051392e-02,1.091175749897956848e-01,1.147790774703025818e-01,4.495542123913764954e-02,1.293545067310333252e-01,2.627122402191162109e-02,-6.884162127971649170e-02,1.996932029724121094e-01,1.362138539552688599e-01,1.554452180862426758e-01,1.626864075660705566e-01,-2.796906419098377228e-02,1.009380891919136047e-01,2.186220884323120117e-02,4.651819169521331787e-02,-2.012362331151962280e-02,-3.641936928033828735e-02,-3.582457453012466431e-02,-6.844034790992736816e-02,3.737284243106842041e-02,-4.248946905136108398e-02,-3.108229488134384155e-02,-7.338958326727151871e-03,-6.780532747507095337e-02,-5.219527333974838257e-02,1.299001574516296387e-01,1.983814127743244171e-02,-5.706620961427688599e-02,7.551271468400955200e-02,5.233412981033325195e-02,2.406165190041065216e-02,4.898599162697792053e-02,7.076541334390640259e-02,1.598558574914932251e-02,-9.694885462522506714e-02,-4.872019961476325989e-02,8.178119361400604248e-02,-5.478434264659881592e-02,1.946444809436798096e-02,5.037013813853263855e-02,-4.627419263124465942e-02,4.943057522177696228e-02,4.783359169960021973e-02,3.766830638051033020e-02,7.532899081707000732e-02,-1.079575419425964355e-01,-2.790888026356697083e-02,1.341908122412860394e-03,3.836714103817939758e-02,-2.773985452950000763e-02,1.825540699064731598e-02,3.195055946707725525e-02,4.698078334331512451e-02,-7.071054726839065552e-02,6.896936148405075073e-02,-1.403943151235580444e-01,4.933217540383338928e-02,9.566844254732131958e-02,6.409393996000289917e-02,-7.943067699670791626e-02,-1.644317209720611572e-01,-5.254891514778137207e-02,1.814013570547103882e-01
4.484727233648300171e-02,6.456247717142105103e-02,1.354244500398635864e-01,-1.459933221340179443e-01,6.370811164379119873e-02,6.889387965202331543e-02,-7.824007421731948853e-02,-5.017527565360069275e-02,3.415203094482421875e-02,2.164540998637676239e-02,-1.319311559200286865e-01,-3.586505353450775146e-02,-5.906900390982627869e-03,1.592510193586349487e-02,5.168450996279716492e-03,-3.004192002117633820e-02,5.453097447752952576e-02,-4.747755080461502075e-02,-1.042161323130130768e-02,6.096710264682769775e-02,2.019431628286838531e-02,-2.674263343214988708e-02,-1.383487284183502197e-01,1.663881391286849976e-01,1.814713925123214722e-01,-3.365305811166763306e-02,5.606736615300178528e-02,3.274970501661300659e-02,5.553962662816047668e-03,-1.709121838212013245e-02,-5.526377260684967041e-02,-8.115191757678985596e-02,-7.975229062139987946e-03,-1.024036556482315063e-01,-8.229131996631622314e-02,8.070890605449676514e-02,3.918654471635818481e-02,-7.472328841686248779e-02,4.791077598929405212e-02,1.030170992016792297e-01,1.493572071194648743e-02,-5.240397155284881592e-02,1.886498369276523590e-02,-5.905340611934661865e-02,-1.139626055955886841e-01,-1.054021865129470825e-01,6.733307242393493652e-02,1.070825457572937012e-01,-3.879646537825465202e-03,1.404055953025817871e-02,1.032415479421615601e-01,-5.533255636692047119e-02,-1.050871908664703369e-01,1.214444637298583984e-04,-2.856665849685668945e-02,-8.449529111385345459e-02,-1.286179423332214355e-01,-6.775207817554473877e-02,-1.478205770254135132e-01,3.732442855834960938e-04,2.467021159827709198e-02,4.816822241991758347e-03,1.692094653844833374e-02,-1.607949845492839813e-02,1.790434569120407104e-01,-7.127693295478820801e-02,8.753059059381484985e-02,7.514120638370513916e-02,6.918567419052124023e-02,7.388842850923538208e-02,-6.967549677938222885e-03,-1.014532819390296936e-01,1.387165188789367676e-01,1.444581001996994019e-01,1.140926033258438110e-01,1.586609780788421631e-01,-2.923498488962650299e-02,9.209839999675750732e-02,-1.053613051772117615e-02,5.575807765126228333e-03,-3.874036669731140137e-02,-6.058128178119659424e-02,6.839465815573930740e-03,-3.880384191870689392e-02,1.168218720704317093e-02,-6.020592059940099716e-03,1.283078570850193501e-03,-3.002006188035011292e-02,-1.506977342069149017e-02,-2.479971386492252350e-02,1.176659762859344482e-01,9.434201568365097046e-02,-7.420807331800460815e-02,7.162189483642578125e-02,5.082934722304344177e-02,1.636123470962047577e-02,5.261174589395523071e-02,1.616885140538215637e-02,8.044011145830154419e-02,-1.188284829258918762e-01,-5.570634454488754272e-02,9.316772222518920898e-02,-1.291855704039335251e-02,-3.020401298999786377e-02,-1.885855011641979218e-02,-7.708487659692764282e-02,5.176502466201782227e-02,5.086186528205871582e-02,7.103812694549560547e-02,4.836364835500717163e-02,-1.210204046219587326e-02,1.054554712027311325e-03,2.406656555831432343e-02,1.215737685561180115e-02,-2.637745626270771027e-02,4.592734575271606445e-02,-4.403108358383178711e-02,7.096141576766967773e-03,-1.681777089834213257e-02,5.334909632802009583e-02,-1.884127855300903320e-01,3.650648752227425575e-03,6.320647895336151123e-02,4.543779045343399048e-02,-3.739748522639274597e-02,-1.345568746328353882e-01,-1.814639754593372345e-02,1.682069897651672363e-01
2.423455379903316498e-02,5.933524668216705322e-02,1.347258388996124268e-01,-1.467913538217544556e-01,6.924475729465484619e-02,1.065450683236122131e-01,-9.773360565304756165e-03,-5.172269418835639954e-02,4.047761484980583191e-02,6.467946618795394897e-02,-1.364290416240692139e-01,-1.989027485251426697e-02,8.223854936659336090e-03,2.014403045177459717e-02,4.877987131476402283e-02,-6.564241647720336914e-02,5.053787678480148315e-02,6.722322106361389160e-02,6.083735078573226929e-02,6.996912509202957153e-02,3.652886673808097839e-02,5.829684901982545853e-03,-1.109623759984970093e-01,1.789213865995407104e-01,1.708404123783111572e-01,-3.362903371453285217e-02,3.460797294974327087e-02,4.665042739361524582e-03,4.416761174798011780e-02,-3.888367861509323120e-02,-2.719115838408470154e-02,-8.351522684097290039e-02,-1.568450964987277985e-02,-1.197832524776458740e-01,-6.942567229270935059e-02,9.768609702587127686e-02,5.851178243756294250e-02,-7.222004234790802002e-02,5.515967309474945068e-02,9.194362163543701172e-02,6.671047955751419067e-02,-9.641138836741447449e-03,-2.594758570194244385e-02,-1.896982267498970032e-02,-1.212328821420669556e-01,-9.107759594917297363e-02,8.852291852235794067e-02,1.028550118207931519e-01,-2.038547769188880920e-02,5.521834269165992737e-02,1.496848165988922119e-01,-3.882050514221191406e-02,-1.310675889253616333e-01,-2.705143019556999207e-02,-8.931459486484527588e-02,-8.318189531564712524e-02,-8.086236566305160522e-02,-4.666536301374435425e-02,-1.124284788966178894e-01,1.902404054999351501e-02,7.920158095657825470e-03,3.599735721945762634e-02,4.591735079884529114e-02,9.400149807333946228e-03,1.775920540094375610e-01,-6.023615226149559021e-02,9.553006291389465332e-02,1.294216364622116089e-01,8.075085282325744629e-02,1.363720744848251343e-01,3.255878761410713196e-02,-4.973866045475006104e-02,1.905333846807479858e-01,1.130256950855255127e-01,1.046131998300552368e-01,1.418614089488983154e-01,-1.398126501590013504e-02,9.251388162374496460e-02,-2.661546692252159119e-02,5.773300677537918091e-02,7.719244342297315598e-03,-4.034565389156341553e-02,-4.114354029297828674e-02,-3.024927154183387756e-02,3.156206384301185608e-02,-1.356402318924665451e-02,5.357362329959869385e-03,1.320735272020101547e-02,-4.333691671490669250e-02,-6.743794679641723633e-02,1.335432231426239014e-01,8.725518733263015747e-02,-5.087377876043319702e-02,4.260040447115898132e-02,1.357069704681634903e-02,-1.069650985300540924e-02,8.999905735254287720e-02,3.959640488028526306e-02,2.802552469074726105e-02,-1.139276325702667236e-01,-7.395241409540176392e-02,1.043878570199012756e-01,-3.679139772430062294e-03,5.571753717958927155e-03,2.329765073955059052e-02,-9.036435931921005249e-02,7.406907528638839722e-02,8.363591134548187256e-02,6.796158105134963989e-02,4.799561202526092529e-02,-3.393984958529472351e-02,9.750294499099254608e-03,-2.460760436952114105e-02,2.164877764880657196e-02,-2.754920534789562225e-02,4.541736096143722534e-02,4.908522125333547592e-03,5.399373918771743774e-02,-4.488162696361541748e-02,3.832265362143516541e-02,-1.880434751510620117e-01,-3.199089318513870239e-03,7.728366553783416748e-02,2.691018208861351013e-02,-4.592844098806381226e-02,-9.815878421068191528e-02,-2.397911623120307922e-02,1.905487775802612305e-01
1.976010389626026154e-03,6.095573306083679199e-02,1.104884967207908630e-01,-1.122973859310150146e-01,1.099066734313964844e-01,7.256257534027099609e-02,9.173491969704627991e-03,1.687274128198623657e-02,7.022042572498321533e-02,4.250936955213546753e-02,-1.176536530256271362e-01,-3.031349740922451019e-02,1.311253570020198822e-02,-4.034074768424034119e-02,4.555719718337059021e-02,-7.566469907760620117e-02,6.880091875791549683e-02,9.867346286773681641e-02,4.106677137315273285e-03,5.442171171307563782e-02,2.466157451272010803e-02,-1.452397368848323822e-02,-5.649346858263015747e-02,1.753172129392623901e-01,1.774360239505767822e-01,2.826563548296689987e-03,5.783025175333023071e-02,-1.595525443553924561e-02,-3.041645279154181480e-03,3.332884237170219421e-02,-5.339988507330417633e-03,-1.236117035150527954e-01,-1.493479777127504349e-02,-7.875916361808776855e-02,-2.661377191543579102e-02,1.171046122908592224e-01,8.272648602724075317e-02,-5.245497822761535645e-02,7.982175052165985107e-02,8.725556731224060059e-02,3.533473610877990723e-02,-5.560643225908279419e-02,-8.238098584115505219e-03,-3.727608919143676758e-02,-5.373561754822731018e-02,-1.219794675707817078e-01,1.082171872258186340e-01,1.554207801818847656e-01,2.862210758030414581e-02,7.156454771757125854e-02,1.220830380916595459e-01,-1.165994405746459961e-01,-7.625004649162292480e-02,-2.189777605235576630e-02,-4.002136364579200745e-02,-1.101672127842903137e-01,-9.195670485496520996e-02,-3.353309258818626404e-02,-1.452362090349197388e-01,5.735898017883300781e-02,6.642523407936096191e-02,-7.347718812525272369e-03,1.576477661728858948e-02,-2.882727608084678650e-02,1.554522067308425903e-01,-7.743207365274429321e-02,8.338782936334609985e-02,1.045021340250968933e-01,6.852218508720397949e-02,8.717530965805053711e-02,2.599109895527362823e-02,-6.281934678554534912e-02,1.745839864015579224e-01,1.513127237558364868e-01,1.872174143791198730e-01,1.609331071376800537e-01,-6.370179355144500732e-02,5.449546501040458679e-02,1.149325980804860592e-03,7.879928685724735260e-03,-3.814719617366790771e-02,-2.453192137181758881e-02,-7.149454671889543533e-03,-9.579990990459918976e-03,1.190972551703453064e-01,-1.611647382378578186e-02,-1.169931981712579727e-02,3.681109845638275146e-02,-4.247384890913963318e-02,-3.823709487915039062e-02,1.202794089913368225e-01,4.715450480580329895e-02,-7.185353338718414307e-02,4.993587732315063477e-02,2.608100697398185730e-02,2.365856617689132690e-02,4.197983816266059875e-02,5.256380513310432434e-02,2.756594121456146240e-02,-1.455546915531158447e-01,-6.799004971981048584e-02,7.865135371685028076e-02,-7.075376063585281372e-02,-9.896669536828994751e-03,3.513432666659355164e-02,-3.996992111206054688e-02,4.869950562715530396e-02,2.533459663391113281e-02,4.267363622784614563e-02,5.163593962788581848e-02,-6.454570591449737549e-02,-1.595811545848846436e-02,-3.683190047740936279e-02,1.945786178112030029e-02,-1.827233098447322845e-02,7.051217555999755859e-02,2.345348941162228584e-03,2.370675839483737946e-02,-2.933753840625286102e-02,7.085564732551574707e-02,-1.525502949953079224e-01,2.065039984881877899e-02,4.984636604785919189e-02,1.575702987611293793e-02,-2.009436860680580139e-02,-1.601876914501190186e-01,-1.255225669592618942e-02,1.773886829614639282e-01
8.910717442631721497e-03,1.674590818583965302e-02,7.713280618190765381e-02,-1.193931102752685547e-01,1.009511649608612061e-01,8.412037044763565063e-02,-1.225961372256278992e-02,-1.728317700326442719e-02,3.799759596586227417e-02,4.005448147654533386e-02,-8.003845065832138062e-02,-1.079922635108232498e-02,3.983420506119728088e-02,-1.663355506025254726e-03,4.205364361405372620e-02,-5.040506273508071899e-02,6.706176698207855225e-02,1.037292778491973877e-01,8.090372383594512939e-02,8.357957005500793457e-02,3.282014280557632446e-02,-5.172044411301612854e-02,-8.864521235227584839e-02,1.675384789705276489e-01,2.065963745117187500e-01,2.028076723217964172e-02,6.731203943490982056e-02,4.515971615910530090e-02,1.761450804769992828e-02,3.480199351906776428e-02,-3.865484148263931274e-02,-1.221252083778381348e-01,-2.732591517269611359e-02,-8.287815004587173462e-02,-7.914556190371513367e-03,1.126513108611106873e-01,3.394452109932899475e-02,-7.719075679779052734e-02,2.595899067819118500e-02,5.470779910683631897e-02,6.849035620689392090e-02,-1.917228288948535919e-02,3.527714312076568604e-02,-6.182710453867912292e-02,-9.070268273353576660e-02,-6.165030598640441895e-02,1.326102465391159058e-01,1.500347852706909180e-01,1.378579903393983841e-02,9.347142279148101807e-02,1.220803782343864441e-01,-6.154455244541168213e-02,-1.454240381717681885e-01,-2.326017990708351135e-02,-3.425797447562217712e-02,-1.043099164962768555e-01,-6.323833763599395752e-02,-3.480461239814758301e-02,-1.512230634689331055e-01,6.586753763258457184e-03,2.381899207830429077e-02,-1.716009899973869324e-02,-3.562971251085400581e-03,-2.393232472240924835e-02,2.023427486419677734e-01,-5.755285546183586121e-02,1.311670839786529541e-01,1.051428243517875671e-01,4.279629141092300415e-02,1.177861019968986511e-01,1.956040412187576294e-02,-9.084919840097427368e-02,1.818377375602722168e-01,1.537518352270126343e-01,1.567232310771942139e-01,1.686525642871856689e-01,-3.535661846399307251e-02,5.525780469179153442e-02,-1.397876883856952190e-03,2.511872537434101105e-02,-1.765001937747001648e-02,-2.484834939241409302e-02,2.211865410208702087e-02,-5.368287488818168640e-02,1.190538108348846436e-01,7.185781374573707581e-03,1.872537843883037567e-02,1.349810976535081863e-02,-3.150504454970359802e-02,-3.645993396639823914e-02,1.176523864269256592e-01,7.926607877016067505e-02,-4.794007167220115662e-02,5.521258711814880371e-02,-4.290911369025707245e-03,3.813258185982704163e-02,5.581106990575790405e-02,7.398243993520736694e-02,6.518884003162384033e-02,-1.211403906345367432e-01,-8.283784240484237671e-02,1.120136007666587830e-01,-2.388169243931770325e-02,-2.613160945475101471e-02,1.697082258760929108e-02,-4.541834071278572083e-02,7.970741391181945801e-02,6.411334872245788574e-02,6.563580036163330078e-02,2.864282950758934021e-02,-3.106952272355556488e-02,-2.369213290512561798e-02,-4.280330613255500793e-02,2.791736833751201630e-02,-1.399821694940328598e-02,5.145682021975517273e-02,5.532798171043395996e-02,2.673798985779285431e-02,-3.542575985193252563e-02,7.663641870021820068e-02,-1.287676841020584106e-01,1.826863735914230347e-02,5.355628579854965210e-02,-1.112355384975671768e-02,-5.620726943016052246e-02,-1.148883700370788574e-01,-1.734452322125434875e-02,1.962324231863021851e-01
1.477911602705717087e-02,5.996426939964294434e-02,1.557384729385375977e-01,-1.463208794593811035e-01,7.558830827474594116e-02,9.734736382961273193e-02,4.508565738797187805e-02,-3.801462054252624512e-02,1.092667412012815475e-02,8.106623589992523193e-02,-9.975116699934005737e-02,-1.566815190017223358e-02,4.369502142071723938e-02,2.270585298538208008e-02,5.338315293192863464e-02,-2.941125817596912384e-02,1.595304906368255615e-02,6.055453047156333923e-02,-1.030563842505216599e-03,4.722925648093223572e-02,1.401448808610439301e-02,-9.042552672326564789e-03,-5.506200343370437622e-02,1.643289178609848022e-01,2.047610133886337280e-01,4.369856417179107666e-02,1.248399075120687485e-02,7.155713159590959549e-03,1.615905016660690308e-02,3.319750353693962097e-02,-3.276715055108070374e-02,-1.229312568902969360e-01,2.297390438616275787e-02,-8.692115545272827148e-02,-1.029526535421609879e-02,1.431917846202850342e-01,8.207336068153381348e-02,-9.813006222248077393e-02,6.426049023866653442e-02,7.774984091520309448e-02,3.485194221138954163e-02,-3.542662411928176880e-02,1.803172752261161804e-02,-4.361569136381149292e-02,-4.697054997086524963e-02,-1.081024855375289917e-01,1.096438691020011902e-01,1.187822148203849792e-01,5.363524332642555237e-02,7.271996140480041504e-02,1.467632204294204712e-01,-6.288921833038330078e-02,-1.305820345878601074e-01,-3.325903788208961487e-02,-4.973583668470382690e-02,-7.276388257741928101e-02,-5.409723892807960510e-02,-4.705393686890602112e-03,-1.399407088756561279e-01,4.412347078323364258e-02,8.567149937152862549e-02,2.671967260539531708e-02,3.300885483622550964e-02,2.411777852103114128e-03,1.846961081027984619e-01,-4.457836598157882690e-02,1.190093755722045898e-01,1.047745198011398315e-01,2.508268691599369049e-02,9.272360056638717651e-02,7.707557082176208496e-02,-5.055939778685569763e-02,1.925845742225646973e-01,1.389103829860687256e-01,1.747591346502304077e-01,1.711368262767791748e-01,-6.761401146650314331e-02,8.675292134284973145e-02,9.357624687254428864e-03,-7.360817492008209229e-02,-2.300931885838508606e-02,-2.133054658770561218e-02,-5.655644927173852921e-03,-6.458565592765808105e-02,1.183380708098411560e-01,-1.467420533299446106e-02,-4.437159001827239990e-02,-2.454419434070587158e-02,-7.678998261690139771e-02,-3.005403466522693634e-02,1.184813529253005981e-01,7.118687778711318970e-02,-5.314805731177330017e-02,3.903793916106224060e-02,2.264853334054350853e-03,1.308676227927207947e-02,7.849138975143432617e-02,8.345101028680801392e-02,-9.442823007702827454e-03,-1.449008136987686157e-01,-6.403724104166030884e-02,8.196419477462768555e-02,-1.586512662470340729e-02,1.627590507268905640e-02,7.450646907091140747e-02,-5.879119411110877991e-02,2.765072323381900787e-02,6.886436045169830322e-02,4.148556292057037354e-02,6.940206885337829590e-02,-5.423852801322937012e-02,-3.365056589245796204e-03,-1.833337545394897461e-02,1.284677628427743912e-02,-1.465438748709857464e-03,6.575063616037368774e-02,4.649575334042310715e-03,3.947336599230766296e-02,-8.396650850772857666e-02,4.646266996860504150e-02,-1.437160223722457886e-01,1.923267170786857605e-02,6.729690730571746826e-02,6.419420242309570312e-05,-2.357004582881927490e-02,-1.047111749649047852e-01,1.999013312160968781e-02,1.720395237207412720e-01
6.326603144407272339e-02,1.997038163244724274e-02,9.266306459903717041e-02,-1.781775951385498047e-01,4.824061319231987000e-02,1.629350334405899048e-01,7.373590022325515747e-02,-1.775745488703250885e-02,1.516774017363786697e-02,6.730489432811737061e-02,-1.217548549175262451e-01,2.527994289994239807e-02,4.824668541550636292e-02,-8.021771162748336792e-02,4.745411872863769531e-02,-1.448817700147628784e-01,-1.458183676004409790e-02,8.443427830934524536e-02,1.846525669097900391e-01,1.851663440465927124e-01,4.937816411256790161e-03,-1.218643337488174438e-01,-4.754716157913208008e-02,1.426572799682617188e-01,2.428852468729019165e-01,-1.440341863781213760e-02,9.325776994228363037e-02,2.930591255426406860e-02,2.641402557492256165e-02,-4.933461174368858337e-02,2.820208296179771423e-02,-1.090352758765220642e-01,5.938830971717834473e-02,3.522552922368049622e-02,-3.154035657644271851e-02,1.164613887667655945e-01,6.868666410446166992e-02,-8.677687495946884155e-02,-5.272190552204847336e-03,-3.310361132025718689e-02,-1.957413740456104279e-03,-2.232448384165763855e-02,-3.729811683297157288e-02,1.537568308413028717e-02,3.143802657723426819e-02,-1.216274127364158630e-01,8.949469774961471558e-02,6.964224576950073242e-02,-7.822055369615554810e-03,7.384499907493591309e-02,9.855528920888900757e-02,-1.176641583442687988e-01,-9.192677587270736694e-02,-2.631583809852600098e-02,-7.098323851823806763e-02,-1.119393184781074524e-01,-5.208510160446166992e-02,-4.818703979253768921e-02,-1.362582594156265259e-01,2.634876640513539314e-03,1.953636109828948975e-02,7.007453590631484985e-03,-2.414466254413127899e-02,1.375096663832664490e-02,1.304767876863479614e-01,-2.707870863378047943e-02,6.359203159809112549e-02,6.382853537797927856e-02,-1.438625529408454895e-02,9.565760195255279541e-02,-5.234034359455108643e-02,-4.173579812049865723e-02,2.476361095905303955e-01,1.581939011812210083e-01,1.769355982542037964e-01,8.498299121856689453e-02,-6.212977319955825806e-02,5.843281373381614685e-02,3.959634527564048767e-02,-1.981979236006736755e-02,-7.078596949577331543e-02,-1.234362348914146423e-01,-6.715346872806549072e-02,-4.797319695353507996e-02,1.720002591609954834e-01,3.438397869467735291e-02,-3.260401263833045959e-02,2.397521585226058960e-02,-1.493432093411684036e-02,-1.343258842825889587e-02,1.333605200052261353e-01,7.099142670631408691e-02,-3.320414572954177856e-02,7.746617496013641357e-02,-5.389721691608428955e-02,2.930087968707084656e-02,5.182054266333580017e-02,-1.382648013532161713e-03,3.300118027254939079e-03,-5.011002346873283386e-02,-7.690163701772689819e-02,4.694340378046035767e-02,-2.751079015433788300e-02,8.894109725952148438e-02,8.154874294996261597e-02,-5.813315883278846741e-02,7.828535884618759155e-02,5.488173663616180420e-02,1.069093588739633560e-02,5.894711706787347794e-03,-4.975382238626480103e-02,-3.475805744528770447e-02,3.803220018744468689e-02,-6.423920858651399612e-03,1.143959816545248032e-02,1.478981133550405502e-02,7.781065255403518677e-02,2.731585130095481873e-02,-6.236191838979721069e-02,5.596669018268585205e-02,-1.708635687828063965e-01,6.365596503019332886e-02,1.269084215164184570e-01,7.888892292976379395e-02,-5.619781836867332458e-02,-1.734679043292999268e-01,-4.707668721675872803e-02,2.069578617811203003e-01
5.439827218651771545e-02,6.962113082408905029e-02,1.816439628601074219e-01,-1.270795166492462158e-01,2.992796897888183594e-02,1.257633566856384277e-01,4.543187469244003296e-02,-4.190245643258094788e-02,-4.117237031459808350e-02,9.890053421258926392e-03,-1.027340665459632874e-01,1.533918362110853195e-02,-1.618959009647369385e-02,2.214281074702739716e-02,4.212575778365135193e-02,-3.796628862619400024e-02,4.167706891894340515e-02,-2.819246612489223480e-02,-5.119977518916130066e-02,4.233730584383010864e-02,2.973740175366401672e-02,-1.788398623466491699e-02,-1.514103114604949951e-01,1.590640693902969360e-01,1.905763149261474609e-01,-1.088662520051002502e-01,-2.773854508996009827e-02,2.463196776807308197e-02,-1.339611783623695374e-02,-4.234899207949638367e-02,-5.462076887488365173e-02,-5.713651701807975769e-02,-3.046076372265815735e-02,-5.924897268414497375e-02,-8.047877997159957886e-02,1.045932546257972717e-01,1.076299101114273071e-01,-8.600749820470809937e-02,1.521928515285253525e-02,1.187007650732994080e-01,5.580249056220054626e-02,-2.356983534991741180e-02,3.838088735938072205e-02,-7.751813530921936035e-02,-2.019568830728530884e-01,-1.261780560016632080e-01,3.379704803228378296e-02,9.089925885200500488e-02,8.648060262203216553e-03,5.826244130730628967e-02,1.116942465305328369e-01,-2.987234666943550110e-02,-1.322601884603500366e-01,-3.309271484613418579e-02,-1.007566675543785095e-01,-1.122515648603439331e-01,-6.660091131925582886e-02,-4.197745397686958313e-02,-1.358049064874649048e-01,-6.002710666507482529e-03,7.234834879636764526e-02,5.177488923072814941e-02,4.143620282411575317e-02,2.595509029924869537e-02,1.300249099731445312e-01,-5.603953450918197632e-02,8.155697584152221680e-02,5.850198119878768921e-02,7.099478505551815033e-03,7.511052489280700684e-02,-2.357552386820316315e-02,-8.170510828495025635e-02,1.901878118515014648e-01,1.307404935359954834e-01,1.101443246006965637e-01,1.936169266700744629e-01,1.881001703441143036e-02,1.031676158308982849e-01,-2.809211239218711853e-02,-7.441521435976028442e-02,-4.558170586824417114e-02,-2.423479221761226654e-02,3.003197349607944489e-02,-4.317226819694042206e-03,1.976041868329048157e-02,6.891939043998718262e-02,5.012812837958335876e-02,-2.537596598267555237e-02,-6.041636690497398376e-02,-1.261444985866546631e-01,1.314820498228073120e-01,1.046349555253982544e-01,-2.391838468611240387e-02,3.490391373634338379e-02,2.124666050076484680e-02,1.500452030450105667e-02,1.306169480085372925e-01,2.209887467324733734e-02,8.422951400279998779e-02,-1.504856348037719727e-01,-4.703481495380401611e-02,6.264723092317581177e-02,-6.982540339231491089e-02,-1.064179688692092896e-01,-2.768875285983085632e-02,-1.277461498975753784e-01,8.774074167013168335e-02,1.105907186865806580e-01,2.787874452769756317e-02,1.246554590761661530e-02,-8.723274804651737213e-03,7.058253884315490723e-02,7.060822099447250366e-02,-5.013669282197952271e-02,-3.653472289443016052e-02,7.771284133195877075e-02,-6.772520393133163452e-02,-8.188481442630290985e-03,-3.300386480987071991e-03,5.521306023001670837e-02,-1.956618130207061768e-01,1.718310755677521229e-03,2.099804207682609558e-02,9.728541597723960876e-03,-4.182337969541549683e-02,-1.562020927667617798e-01,5.683759227395057678e-02,1.833553612232208252e-01
-2.810351550579071045e-03,7.924260199069976807e-02,1.522269248962402344e-01,-1.099329516291618347e-01,6.275264173746109009e-02,6.729803234338760376e-02,1.414636708796024323e-02,3.255266230553388596e-03,2.135884575545787811e-02,-3.519341582432389259e-03,-1.234903782606124878e-01,-8.307235315442085266e-03,1.737762242555618286e-02,4.124055802822113037e-02,9.939689189195632935e-02,-3.640151023864746094e-02,1.898969337344169617e-02,3.097805939614772797e-02,-4.079140257090330124e-03,7.499741017818450928e-02,-3.216821700334548950e-03,-9.917350485920906067e-03,-8.757191151380538940e-02,1.533383727073669434e-01,1.614708900451660156e-01,-1.518144551664590836e-02,1.049339957535266876e-02,-2.913410030305385590e-02,1.419821288436651230e-02,-1.284588128328323364e-02,2.196980454027652740e-02,-1.321345716714859009e-01,-2.471977286040782928e-02,-7.566110789775848389e-02,-3.482482582330703735e-02,1.153387427330017090e-01,6.163165718317031860e-02,-6.093584001064300537e-02,3.064822219312191010e-02,1.062263771891593933e-01,2.695333398878574371e-02,-1.332481205463409424e-02,-4.718126356601715088e-02,-6.723792850971221924e-02,-8.524947613477706909e-02,-8.298445492982864380e-02,9.376671910285949707e-02,1.513195484876632690e-01,4.214119911193847656e-02,3.032224997878074646e-02,1.023206412792205811e-01,-6.495980173349380493e-02,-7.999829947948455811e-02,-2.313186042010784149e-02,1.658914843574166298e-03,-6.824940443038940430e-02,-7.728771120309829712e-02,-6.314486265182495117e-02,-1.567063182592391968e-01,4.171422496438026428e-02,6.860681623220443726e-02,2.856949158012866974e-02,2.554251067340373993e-02,3.856366500258445740e-02,2.108688354492187500e-01,-2.701161615550518036e-02,8.377136290073394775e-02,5.330674722790718079e-02,2.688838168978691101e-02,7.121358066797256470e-02,-5.205285735428333282e-03,-6.009685248136520386e-02,1.233200058341026306e-01,1.265875846147537231e-01,1.475739181041717529e-01,1.697612106800079346e-01,-2.917558141052722931e-02,4.254369810223579407e-02,-1.483563799411058426e-02,1.094470266252756119e-02,-7.087755948305130005e-02,3.066677413880825043e-02,4.749351181089878082e-03,-7.381215225905179977e-03,6.398972868919372559e-02,-2.601572498679161072e-02,-2.142521180212497711e-02,6.820393726229667664e-03,-4.433393850922584534e-02,-7.118730247020721436e-02,7.710099220275878906e-02,4.710641503334045410e-02,-7.801059633493423462e-02,5.670801550149917603e-02,1.491724979132413864e-02,2.794267982244491577e-02,3.680225834250450134e-02,4.025484994053840637e-02,-1.111914496868848801e-02,-1.393782645463943481e-01,-1.396743953227996826e-02,7.603205740451812744e-02,-3.087706863880157471e-02,8.955834433436393738e-03,5.572577565908432007e-02,-1.550174597650766373e-02,5.021760612726211548e-02,3.686949238181114197e-02,3.601086884737014771e-02,4.750907048583030701e-02,-4.576080292463302612e-02,2.706197649240493774e-02,1.442859601229429245e-02,2.575131878256797791e-02,-5.117239803075790405e-02,1.758980937302112579e-02,2.143441885709762573e-02,5.317293107509613037e-02,-5.090053379535675049e-02,8.365796506404876709e-02,-1.142535731196403503e-01,3.626215830445289612e-02,9.623095393180847168e-02,6.414634734392166138e-02,7.329282816499471664e-04,-1.482234746217727661e-01,-8.021827787160873413e-02,1.568121463060379028e-01
2.035920321941375732e-02,6.927827745676040649e-02,1.164101734757423401e-01,-1.842389404773712158e-01,8.637572079896926880e-02,1.887076646089553833e-01,-6.430093944072723389e-02,-7.847960293292999268e-02,-4.232888109982013702e-03,2.569327317178249359e-02,-1.745546758174896240e-01,-3.694788366556167603e-02,-4.145256429910659790e-02,4.341071099042892456e-02,5.072262883186340332e-02,-6.184218451380729675e-02,7.672669738531112671e-02,9.893576055765151978e-02,8.816678076982498169e-02,5.639742314815521240e-02,8.697756379842758179e-02,-1.499358657747507095e-02,-6.755115836858749390e-02,1.552228480577468872e-01,2.004891037940979004e-01,2.468580612912774086e-03,7.782963663339614868e-02,1.438318635337054729e-03,7.940908521413803101e-02,5.139419063925743103e-02,2.857696264982223511e-02,-1.252483874559402466e-01,-4.128289595246315002e-02,-6.646587699651718140e-02,-1.290547102689743042e-01,6.483565270900726318e-02,-5.774195306003093719e-03,-7.495207339525222778e-02,2.203831449151039124e-02,7.609431445598602295e-02,5.698300153017044067e-02,-6.314881145954132080e-02,-2.771879918873310089e-02,2.751370891928672791e-02,-7.368112355470657349e-02,-6.672003865242004395e-02,9.203607589006423950e-02,6.932910531759262085e-02,5.250127613544464111e-02,8.635672926902770996e-02,1.191629394888877869e-01,-3.434427082538604736e-02,-1.196526363492012024e-01,2.599076740443706512e-02,2.933589555323123932e-02,-4.596618935465812683e-02,-7.800414413213729858e-02,-1.165054440498352051e-01,-1.924666166305541992e-01,-1.076337788254022598e-02,2.919660136103630066e-02,-2.551078796386718750e-05,-4.656089469790458679e-02,-4.305961541831493378e-03,1.730941087007522583e-01,-3.710359707474708557e-02,3.237007185816764832e-02,7.872145622968673706e-02,7.142776995897293091e-02,1.449529081583023071e-01,3.940852731466293335e-02,-8.746963739395141602e-02,2.083753347396850586e-01,1.699467897415161133e-01,1.233505085110664368e-01,1.944331079721450806e-01,2.928253635764122009e-02,8.936733007431030273e-02,-3.636439517140388489e-02,-1.616638153791427612e-02,-1.110025309026241302e-02,-1.869406737387180328e-02,2.527354098856449127e-02,-4.382679238915443420e-02,9.608603268861770630e-02,1.533566624857485294e-03,1.853539608418941498e-02,2.147913351655006409e-02,-2.346999384462833405e-02,-2.321085520088672638e-02,1.560546606779098511e-01,1.038669794797897339e-01,-5.441319197416305542e-02,1.474504917860031128e-01,2.504253992810845375e-03,2.195690572261810303e-02,1.321146450936794281e-02,5.162208899855613708e-02,6.252768635749816895e-02,-1.070065945386886597e-01,-5.533653497695922852e-02,1.172759383916854858e-01,4.568749293684959412e-02,-7.002685684710741043e-03,1.581584475934505463e-02,-4.340798035264015198e-02,3.927185758948326111e-02,1.480208802968263626e-02,6.266418099403381348e-02,4.308933019638061523e-02,-3.847730532288551331e-02,-8.525104261934757233e-03,-3.327267477288842201e-03,1.362748816609382629e-02,-2.591407857835292816e-02,2.652683667838573456e-02,5.655713379383087158e-02,6.694006174802780151e-02,5.023466888815164566e-03,7.970113307237625122e-02,-1.258616894483566284e-01,6.018953397870063782e-03,9.106270968914031982e-02,5.839479342103004456e-02,-9.216140210628509521e-02,-1.294400691986083984e-01,1.385091803967952728e-03,1.530746370553970337e-01
