3.015866503119468689e-03,3.670601174235343933e-02,2.775522135198116302e-02,2.115275943651795387e-03,3.845691680908203125e-04,6.425052881240844727e-03,2.115395152941346169e-03,-2.619030699133872986e-02,1.180304773151874542e-02,1.982527226209640503e-02,-3.432640805840492249e-02,-2.561381086707115173e-02,-2.010759897530078888e-03,-2.113075181841850281e-02,2.328100241720676422e-02,-3.006213903427124023e-02,-1.327448338270187378e-02,2.149700559675693512e-02,-3.105154074728488922e-02,2.869297750294208527e-02,5.144728813320398331e-03,-1.282692886888980865e-02,-1.128917466849088669e-02,5.153966322541236877e-02,2.834832668304443359e-02,-8.239141665399074554e-03,-3.543689381331205368e-03,4.873535130172967911e-03,2.260978799313306808e-03,2.197708934545516968e-03,-2.156623452901840210e-02,-2.291194908320903778e-02,3.520082309842109680e-02,-1.408629678189754486e-02,-2.040612325072288513e-02,1.161684002727270126e-02,-1.606278307735919952e-02,-3.547683358192443848e-02,-1.289555430412292480e-02,3.841897845268249512e-02,2.313555590808391571e-02,6.015597027726471424e-04,-1.926371455192565918e-02,2.741385623812675476e-02,-1.901832222938537598e-02,-8.412489667534828186e-03,7.043065503239631653e-03,5.204451270401477814e-03,-3.637984395027160645e-02,-5.145955458283424377e-02,-4.773437103722244501e-04,-3.204294294118881226e-02,-6.548728328198194504e-03,1.151391491293907166e-02,-1.967546530067920685e-03,-1.357129309326410294e-02,-1.639228127896785736e-02,-6.587497144937515259e-02,-6.359814852476119995e-02,-7.937800139188766479e-03,-1.992673985660076141e-02,-1.197402924299240112e-02,1.157425623387098312e-02,3.103961003944277763e-03,1.524163410067558289e-02,-7.748090662062168121e-03,1.026528701186180115e-02,5.191487725824117661e-03,1.114308834075927734e-04,2.595595084130764008e-02,-6.453036330640316010e-03,-2.874422445893287659e-02,3.375078737735748291e-02,4.637485370039939880e-02,1.900667510926723480e-02,1.756081916391849518e-02,-3.501993790268898010e-02,-3.977366723120212555e-03,-9.436296299099922180e-03,2.503571845591068268e-02,-1.227975543588399887e-02,-7.482626941055059433e-03,-7.706878241151571274e-04,2.952929586172103882e-02,5.311652645468711853e-02,-1.756564714014530182e-02,-2.418472245335578918e-02,-8.993471972644329071e-03,-4.446103423833847046e-02,-3.590452298521995544e-02,1.560147013515233994e-02,2.907871641218662262e-02,-1.242487807758152485e-03,-9.538539685308933258e-03,2.376611344516277313e-03,8.939501130953431129e-04,-9.599061682820320129e-03,-9.142590686678886414e-03,-6.436109077185392380e-03,-1.058157440274953842e-02,-1.908213458955287933e-02,-2.516206167638301849e-02,-2.349793165922164917e-02,3.105091676115989685e-02,1.007198821753263474e-03,-1.656669750809669495e-02,4.064179211854934692e-02,5.388296674937009811e-03,2.754681045189499855e-03,1.285818684846162796e-02,1.196875516325235367e-02,2.750379033386707306e-02,-2.104126662015914917e-02,-1.610759645700454712e-02,1.254665479063987732e-02,5.143283633515238762e-04,-3.782045328989624977e-03,-1.389845926314592361e-02,-2.691590040922164917e-02,-1.878408249467611313e-03,-5.079328641295433044e-02,1.815387606620788574e-02,9.703631512820720673e-04,-6.975530413910746574e-04,1.169591443613171577e-03,-3.783201798796653748e-02,7.823485881090164185e-03,7.308119535446166992e-02
1.524151302874088287e-02,3.249275684356689453e-02,-2.106911875307559967e-02,4.764996934682130814e-03,1.842373609542846680e-02,1.950481347739696503e-02,3.071596147492527962e-03,-3.884505107998847961e-02,-2.003651857376098633e-02,3.330247942358255386e-03,-4.527305811643600464e-02,-4.492282122373580933e-02,-5.138028413057327271e-02,6.070329342037439346e-03,9.142857976257801056e-03,-1.340332720428705215e-02,-9.587172418832778931e-03,-6.015198305249214172e-03,-3.167266771197319031e-02,1.632485724985599518e-02,2.157725393772125244e-02,-1.511831022799015045e-02,-1.727286726236343384e-02,7.139402627944946289e-02,3.116589970886707306e-02,1.195430383086204529e-02,-9.054591879248619080e-03,2.998513355851173401e-02,4.489779006689786911e-03,2.116867154836654663e-02,-1.586756855249404907e-02,8.248088415712118149e-04,1.766542345285415649e-02,1.274596899747848511e-02,-4.576746746897697449e-02,1.102214958518743515e-02,4.020887613296508789e-02,-3.846549615263938904e-02,-1.257332321256399155e-02,4.772131145000457764e-02,-3.038605442270636559e-03,1.569255255162715912e-02,4.837862215936183929e-03,-2.657821215689182281e-02,-2.932808129116892815e-03,-5.326383188366889954e-02,-2.047565765678882599e-03,1.367611717432737350e-02,-2.756552398204803467e-02,-5.310354381799697876e-02,2.782445773482322693e-02,-2.253907360136508942e-02,-6.312643643468618393e-03,2.291263453662395477e-02,1.441748347133398056e-02,-1.613083295524120331e-02,-2.686038985848426819e-02,-2.687304280698299408e-02,-6.824659556150436401e-02,3.021022072061896324e-03,-2.999895066022872925e-02,-1.197402924299240112e-02,1.700177788734436035e-02,1.714606769382953644e-02,5.555464699864387512e-02,-8.459685486741364002e-04,-1.258879085071384907e-03,1.103162672370672226e-02,-1.691488665528595448e-03,6.320475367829203606e-04,-8.934736251831054688e-03,-5.363426357507705688e-02,5.146755650639533997e-02,6.186092272400856018e-02,2.272321842610836029e-02,1.759332604706287384e-02,-1.626583188772201538e-02,2.342733927071094513e-02,1.493721269071102142e-02,1.213556434959173203e-02,-3.608810529112815857e-02,-3.629102138802409172e-03,4.069804563187062740e-04,1.333345286548137665e-02,2.127392031252384186e-02,-2.999528869986534119e-02,-1.606689579784870148e-02,1.867321785539388657e-03,-6.826975196599960327e-02,-8.394803106784820557e-02,1.253083255141973495e-02,1.210070028901100159e-02,-2.273099124431610107e-02,4.535852000117301941e-03,3.021154738962650299e-02,1.302389055490493774e-02,5.424164980649948120e-02,4.245362430810928345e-02,2.128633856773376465e-02,1.259787660092115402e-02,4.918624646961688995e-03,-6.354602985084056854e-03,-2.440545521676540375e-02,2.583881840109825134e-02,4.274239018559455872e-02,2.720583975315093994e-02,6.246027350425720215e-02,2.447494491934776306e-02,-9.698891080915927887e-03,2.500608749687671661e-02,-1.178156398236751556e-02,1.305633876472711563e-02,-4.440544871613383293e-04,-1.334456726908683777e-02,1.860162429511547089e-02,2.527534961700439453e-04,2.269224077463150024e-02,2.327945083379745483e-02,-3.779838606715202332e-02,-2.403603494167327881e-02,-3.903660178184509277e-02,1.262511126697063446e-02,3.381060203537344933e-03,1.303208433091640472e-02,3.431664081290364265e-03,-2.243315055966377258e-02,-8.906575851142406464e-03,6.109715625643730164e-02
-3.283071331679821014e-03,1.098204031586647034e-02,8.419849909842014313e-03,-1.050555706024169922e-02,-4.680956248193979263e-03,7.253816816955804825e-03,1.321086846292018890e-02,-1.727045513689517975e-02,1.199036138132214546e-03,-5.649119149893522263e-03,-2.789979800581932068e-02,-2.109372429549694061e-02,-2.800057083368301392e-02,-9.201981127262115479e-03,1.724420231766998768e-03,-3.244303539395332336e-02,-1.492198649793863297e-02,-8.819499053061008453e-03,-7.238171994686126709e-03,1.496760756708681583e-03,8.806178346276283264e-03,-1.445821393281221390e-02,-2.875982969999313354e-02,3.763306885957717896e-02,1.610026694834232330e-02,-1.062949188053607941e-02,-6.169031839817762375e-03,9.263153770007193089e-04,-1.030771993100643158e-02,-1.363812759518623352e-02,-9.775028564035892487e-03,-1.357144210487604141e-02,1.629717834293842316e-02,1.220114994794130325e-02,-3.109122999012470245e-02,8.354826830327510834e-03,6.310677155852317810e-03,-1.564050093293190002e-02,-1.962758228182792664e-02,5.553277209401130676e-03,-1.044041570276021957e-02,-1.103678159415721893e-02,1.080632209777832031e-04,1.259504933841526508e-03,-3.460631472989916801e-03,-3.014907985925674438e-02,-1.601456198841333389e-03,2.300664037466049194e-02,2.224826067686080933e-02,-1.267126854509115219e-02,4.050731076858937740e-04,-2.760578691959381104e-02,-9.033671580255031586e-03,2.012070966884493828e-03,-1.644540205597877502e-02,-9.098159149289131165e-03,-1.571209914982318878e-02,-2.053880505263805389e-02,-3.984164819121360779e-02,-3.493503434583544731e-03,-1.219772361218929291e-02,-1.616307348012924194e-02,-2.280767541378736496e-03,2.533341059461236000e-03,3.575484082102775574e-02,1.041946746408939362e-02,1.782413199543952942e-02,2.513200975954532623e-02,2.111484296619892120e-02,9.193339385092258453e-03,6.177722243592143059e-04,-1.133834384381771088e-02,2.743169292807579041e-02,3.040600754320621490e-02,5.836598575115203857e-03,1.790498942136764526e-02,-1.186920050531625748e-02,8.635454811155796051e-03,-1.280151307582855225e-02,1.392989419400691986e-03,1.529811532236635685e-03,-2.264041081070899963e-02,-1.057028025388717651e-02,7.633358240127563477e-03,1.207006815820932388e-02,-8.692818693816661835e-03,-1.872296631336212158e-02,-1.880024746060371399e-02,-4.011979326605796814e-02,-1.104631740599870682e-02,3.857474075630307198e-03,1.233041193336248398e-02,-1.913602836430072784e-02,-3.325211117044091225e-03,-1.064015831798315048e-02,-3.021767130121588707e-03,2.040716633200645447e-02,8.885506540536880493e-03,-1.183120813220739365e-02,-3.819595556706190109e-03,-2.347836457192897797e-02,-1.264007110148668289e-02,-5.316981580108404160e-03,-7.429075427353382111e-03,1.472557336091995239e-02,1.318006892688572407e-03,1.759692840278148651e-02,2.096292190253734589e-02,2.566003939136862755e-03,5.862585734575986862e-03,-1.018870249390602112e-02,-7.399333640933036804e-03,-7.338690105825662613e-03,-1.782490685582160950e-02,-8.903535082936286926e-03,-1.917439885437488556e-02,-1.358675677329301834e-02,-8.693296462297439575e-03,6.698070210404694080e-04,1.192888617515563965e-02,-3.057899698615074158e-02,1.029073540121316910e-02,5.248349159955978394e-03,-2.095308620482683182e-03,-1.771154254674911499e-02,-3.773371875286102295e-02,-1.375096663832664490e-02,5.821875110268592834e-02
1.016685925424098969e-02,4.360834509134292603e-02,-1.053881272673606873e-02,-1.983268931508064270e-02,3.226625965908169746e-03,5.192070081830024719e-02,3.145660459995269775e-02,-8.417245745658874512e-02,-2.925318107008934021e-02,-1.024964172393083572e-02,-7.599592953920364380e-02,-1.777476444840431213e-02,-5.610646307468414307e-02,-2.192145772278308868e-02,-3.254639916121959686e-03,-3.522734716534614563e-02,-6.079049780964851379e-02,-1.586560346186161041e-02,2.241331338882446289e-02,6.119111552834510803e-02,3.811940178275108337e-02,-4.599449783563613892e-02,-2.688212692737579346e-02,6.054081022739410400e-02,7.689021527767181396e-02,1.885387301445007324e-02,-9.037933312356472015e-03,3.617810830473899841e-02,2.221162058413028717e-02,-5.981284193694591522e-03,-7.755152881145477295e-03,1.784004084765911102e-02,4.795692861080169678e-02,4.693302884697914124e-02,-1.225225254893302917e-02,1.378880813717842102e-02,5.004875734448432922e-02,-7.831826806068420410e-02,-1.295014377683401108e-02,2.964375540614128113e-02,-1.173788029700517654e-02,2.888001129031181335e-02,1.249251235276460648e-02,1.791028073057532310e-03,-1.300538610666990280e-02,-2.690047211945056915e-02,-1.456264872103929520e-02,4.344848915934562683e-02,7.231586147099733353e-03,-2.485150471329689026e-03,2.839445322751998901e-02,-3.329931572079658508e-02,-2.865900099277496338e-02,1.617811806499958038e-02,9.822141379117965698e-03,1.489654183387756348e-02,-2.551430463790893555e-02,-4.132996127009391785e-02,-4.000033065676689148e-02,2.109226072207093239e-03,-1.808919757604598999e-02,1.048743724822998047e-04,1.189530361443758011e-02,1.070285588502883911e-02,8.509775996208190918e-02,-1.191070862114429474e-02,3.142034262418746948e-02,1.595185883343219757e-02,4.412835091352462769e-02,-4.070996365044265985e-04,-4.990207962691783905e-03,-6.807258725166320801e-02,6.577846407890319824e-02,6.655287742614746094e-02,9.436177089810371399e-03,-4.578796681016683578e-03,-3.131089732050895691e-02,-1.830784371122717857e-03,-5.983592942357063293e-02,1.223500072956085205e-02,-5.164202302694320679e-02,-1.626771129667758942e-02,-5.432849284261465073e-03,-1.114536821842193604e-02,5.341448821127414703e-03,1.426159287802875042e-03,9.203549707308411598e-04,-1.149457599967718124e-02,-3.946366533637046814e-02,-3.143528848886489868e-02,2.561648935079574585e-02,3.773481771349906921e-02,-3.660362586379051208e-02,9.866650216281414032e-04,-1.788172125816345215e-02,3.741575777530670166e-02,2.690169401466846466e-02,2.348184958100318909e-02,-3.526541218161582947e-02,-3.571063652634620667e-02,-3.774419426918029785e-02,4.365123808383941650e-02,1.247677952051162720e-02,3.613007068634033203e-02,5.838285759091377258e-02,-2.599769504740834236e-03,2.017560601234436035e-02,7.734993100166320801e-02,1.479297224432229996e-02,7.683691568672657013e-03,5.108712939545512199e-04,1.716596819460391998e-02,3.012150712311267853e-02,-2.576850354671478271e-02,-4.502679407596588135e-02,-4.745453596115112305e-02,-5.347349215298891068e-03,2.544222958385944366e-02,1.685072109103202820e-02,-1.402411144226789474e-02,-7.736447453498840332e-02,1.980236358940601349e-02,-2.136694639921188354e-02,-3.975370433181524277e-03,-4.565588012337684631e-02,-6.988679524511098862e-03,2.960415370762348175e-02,6.091327592730522156e-02
4.615660756826400757e-03,-2.350320294499397278e-02,-1.666728034615516663e-02,-3.474636375904083252e-02,1.421817578375339508e-02,4.928508773446083069e-02,3.741263225674629211e-02,-6.978273391723632812e-02,3.032406559213995934e-03,-4.349632561206817627e-02,-5.991619825363159180e-02,-4.783822968602180481e-02,-8.328157663345336914e-02,-2.762737870216369629e-02,-4.126048181205987930e-03,-5.942780897021293640e-02,6.019816733896732330e-03,3.864037990570068359e-02,2.972218766808509827e-02,4.490928724408149719e-02,4.332906007766723633e-02,-4.713669046759605408e-02,-3.764619305729866028e-02,1.196217909455299377e-01,6.045606359839439392e-02,-2.132768556475639343e-02,1.490634400397539139e-02,2.437871322035789490e-02,-1.920341700315475464e-02,-2.931347815319895744e-03,-1.655522547662258148e-02,-6.742628663778305054e-02,3.710046783089637756e-02,-5.497037200257182121e-04,-5.244053155183792114e-02,-1.638736762106418610e-02,2.257130108773708344e-02,-8.589711971580982208e-03,-6.914954632520675659e-02,3.244865220040082932e-03,-3.175903344526886940e-03,-1.767841866239905357e-03,3.571426868438720703e-02,-3.270963206887245178e-02,-1.942643336951732635e-02,-4.426070675253868103e-02,8.739576674997806549e-03,5.671428889036178589e-02,-6.940761953592300415e-02,3.209995478391647339e-02,6.638716161251068115e-02,-3.019022941589355469e-02,-6.942980736494064331e-02,-1.967134326696395874e-02,-1.792006380856037140e-02,-5.177512764930725098e-02,-4.862645268440246582e-02,-3.527699410915374756e-02,-5.734189599752426147e-02,-7.360265590250492096e-03,-3.855140507221221924e-02,3.284833580255508423e-02,5.473796743899583817e-03,-2.912900783121585846e-02,6.499003618955612183e-02,-9.795231744647026062e-03,-9.505283087491989136e-03,3.244294971227645874e-02,-4.598167259246110916e-03,6.598199903964996338e-02,3.766964375972747803e-02,-3.659059479832649231e-02,1.249713748693466187e-01,1.228360757231712341e-01,7.812700420618057251e-02,-4.211609251797199249e-03,4.107356444001197815e-02,2.269554510712623596e-02,4.025258589535951614e-03,4.157832637429237366e-02,2.660802192986011505e-02,-1.611435785889625549e-02,4.392714239656925201e-03,-2.701417542994022369e-02,2.251565456390380859e-04,-1.572668552398681641e-04,-5.718957632780075073e-02,1.861124671995639801e-02,-6.407437473535537720e-02,-3.119877167046070099e-02,5.732722952961921692e-02,2.455741912126541138e-02,1.730769686400890350e-02,3.381643071770668030e-02,-2.247875742614269257e-02,-3.532394533976912498e-03,6.147267669439315796e-02,-4.067219328135251999e-03,-3.303451836109161377e-02,3.028065711259841919e-02,1.135497703216969967e-03,1.846389658749103546e-02,-3.318443521857261658e-02,1.445046812295913696e-02,1.007924973964691162e-02,1.200022175908088684e-02,6.189621612429618835e-02,7.886898517608642578e-02,-6.136893061921000481e-04,-2.904845960438251495e-02,3.804714605212211609e-02,3.105407208204269409e-02,9.598972275853157043e-03,-2.665111795067787170e-02,1.400572713464498520e-02,9.382835589349269867e-03,4.760832712054252625e-02,1.481928117573261261e-02,-3.568602353334426880e-02,3.229676932096481323e-02,-3.735120594501495361e-02,-2.722475118935108185e-02,-3.913190960884094238e-02,-2.150990255177021027e-02,-1.232510805130004883e-02,-3.809630870819091797e-02,2.912921644747257233e-02,8.537471294403076172e-02
2.799482457339763641e-02,1.063580811023712158e-02,1.417307998053729534e-03,-2.277927473187446594e-02,5.776191595941781998e-03,1.030289288610219955e-02,-3.579571610316634178e-03,-2.813761308789253235e-02,-3.214437281712889671e-03,-2.817159332334995270e-02,-1.784608885645866394e-02,-2.677780576050281525e-02,-4.242648929357528687e-02,-2.617705427110195160e-02,5.784029606729745865e-03,-8.044248446822166443e-03,-1.039917487651109695e-02,1.923201605677604675e-02,1.675958186388015747e-02,3.834645496681332588e-03,8.914651349186897278e-03,-2.915676124393939972e-02,-2.325899153947830200e-02,2.962580323219299316e-02,2.108493819832801819e-02,-1.269111223518848419e-02,1.170191261917352676e-02,3.612472442910075188e-03,3.360211849212646484e-04,3.303336678072810173e-03,-5.779142025858163834e-03,-1.996087841689586639e-02,1.888551004230976105e-02,1.201381068676710129e-02,-8.838064968585968018e-03,-1.037661544978618622e-02,8.215181529521942139e-03,-9.785636328160762787e-03,-1.395137887448072433e-02,1.390197500586509705e-02,-8.436627686023712158e-03,-4.263702314347028732e-03,8.505287580192089081e-03,-2.416974306106567383e-02,-1.238249894231557846e-02,-2.466663718223571777e-02,-2.065417123958468437e-03,1.635348983108997345e-02,-4.596704617142677307e-02,-6.991003639996051788e-03,2.251530438661575317e-02,-1.552647538483142853e-02,-1.566037535667419434e-02,2.814017003402113914e-03,-5.746181588619947433e-03,-7.990457117557525635e-03,-1.228604465723037720e-02,-1.356408186256885529e-02,-2.701634913682937622e-02,-1.390343718230724335e-02,-2.886393293738365173e-02,8.909644559025764465e-03,6.206928519532084465e-04,-1.853518746793270111e-02,1.607690751552581787e-02,-4.748308565467596054e-03,-2.821932546794414520e-02,9.220537031069397926e-04,-1.414961367845535278e-02,1.286304462701082230e-02,-3.074934007599949837e-03,-1.796740479767322540e-02,4.134228453040122986e-02,4.057850688695907593e-02,8.358403109014034271e-03,-8.819618262350559235e-03,2.309903502464294434e-02,2.443816140294075012e-02,3.411934943869709969e-03,1.023736409842967987e-02,-5.238783080130815506e-03,-2.968186698853969574e-02,-1.519691105931997299e-02,-6.333951372653245926e-03,1.154657360166311264e-02,4.636164288967847824e-03,-8.114635944366455078e-03,1.165954023599624634e-02,-2.205964364111423492e-02,-1.875794306397438049e-02,1.508088689297437668e-02,2.292302437126636505e-02,-7.272024638950824738e-03,6.859670858830213547e-03,-1.944281719624996185e-02,-2.445633057504892349e-03,2.565178461372852325e-02,1.132114883512258530e-02,-1.443765405565500259e-02,7.323818746954202652e-03,6.357374601066112518e-03,5.898079369217157364e-03,4.658545367419719696e-03,-5.790198221802711487e-03,-5.714920349419116974e-03,8.753939531743526459e-03,1.493625808507204056e-02,1.436304487287998199e-02,-8.529754355549812317e-03,-1.268685236573219299e-02,7.364348042756319046e-03,1.309757865965366364e-02,-1.496672630310058594e-04,-1.788187026977539062e-02,1.479475945234298706e-02,4.687214735895395279e-03,9.701274335384368896e-03,3.099997527897357941e-03,-1.226086448878049850e-02,2.321447478607296944e-03,-3.327883780002593994e-02,-6.516423076391220093e-03,-1.862319372594356537e-02,-1.517399773001670837e-02,-2.382485941052436829e-02,-4.442429542541503906e-02,-6.810975726693868637e-03,4.081397503614425659e-02
1.500630844384431839e-02,1.325422152876853943e-02,-4.690671805292367935e-03,5.190027877688407898e-03,1.091956510208547115e-03,8.102805353701114655e-03,-1.398741151206195354e-03,-3.644770011305809021e-02,-1.193326525390148163e-02,-3.463045461103320122e-03,-4.042001068592071533e-02,-1.224122755229473114e-02,-3.686154261231422424e-02,-1.696891523897647858e-02,6.738142576068639755e-03,-1.105075702071189880e-02,-2.628036960959434509e-02,-1.667714305222034454e-02,1.586241461336612701e-02,1.735366880893707275e-02,1.109542418271303177e-02,-3.088605962693691254e-02,-1.731168851256370544e-02,2.411440014839172363e-02,3.829018399119377136e-02,-4.017032682895660400e-03,-1.714421994984149933e-02,1.188835874199867249e-02,8.256038650870323181e-03,1.602705940604209900e-02,1.539457216858863831e-02,1.075863931328058243e-02,2.612684294581413269e-02,2.293470501899719238e-02,-1.970735378563404083e-03,9.851195849478244781e-03,2.522412873804569244e-02,-4.261583462357521057e-02,5.232392577454447746e-04,9.289980866014957428e-03,-1.246819831430912018e-02,1.193529181182384491e-02,1.420211419463157654e-02,6.493983324617147446e-03,-8.521587587893009186e-03,-2.056678012013435364e-02,-7.838207297027111053e-03,3.857176052406430244e-03,-1.711247605271637440e-03,-7.804144639521837234e-03,-7.620305288583040237e-03,-3.972866386175155640e-02,-2.475009299814701080e-02,3.987112548202276230e-03,-1.382051967084407806e-03,-2.106130123138427734e-04,-2.461927942931652069e-02,-1.343946997076272964e-02,-2.339350245893001556e-02,-4.424155689775943756e-03,-1.090933196246623993e-02,-2.832911442965269089e-03,2.060702443122863770e-02,1.729506440460681915e-02,4.344037175178527832e-02,-8.339657448232173920e-03,8.359981700778007507e-03,7.351801730692386627e-03,2.085493505001068115e-02,-1.249126065522432327e-02,-2.767466241493821144e-03,-2.579375728964805603e-02,2.690622210502624512e-02,2.196107618510723114e-02,-8.276391774415969849e-03,-1.477001816965639591e-03,-9.027652442455291748e-03,-4.655237775295972824e-03,-3.535342961549758911e-02,-1.039504539221525192e-03,-2.053052559494972229e-02,-9.207107126712799072e-03,-1.046312414109706879e-02,-5.645542871206998825e-03,-1.050025317817926407e-02,-1.514344126917421818e-03,2.436364535242319107e-03,-8.329585194587707520e-03,-7.489034440368413925e-03,-3.362552961334586143e-03,1.429075933992862701e-02,1.594631560146808624e-02,-2.177475020289421082e-02,6.411968497559428215e-04,-8.117555640637874603e-03,1.036740746349096298e-02,1.607577502727508545e-02,2.602769806981086731e-02,-1.835360564291477203e-02,-1.290690619498491287e-02,-1.416936982423067093e-02,2.206128276884555817e-02,1.709619350731372833e-02,1.700559072196483612e-02,6.362203042954206467e-03,-7.466742303222417831e-03,1.918790279887616634e-03,1.122773159295320511e-02,-1.488773734308779240e-03,1.452090591192245483e-02,-1.346750929951667786e-02,7.856861688196659088e-03,1.416980172507464886e-03,-1.686836034059524536e-02,-1.618622243404388428e-02,-3.284431248903274536e-02,-1.386517658829689026e-02,-7.996209897100925446e-03,4.657681565731763840e-03,4.259049019310623407e-04,-2.789816074073314667e-02,1.055311504751443863e-02,-5.389459431171417236e-03,-8.329257369041442871e-03,-3.587064519524574280e-02,-1.579871401190757751e-02,-1.129209413193166256e-03,4.879327118396759033e-02
1.712622493505477905e-02,2.876251004636287689e-02,2.996375784277915955e-03,-2.603032067418098450e-02,-5.588532425463199615e-03,1.981770619750022888e-02,7.752202451229095459e-03,-4.859969392418861389e-02,-2.715113386511802673e-02,-4.885187372565269470e-03,-4.229993745684623718e-02,-1.498011872172355652e-02,-2.929194644093513489e-02,-1.350013632327318192e-02,-5.954969674348831177e-03,-1.937105320394039154e-02,-2.830991148948669434e-02,-1.523674651980400085e-02,9.677375666797161102e-03,3.020708262920379639e-02,1.201911456882953644e-02,-3.829066082835197449e-02,-2.674877084791660309e-02,2.421200647950172424e-02,3.637877106666564941e-02,2.147551858797669411e-03,-1.861634105443954468e-02,1.615350879728794098e-02,1.953922398388385773e-02,1.536176819354295731e-02,-8.145628497004508972e-03,-1.343091856688261032e-02,3.342782706022262573e-02,2.846520580351352692e-02,-2.798562310636043549e-02,4.005499649792909622e-03,1.901194639503955841e-02,-4.690153524279594421e-02,-2.304705791175365448e-02,-2.028492279350757599e-03,-8.946984075009822845e-03,5.240630358457565308e-03,4.587349016219377518e-03,-3.569199936464428902e-03,-8.489464409649372101e-03,-2.341905795037746429e-02,-1.720565557479858398e-02,3.947058226913213730e-03,-7.689770776778459549e-03,-1.534993946552276611e-02,-2.852759556844830513e-03,-3.269593790173530579e-02,-6.800069008022546768e-03,1.196291577070951462e-02,1.168585196137428284e-02,4.650651535484939814e-04,-2.886408194899559021e-02,-1.469875592738389969e-02,-1.238714717328548431e-02,3.831933485344052315e-03,-1.545460894703865051e-02,1.029252354055643082e-02,1.052790693938732147e-02,1.471594814211130142e-02,4.356824606657028198e-02,1.468062400817871094e-04,1.755715720355510712e-02,1.772584393620491028e-02,2.536920085549354553e-02,-2.125799655914306641e-04,-8.526326157152652740e-03,-3.592264652252197266e-02,3.532077744603157043e-02,3.635847195982933044e-02,9.984636679291725159e-03,1.806643605232238770e-02,-2.419931814074516296e-02,-5.427127704024314880e-03,-2.493329159915447235e-02,1.118629705160856247e-03,-2.673486247658729553e-02,-1.047921460121870041e-02,7.458398584276437759e-03,6.183932069689035416e-03,2.054568845778703690e-03,-1.378174684941768646e-02,-1.971489749848842621e-02,-4.245642572641372681e-03,-2.123051509261131287e-02,-2.982357144355773926e-02,-1.313029904849827290e-03,5.307683721184730530e-03,-2.465391904115676880e-02,-8.874234044924378395e-04,7.184292189776897430e-03,2.414290420711040497e-02,2.634546905755996704e-02,1.648654974997043610e-02,-1.762141846120357513e-02,-3.090311773121356964e-03,-9.786768816411495209e-03,1.444275025278329849e-02,1.724221184849739075e-02,1.512447651475667953e-02,3.311197832226753235e-02,1.231536455452442169e-02,1.071617566049098969e-02,2.352476865053176880e-02,-4.989462904632091522e-03,1.363693550229072571e-02,-1.629586517810821533e-02,6.755546666681766510e-03,2.291882596909999847e-02,-4.027918726205825806e-02,-1.575661264359951019e-02,-2.553470991551876068e-02,-1.217936724424362183e-02,1.384734176099300385e-03,4.865428898483514786e-03,-9.024165570735931396e-03,-2.926142327487468719e-02,9.762095287442207336e-03,-3.412561025470495224e-03,1.895752968266606331e-03,-3.103516809642314911e-02,-1.826381124556064606e-02,9.358132258057594299e-03,4.626732319593429565e-02
1.545574143528938293e-02,3.081555478274822235e-02,1.229493841528892517e-01,-1.264631003141403198e-01,-8.449182659387588501e-02,9.921793639659881592e-02,5.268970876932144165e-02,-3.165894001722335815e-02,8.752148598432540894e-02,1.966052874922752380e-02,-6.519743800163269043e-02,1.761549152433872223e-02,-1.696084067225456238e-02,3.133817017078399658e-02,2.103283442556858063e-02,-1.002863198518753052e-01,1.610938273370265961e-02,1.137384101748466492e-01,8.173196017742156982e-02,9.289278835058212280e-02,1.614376530051231384e-02,-7.508436590433120728e-02,-8.183829486370086670e-02,1.508784592151641846e-01,1.374486088752746582e-01,-3.713501151651144028e-03,5.352490395307540894e-02,4.459225386381149292e-02,-8.668055757880210876e-03,-2.015433833003044128e-02,1.750820688903331757e-02,-1.372403502464294434e-01,8.535308390855789185e-02,3.293731808662414551e-02,-1.247303858399391174e-01,-1.349989883601665497e-02,6.001519039273262024e-02,-2.263147383928298950e-02,-9.234851226210594177e-03,-2.834564819931983948e-02,-1.077893190085887909e-02,-8.174030482769012451e-02,-4.955883324146270752e-02,-4.809952899813652039e-02,3.006969578564167023e-02,-4.398643597960472107e-02,9.215462952852249146e-02,4.990674555301666260e-02,-5.859933793544769287e-02,4.297292605042457581e-02,2.539582923054695129e-02,6.118514761328697205e-02,2.503776922821998596e-03,-5.424129217863082886e-02,-6.319323927164077759e-02,-1.186175718903541565e-01,3.921220079064369202e-03,-3.827697038650512695e-02,-1.394078284502029419e-01,-1.001422759145498276e-02,-5.020339414477348328e-02,-5.102184414863586426e-02,-3.035625256597995758e-02,1.275088824331760406e-02,1.707937121391296387e-01,-6.987129803746938705e-03,3.116140514612197876e-02,5.834316834807395935e-02,-6.019122898578643799e-02,8.249451406300067902e-03,-1.078203134238719940e-02,3.419206943362951279e-03,1.278205066919326782e-01,6.467329710721969604e-02,-2.980195730924606323e-02,8.038043230772018433e-02,4.402950778603553772e-02,1.180888898670673370e-02,-6.558433920145034790e-02,1.117093488574028015e-02,-4.165508225560188293e-02,-4.382134974002838135e-02,-5.823212116956710815e-02,3.143674507737159729e-02,7.742366939783096313e-02,-9.514451771974563599e-02,-5.697112157940864563e-02,3.675240650773048401e-02,-7.734311372041702271e-02,3.051033010706305504e-03,4.197028651833534241e-02,6.486038118600845337e-02,3.341244999319314957e-03,5.547881871461868286e-02,-2.892366424202919006e-02,1.506017800420522690e-02,-5.929170292802155018e-04,4.657175019383430481e-02,3.460163623094558716e-02,-5.735455197282135487e-04,-1.067487522959709167e-02,9.712837636470794678e-02,6.582577526569366455e-02,7.644327729940414429e-02,-3.600931540131568909e-02,-3.306893259286880493e-02,4.955761507153511047e-02,-4.480849206447601318e-02,6.840427964925765991e-02,-4.549918230623006821e-03,3.653711080551147461e-02,4.801675304770469666e-02,3.713335841894149780e-02,-1.567715033888816833e-02,-7.568547129631042480e-02,2.167578786611557007e-03,1.001261621713638306e-01,1.244557052850723267e-01,1.852806843817234039e-02,5.303904414176940918e-02,-1.267497539520263672e-01,-9.044399484992027283e-03,2.171618863940238953e-02,7.050650566816329956e-02,1.939926296472549438e-02,-9.285423159599304199e-02,1.339179370552301407e-02,1.465581208467483521e-01
2.228153310716152191e-02,6.090445909649133682e-03,6.049942225217819214e-02,-8.676391839981079102e-02,6.972676143050193787e-03,5.698348209261894226e-02,-2.594767510890960693e-02,-1.089493837207555771e-02,9.897351264953613281e-05,7.169331889599561691e-03,-7.056023180484771729e-02,-9.392729029059410095e-03,-2.639347873628139496e-02,-2.236231602728366852e-02,-6.919213570654392242e-03,-4.441980645060539246e-02,9.711377322673797607e-03,2.853042073547840118e-02,4.625262692570686340e-02,3.813204914331436157e-02,8.458202704787254333e-03,-4.208726063370704651e-02,-4.610777646303176880e-02,6.943747401237487793e-02,8.445857465267181396e-02,-1.328991912305355072e-02,3.257384896278381348e-02,4.090379551053047180e-02,3.801729530096054077e-02,-8.270760066807270050e-03,5.605071783065795898e-03,-6.636450439691543579e-02,2.540403977036476135e-03,-1.950249075889587402e-02,-6.674475222826004028e-02,2.430225256830453873e-03,-4.301431588828563690e-03,-3.144252300262451172e-02,-2.631795033812522888e-02,-1.408716198056936264e-02,2.085603401064872742e-02,-1.799412816762924194e-02,-1.406132127158343792e-03,2.963791973888874054e-02,2.039879560470581055e-02,-6.195755302906036377e-02,2.695041336119174957e-02,6.807191297411918640e-03,1.540380995720624924e-02,2.140972390770912170e-02,4.194050282239913940e-02,3.805443644523620605e-02,-3.580766543745994568e-02,-1.725785247981548309e-02,-2.157418616116046906e-02,-4.308293387293815613e-02,-3.725457191467285156e-02,-2.985790558159351349e-02,-7.825621217489242554e-02,-2.283670566976070404e-02,-1.009257044643163681e-02,-1.262168399989604950e-02,-1.894476450979709625e-02,-2.080399356782436371e-02,6.673433631658554077e-02,-2.636462263762950897e-02,3.571367263793945312e-02,4.361955821514129639e-02,2.053451724350452423e-02,3.717948868870735168e-02,1.281396858394145966e-02,-1.016560848802328110e-02,7.961717993021011353e-02,5.294196307659149170e-02,7.828372530639171600e-03,5.259266868233680725e-02,1.263142842799425125e-02,2.180260606110095978e-02,-3.356539085507392883e-02,-1.835020817816257477e-02,-5.712805432267487049e-04,-1.740991882979869843e-02,-1.969952508807182312e-02,1.564053073525428772e-02,3.459511697292327881e-02,-5.486273020505905151e-02,-2.123030833899974823e-02,-7.138786837458610535e-03,-3.861556202173233032e-02,6.101621780544519424e-03,5.726094916462898254e-02,2.938794717192649841e-02,-3.991867974400520325e-02,1.831791363656520844e-02,-1.473629847168922424e-02,-9.233480319380760193e-03,1.529723219573497772e-02,3.192391619086265564e-02,3.852596133947372437e-02,-4.669155459851026535e-03,-3.446071594953536987e-02,3.683589026331901550e-02,3.857288882136344910e-02,4.008375853300094604e-02,-9.187588468194007874e-03,-3.722689300775527954e-02,3.531574830412864685e-02,9.874111041426658630e-03,1.574144698679447174e-02,2.927735634148120880e-02,-1.080959453247487545e-03,-4.485249053686857224e-03,1.422690507024526596e-02,-3.952085971832275391e-04,-4.130592569708824158e-02,-5.281428340822458267e-03,4.683251678943634033e-02,4.419887065887451172e-02,-2.663694135844707489e-02,8.407692424952983856e-03,-6.231993809342384338e-02,2.333517931401729584e-02,6.149506568908691406e-02,3.957786783576011658e-02,-1.963270641863346100e-02,-8.128167688846588135e-02,-1.695884577929973602e-02,9.628808498382568359e-02
3.634022921323776245e-02,5.984177812933921814e-02,5.753054842352867126e-02,-2.208838984370231628e-02,-1.313977222889661789e-02,4.479757323861122131e-02,-7.838982157409191132e-03,-5.147026106715202332e-02,-6.869982462376356125e-03,5.263685015961527824e-04,-4.986589774489402771e-02,-3.650963678956031799e-02,-6.918021012097597122e-03,8.458172902464866638e-03,-4.605305194854736328e-02,-4.586950317025184631e-02,-3.065715543925762177e-02,-5.488190799951553345e-03,1.364471111446619034e-02,3.877684846520423889e-02,1.302418857812881470e-02,-1.959633082151412964e-02,-3.400813415646553040e-02,6.864635646343231201e-02,6.643377989530563354e-02,1.050850749015808105e-02,-9.097712114453315735e-03,2.867201343178749084e-02,2.622292004525661469e-02,-1.147127337753772736e-02,-5.828736466355621815e-04,-6.220113858580589294e-02,3.866058588027954102e-02,3.829277306795120239e-02,-1.787129417061805725e-02,3.861213847994804382e-02,3.656252473592758179e-02,-2.157088369131088257e-03,-2.044821530580520630e-02,-5.137457046657800674e-03,-5.990563076920807362e-04,-4.438728559762239456e-03,1.433235406875610352e-02,-1.519976649433374405e-03,-2.003848366439342499e-02,-7.843448966741561890e-02,-3.139545023441314697e-02,2.609842689707875252e-03,1.832545176148414612e-02,-1.067210268229246140e-02,-3.983744420111179352e-03,5.704966373741626740e-03,2.785346284508705139e-02,8.195067755877971649e-03,-2.878540754318237305e-02,-1.829467527568340302e-02,-3.869462758302688599e-02,-1.290312223136425018e-02,-3.521898016333580017e-02,-2.215411514043807983e-03,-5.405361205339431763e-02,-8.057300001382827759e-03,5.690005607903003693e-03,2.476793155074119568e-02,6.588581949472427368e-02,-1.485741883516311646e-02,3.747976943850517273e-02,4.147136583924293518e-02,2.497296780347824097e-02,5.860559176653623581e-03,2.333338372409343719e-03,-1.467968709766864777e-02,4.426877200603485107e-02,1.024246122688055038e-02,2.139500714838504791e-02,3.042565844953060150e-02,1.000037230551242828e-02,1.762088201940059662e-02,-9.559090831317007542e-04,-2.286083064973354340e-02,-5.295468121767044067e-02,4.239712376147508621e-03,-5.589695181697607040e-03,-1.371026411652565002e-02,-3.151031583547592163e-02,-3.318006172776222229e-02,-1.456574629992246628e-02,-4.280719440430402756e-03,-1.842918805778026581e-02,-2.490499801933765411e-02,4.486734792590141296e-02,3.519975394010543823e-02,-2.606275118887424469e-02,-3.075232030823826790e-03,3.936861827969551086e-02,3.794962167739868164e-02,4.870839416980743408e-02,3.151868283748626709e-02,-3.028273954987525940e-02,-1.236611045897006989e-02,-2.478187344968318939e-02,1.197501271963119507e-02,2.820831164717674255e-02,1.061983685940504074e-02,4.020846262574195862e-02,1.570476964116096497e-02,2.440438419580459595e-02,1.802398078143596649e-02,-1.462948042899370193e-02,1.701634563505649567e-02,1.666873879730701447e-02,-1.212804811075329781e-03,3.898249939084053040e-02,-6.463526515290141106e-04,-4.111182317137718201e-02,-1.027938257902860641e-02,-1.359265670180320740e-02,4.815132543444633484e-02,2.735736407339572906e-02,-4.598823375999927521e-03,-4.197656363248825073e-02,-1.114904880523681641e-04,-2.114558592438697815e-02,-1.115523092448711395e-02,-2.586204931139945984e-02,1.893488108180463314e-03,-3.102525323629379272e-02,7.175332307815551758e-02
1.993773318827152252e-02,1.115234009921550751e-02,2.388475835323333740e-02,-4.178791865706443787e-02,-5.424058530479669571e-03,2.592477016150951385e-02,-3.230500500649213791e-03,8.509041741490364075e-03,2.449394576251506805e-02,1.050466205924749374e-02,-8.637689985334873199e-03,6.132286973297595978e-03,7.411551661789417267e-03,-7.895841263234615326e-03,3.967472817748785019e-03,-3.987658396363258362e-02,3.491000039502978325e-03,7.372989784926176071e-03,-7.701660972088575363e-03,1.792518072761595249e-03,9.514387929812073708e-04,-4.811353236436843872e-02,-1.318056508898735046e-02,5.550713464617729187e-02,4.368455335497856140e-02,-2.601444721221923828e-04,-2.473999559879302979e-02,2.343055792152881622e-02,9.371933410875499249e-04,1.945373835042119026e-03,-2.319450723007321358e-03,-3.696624934673309326e-02,9.682560339570045471e-03,-8.698570542037487030e-03,-2.365129999816417694e-02,2.308613993227481842e-02,6.130337715148925781e-05,-2.202357165515422821e-02,-1.196377910673618317e-02,3.222603118047118187e-03,-1.310660783201456070e-02,-3.702600672841072083e-02,-1.477908622473478317e-02,-1.686034840531647205e-03,-1.246337033808231354e-02,-5.168405547738075256e-02,-5.800777580589056015e-03,2.356882439926266670e-03,-2.017206326127052307e-02,2.596730180084705353e-02,7.230095565319061279e-03,-1.500472798943519592e-02,-1.213893201202154160e-02,2.622508443892002106e-03,-3.154696524143218994e-02,-2.759747952222824097e-02,-1.883027516305446625e-02,-1.069984585046768188e-02,-4.614651948213577271e-02,-1.282293628901243210e-02,-2.629433386027812958e-02,-1.949459500610828400e-02,-1.949536986649036407e-02,-2.270336728543043137e-03,4.686317592859268188e-02,-2.754949033260345459e-03,2.539368718862533569e-02,1.772235892713069916e-02,-2.801364473998546600e-02,2.959063649177551270e-02,-1.402250211685895920e-02,-2.059025317430496216e-02,5.149258300662040710e-02,5.143245309591293335e-02,1.328425854444503784e-02,5.337663926184177399e-03,-1.424380112439393997e-02,-1.259060576558113098e-02,-1.271426584571599960e-02,6.820065900683403015e-03,-2.039325237274169922e-02,-2.338134869933128357e-02,-2.363468753173947334e-03,3.184069413691759109e-03,2.158088982105255127e-02,-2.984462305903434753e-02,-4.188334103673696518e-03,-4.445135593414306641e-03,-3.778579831123352051e-02,-5.515939742326736450e-02,1.470668148249387741e-02,7.176841143518686295e-03,-2.148660831153392792e-02,1.756078936159610748e-02,-1.561169140040874481e-02,-9.407994220964610577e-04,1.203982345759868622e-02,-1.021662447601556778e-02,-1.102912239730358124e-02,2.131875837221741676e-03,-1.398537587374448776e-02,-5.310127977281808853e-03,-1.427586097270250320e-02,1.645064540207386017e-02,5.564092425629496574e-04,1.142978086136281490e-03,1.529365498572587967e-02,-2.425689250230789185e-02,1.329987123608589172e-02,2.636670507490634918e-02,-8.969274349510669708e-03,1.559777557849884033e-02,-1.295428443700075150e-02,-6.698119454085826874e-03,8.841522037982940674e-03,1.988676376640796661e-03,1.941913366317749023e-02,1.434150338172912598e-02,1.299081556499004364e-02,-9.569709189236164093e-03,-4.317514970898628235e-02,1.622534170746803284e-02,1.224951073527336121e-02,1.354822888970375061e-02,-1.098177209496498108e-02,-6.469815969467163086e-02,-9.015434421598911285e-03,8.176525682210922241e-02
-1.199241448193788528e-02,1.232725474983453751e-02,1.735989600419998169e-01,-1.397697180509567261e-01,1.180757209658622742e-01,1.841077506542205811e-01,2.129724249243736267e-02,-5.458957701921463013e-02,4.656740650534629822e-02,8.754927664995193481e-02,-1.597712934017181396e-01,-5.005787685513496399e-02,2.438678219914436340e-02,-1.245904900133609772e-02,2.602975443005561829e-02,-8.826491981744766235e-02,-6.854664068669080734e-03,8.285928517580032349e-03,-2.533423900604248047e-02,7.346059381961822510e-02,4.217472299933433533e-02,-9.335402399301528931e-02,-9.309962391853332520e-02,1.793734282255172729e-01,2.380050867795944214e-01,1.216735970228910446e-02,8.594478480517864227e-03,5.580247845500707626e-03,4.361637681722640991e-02,1.765815308317542076e-03,-3.399503976106643677e-02,-1.306616216897964478e-01,-1.497058779932558537e-03,-7.363947480916976929e-02,-7.184590678662061691e-03,1.273914724588394165e-01,1.333803683519363403e-01,-7.376737147569656372e-02,2.988961338996887207e-02,8.260864764451980591e-02,4.177458584308624268e-02,3.491149842739105225e-02,5.414246022701263428e-02,-1.334352605044841766e-02,-7.400666177272796631e-02,-1.207547113299369812e-01,1.044315993785858154e-01,1.450143158435821533e-01,-2.737064659595489502e-02,-1.605587080121040344e-02,1.099504232406616211e-01,-3.575834631919860840e-02,-1.046388819813728333e-01,-3.940947726368904114e-02,-3.205020725727081299e-02,-1.011177673935890198e-01,-8.143746852874755859e-02,-2.573285438120365143e-02,-1.466047316789627075e-01,2.822650596499443054e-02,3.348769620060920715e-02,6.625733803957700729e-03,4.627100378274917603e-02,3.484667092561721802e-02,1.639732271432876587e-01,-7.953835278749465942e-02,1.301781684160232544e-01,8.418660610914230347e-02,1.985902525484561920e-02,9.939993917942047119e-02,3.284056484699249268e-02,-6.859485805034637451e-02,2.235395461320877075e-01,1.725669801235198975e-01,1.431286334991455078e-01,1.455331444740295410e-01,-2.564305206760764122e-03,1.107788085937500000e-01,-1.281063072383403778e-02,-6.256654858589172363e-02,-2.185598388314247131e-02,7.971384562551975250e-03,-3.698425367474555969e-02,-3.813392296433448792e-02,1.118593290448188782e-01,-1.123491302132606506e-02,-6.150452792644500732e-02,-2.865012735128402710e-02,-2.377547509968280792e-02,-5.099800601601600647e-02,1.025872901082038879e-01,6.745802611112594604e-02,-7.389530539512634277e-02,2.231534197926521301e-02,-1.904257014393806458e-02,6.203352240845561028e-04,2.574557065963745117e-02,3.146684542298316956e-02,1.961471140384674072e-02,-9.027682989835739136e-02,-7.689003646373748779e-02,1.287660896778106689e-01,4.279298335313796997e-02,6.031062081456184387e-02,3.090094588696956635e-02,-3.410357236862182617e-02,5.197685211896896362e-02,9.975907206535339355e-02,3.939474746584892273e-02,4.261592403054237366e-02,-2.815279923379421234e-02,1.272806338965892792e-02,-2.358904667198657990e-02,-4.508762620389461517e-03,-1.027812995016574860e-02,-2.706923894584178925e-02,1.077121496200561523e-02,1.677007041871547699e-02,-1.402504891157150269e-01,5.884058400988578796e-02,-1.380660533905029297e-01,5.052943527698516846e-02,1.077451109886169434e-01,9.335482120513916016e-02,1.119706872850656509e-02,-1.634175181388854980e-01,6.541659682989120483e-02,1.929849237203598022e-01
1.369721349328756332e-02,8.584943599998950958e-03,1.983745582401752472e-02,-1.585985161364078522e-02,2.033715881407260895e-02,9.019933640956878662e-03,-3.702295478433370590e-03,-3.306321054697036743e-02,1.879566162824630737e-02,4.383580386638641357e-02,-4.456007480621337891e-02,-2.667097933590412140e-02,8.870061719790101051e-04,-2.856210432946681976e-02,1.088936626911163330e-02,-4.023000225424766541e-02,-2.843542583286762238e-02,4.747350513935089111e-02,-4.827491007745265961e-03,3.441371768712997437e-02,2.385681867599487305e-02,-3.883335739374160767e-02,-1.408248301595449448e-02,4.057282209396362305e-02,2.012606523931026459e-02,3.504947060719132423e-03,6.178618967533111572e-02,-3.679407760500907898e-03,-5.723621696233749390e-03,3.346800804138183594e-04,-1.650022529065608978e-02,5.827181506901979446e-03,3.975053876638412476e-02,1.592832058668136597e-02,-5.429690238088369370e-03,6.406784988939762115e-03,4.252481088042259216e-02,-7.344538718461990356e-02,-9.288460016250610352e-03,3.487721784040331841e-03,5.140914581716060638e-03,1.331500802189111710e-02,4.001821205019950867e-02,1.962207071483135223e-02,-5.967337638139724731e-03,-4.771539941430091858e-02,1.235621701925992966e-02,1.691504754126071930e-02,9.915621951222419739e-03,1.036863029003143311e-02,3.601074591279029846e-02,6.069793831557035446e-03,1.148432493209838867e-02,6.228693760931491852e-03,2.255679666996002197e-02,6.256259512156248093e-03,-1.781522296369075775e-02,-3.928524255752563477e-02,-4.735771566629409790e-02,1.892623840831220150e-03,-5.945999175310134888e-03,-9.741205722093582153e-03,7.329868618398904800e-03,-1.647609286010265350e-02,4.196698218584060669e-02,-2.608642727136611938e-02,1.507039833813905716e-02,2.813252247869968414e-02,-3.180807083845138550e-02,-2.598756225779652596e-03,2.528602257370948792e-03,-3.394889831542968750e-02,5.990535393357276917e-02,6.189885735511779785e-02,2.301450120285153389e-03,3.702073916792869568e-02,9.829710237681865692e-03,-1.412450219504535198e-03,-1.499057654291391373e-02,2.771275863051414490e-02,1.313062384724617004e-02,3.576174005866050720e-02,-2.312660217285156250e-04,2.027218602597713470e-02,3.052873909473419189e-02,-1.115645281970500946e-02,-7.581088691949844360e-03,5.444949492812156677e-03,-5.322757735848426819e-02,-4.885303974151611328e-02,3.581772744655609131e-02,2.636620029807090759e-02,3.016887791454792023e-02,1.138077583163976669e-02,2.269688621163368225e-02,4.963237792253494263e-03,8.181359618902206421e-03,-3.899059817194938660e-02,-4.204248636960983276e-02,8.712278679013252258e-03,-3.293079510331153870e-02,-2.551549812778830528e-03,7.380351424217224121e-03,-4.838130436837673187e-03,1.771496981382369995e-02,2.786709927022457123e-02,2.067583985626697540e-02,-4.302176646888256073e-03,3.218102967366576195e-03,5.986290518194437027e-03,1.919475733302533627e-03,1.772903092205524445e-02,7.126060780137777328e-03,-4.529953002929687500e-05,1.071781385689973831e-02,-1.212507579475641251e-02,-1.079061347991228104e-02,1.343306340277194977e-02,-2.910516224801540375e-03,7.558916229754686356e-03,-4.970854520797729492e-02,-5.657999310642480850e-03,-6.977234780788421631e-02,-7.148560136556625366e-03,-1.878645271062850952e-02,-3.450111253187060356e-03,-3.139544511213898659e-03,6.358728557825088501e-02
1.542785298079252243e-02,5.835675168782472610e-03,1.243443787097930908e-02,-3.165721148252487183e-02,-2.579965256154537201e-02,8.940338157117366791e-03,-5.813472904264926910e-03,-2.408297546207904816e-02,-3.354655578732490540e-03,-1.766381552442908287e-03,-3.388558328151702881e-02,-1.431730855256319046e-02,-2.075924910604953766e-02,-2.323086606338620186e-03,-2.385134575888514519e-03,-2.627569064497947693e-02,-1.842466648668050766e-03,-1.203720085322856903e-02,-6.372033385559916496e-04,1.924726925790309906e-02,9.518335573375225067e-03,-2.111615426838397980e-02,-2.945598773658275604e-02,2.403276041150093079e-02,2.649684995412826538e-02,5.589486099779605865e-03,-8.340342901647090912e-03,2.774053998291492462e-02,1.254284102469682693e-02,-2.042015455663204193e-02,-2.123504318296909332e-02,-1.228565722703933716e-02,-1.232019159942865372e-02,1.551038678735494614e-02,-3.190042451024055481e-02,-5.582840181887149811e-03,4.413277842104434967e-03,-2.853378467261791229e-02,2.316232072189450264e-03,9.392223320901393890e-03,3.749054856598377228e-03,-1.148083806037902832e-02,-1.079672202467918396e-02,1.147984876297414303e-03,-4.906763788312673569e-03,-3.718913346529006958e-02,2.484256634488701820e-03,1.505254418589174747e-03,-2.063991315662860870e-02,-6.281024310737848282e-03,4.961191443726420403e-04,-5.053089465945959091e-03,-1.285234745591878891e-02,-6.593166617676615715e-04,-9.979869239032268524e-03,-7.110028527677059174e-03,-1.839409209787845612e-02,-1.482086069881916046e-02,-1.728496514260768890e-02,-8.135885000228881836e-03,-1.456398982554674149e-02,-1.848016120493412018e-02,-2.012786455452442169e-03,8.066776208579540253e-03,3.523945808410644531e-02,-1.358333043754100800e-02,2.350504742935299873e-03,3.900299314409494400e-03,-1.340186689049005508e-02,8.908690884709358215e-03,-1.022308599203824997e-03,-2.471068687736988068e-02,2.585352957248687744e-02,2.948531322181224823e-02,-2.989699831232428551e-03,1.798665151000022888e-02,-9.308724664151668549e-03,-9.430933743715286255e-03,-1.669603213667869568e-02,-6.065367488190531731e-04,-5.661396775394678116e-03,-6.017641630023717880e-03,8.612568490207195282e-03,-1.320201903581619263e-02,-2.019634097814559937e-02,-1.532821916043758392e-02,-5.020217970013618469e-03,-3.463999135419726372e-03,-2.398537099361419678e-02,-1.644293218851089478e-02,1.359441503882408142e-02,1.658522896468639374e-02,-9.178217733278870583e-04,1.365385949611663818e-02,6.102813873440027237e-03,-8.485441096127033234e-03,2.160579152405261993e-02,8.611405268311500549e-03,-1.475360989570617676e-02,2.457375172525644302e-03,-7.521814201027154922e-03,1.537955645471811295e-02,-7.865982130169868469e-03,1.819150522351264954e-02,-2.811453770846128464e-03,-2.079720050096511841e-02,5.776012316346168518e-03,1.065854541957378387e-02,-1.718336716294288635e-02,6.283528171479701996e-03,-4.024364054203033447e-03,1.597229763865470886e-02,1.372572872787714005e-02,-1.428911928087472916e-02,-2.952518872916698456e-02,-1.572723686695098877e-02,-1.127368025481700897e-02,6.899335887283086777e-03,3.925094380974769592e-03,-5.558909382671117783e-03,-4.038397595286369324e-02,-1.567839179188013077e-03,-1.106372009962797165e-02,3.411964746192097664e-03,-1.925978250801563263e-02,1.688301563262939453e-04,-4.216406960040330887e-03,5.378296226263046265e-02
1.143232733011245728e-02,-1.305177994072437286e-02,7.112531457096338272e-03,-4.039623960852622986e-02,-1.661895075812935829e-03,-4.298838786780834198e-03,2.744905883446335793e-03,-1.495187170803546906e-02,-1.045850478112697601e-02,-6.605319213122129440e-03,-4.022286087274551392e-02,-1.863085106015205383e-02,-7.373556029051542282e-03,-9.526559151709079742e-03,-1.612512860447168350e-03,-1.331128552556037903e-02,8.759125135838985443e-03,-2.268846845254302025e-03,6.803674623370170593e-03,-3.443226916715502739e-03,4.819951951503753662e-03,-2.993797138333320618e-02,-2.119584195315837860e-02,1.516625005751848221e-02,2.940000966191291809e-02,-7.267465349286794662e-03,-9.880935773253440857e-03,1.688829250633716583e-02,1.720049977302551270e-02,4.161893739365041256e-04,-1.778719830326735973e-03,-4.983919672667980194e-03,-1.921360380947589874e-02,-1.436381484381854534e-03,-2.067863941192626953e-02,9.071826934814453125e-05,2.141621196642518044e-03,3.466978901997208595e-03,1.078387815505266190e-02,-2.133962232619524002e-03,4.481970332562923431e-03,5.753095727413892746e-03,3.069927217438817024e-03,-9.390524588525295258e-03,-3.999747801572084427e-03,-3.089367784559726715e-02,-1.767558418214321136e-02,-7.245293818414211273e-03,-8.583870716392993927e-03,9.232735261321067810e-03,-1.955416984856128693e-03,7.368966471403837204e-03,4.885455593466758728e-03,6.694365292787551880e-03,-5.390561651438474655e-03,-2.638184698298573494e-03,-1.936014741659164429e-02,-2.190079772844910622e-03,-2.459786273539066315e-02,-8.590278215706348419e-03,-1.273306738585233688e-02,-6.189623847603797913e-03,1.649307459592819214e-02,1.573542878031730652e-02,2.970443852245807648e-02,-1.341619901359081268e-02,-2.285690046846866608e-02,2.506935968995094299e-03,-3.113151155412197113e-02,-7.644562982022762299e-03,-1.136021502315998077e-02,7.923525758087635040e-03,3.548153862357139587e-02,3.002735972404479980e-02,-8.309410884976387024e-03,1.407467667013406754e-02,-2.824149793013930321e-03,-7.366910576820373535e-03,-3.426871821284294128e-02,4.937846213579177856e-03,1.032322179526090622e-03,-1.728204777464270592e-03,-1.553772483021020889e-03,8.129803463816642761e-03,-1.216297782957553864e-02,-8.382481522858142853e-03,-1.167959440499544144e-02,1.515457127243280411e-02,-1.547922100871801376e-02,-7.297564763575792313e-03,2.062031254172325134e-02,1.690476946532726288e-02,-3.410485014319419861e-02,2.745323115959763527e-03,-1.396559178829193115e-02,8.803050033748149872e-03,-2.739928895607590675e-03,-7.706429343670606613e-03,2.629839815199375153e-03,-2.079586125910282135e-02,7.121203467249870300e-03,2.482666634023189545e-02,2.304074354469776154e-02,-1.779198646545410156e-05,-2.408119104802608490e-02,-2.520762942731380463e-02,-5.609512794762849808e-03,-4.092372022569179535e-03,3.370480844751000404e-03,1.080461870878934860e-02,-1.113198790699243546e-02,1.257993932813405991e-02,1.505958195775747299e-02,-2.936823479831218719e-02,-2.863803505897521973e-02,-1.019555702805519104e-02,-7.943850010633468628e-03,1.669519953429698944e-02,9.100364521145820618e-03,-2.002716064453125000e-04,-3.124527633190155029e-02,6.437301635742187500e-05,-1.215856801718473434e-02,5.951631348580121994e-03,-2.022190205752849579e-02,-3.648275882005691528e-02,-1.458862982690334320e-02,5.498718842864036560e-02
1.916605792939662933e-02,2.731966041028499603e-02,1.128714811056852341e-02,-1.308285817503929138e-02,2.049353905022144318e-03,6.265979260206222534e-02,3.624162077903747559e-02,-8.030421286821365356e-02,-2.358851023018360138e-02,-1.820160262286663055e-02,-8.930046856403350830e-02,-2.464760467410087585e-02,-6.605237722396850586e-02,-7.306951563805341721e-03,1.894173794426023960e-03,-3.972051292657852173e-02,-3.584928065538406372e-02,-2.281677909195423126e-02,9.201564826071262360e-03,6.076605618000030518e-02,3.367841988801956177e-02,-4.990041628479957581e-02,-5.142709985375404358e-02,5.495709180831909180e-02,7.812647521495819092e-02,-4.450052976608276367e-03,-2.452426776289939880e-02,4.758278280496597290e-02,3.674839064478874207e-02,4.765771701931953430e-02,9.294479154050350189e-03,-4.330488387495279312e-03,6.040333211421966553e-02,4.631014168262481689e-02,-2.951738610863685608e-02,2.185163460671901703e-02,6.182152405381202698e-02,-8.450020104646682739e-02,-2.861001715064048767e-02,-4.584697540849447250e-03,2.854964928701519966e-03,3.711972385644912720e-02,2.091004326939582825e-02,-1.050645112991333008e-02,-2.205139398574829102e-02,-3.280379995703697205e-02,-4.069841932505369186e-03,2.762883529067039490e-02,-4.101580940186977386e-03,-1.758799143135547638e-02,2.409539930522441864e-02,-3.738424181938171387e-02,-1.350404229015111923e-02,3.080209018662571907e-03,-1.232490036636590958e-02,-4.888771800324320793e-04,-5.107843875885009766e-02,-4.222182184457778931e-02,-2.721611782908439636e-02,-3.926971927285194397e-03,2.295698272064328194e-03,-1.240687351673841476e-02,2.493996731936931610e-02,4.251532256603240967e-02,8.028156310319900513e-02,-2.074253745377063751e-02,2.737192623317241669e-02,3.157411888241767883e-02,3.026273287832736969e-02,-1.742049306631088257e-02,-1.764480583369731903e-02,-4.149606078863143921e-02,5.567749217152595520e-02,4.022199660539627075e-02,3.470259904861450195e-02,2.024510875344276428e-02,4.456549882888793945e-03,1.667010970413684845e-02,-4.943429306149482727e-02,7.595124188810586929e-03,-4.499423131346702576e-02,1.448797993361949921e-02,4.816822241991758347e-03,3.177959937602281570e-03,2.915053814649581909e-02,-4.545716568827629089e-03,-1.049378700554370880e-02,5.504879169166088104e-03,-1.944538205862045288e-02,-2.894903533160686493e-02,2.542403712868690491e-02,2.630511485040187836e-02,-3.755506500601768494e-02,2.493230998516082764e-02,2.881149388849735260e-02,5.518289655447006226e-02,2.092839591205120087e-02,3.648469597101211548e-02,-3.308256343007087708e-02,-3.826054185628890991e-02,-3.051575832068920135e-02,4.527460411190986633e-02,3.625864908099174500e-02,1.271283533424139023e-02,4.937084764242172241e-02,1.432782504707574844e-02,2.845061570405960083e-02,3.605613857507705688e-02,-1.299558300524950027e-02,3.008333407342433929e-02,-3.420983999967575073e-02,-1.136989984661340714e-02,2.602245658636093140e-02,-2.829496376216411591e-02,-4.299619048833847046e-02,-4.137944057583808899e-02,-1.171490456908941269e-02,1.343857683241367340e-02,1.603170856833457947e-02,6.884614005684852600e-03,-5.681002885103225708e-02,2.745293080806732178e-03,-1.814452186226844788e-02,-1.319275051355361938e-02,-3.890450671315193176e-02,-2.570527605712413788e-02,-1.084308885037899017e-02,5.052620172500610352e-02
-6.217011716216802597e-03,2.184380032122135162e-02,8.055333048105239868e-03,-1.442123670130968094e-02,-1.062287483364343643e-02,1.430023461580276489e-02,-4.236314911395311356e-03,-4.807086661458015442e-02,-1.796785183250904083e-02,-6.773040164262056351e-03,-4.987874254584312439e-02,-1.930479519069194794e-02,-2.515527047216892242e-02,-2.795500867068767548e-02,1.189223397523164749e-02,-3.026014007627964020e-02,-3.944560512900352478e-02,-9.692722000181674957e-03,-6.206670776009559631e-03,3.200316801667213440e-02,1.520462706685066223e-02,-2.467974275350570679e-02,-4.441799223423004150e-02,1.548208016902208328e-02,3.034431487321853638e-02,1.247180346399545670e-02,-1.987445726990699768e-02,4.503129981458187103e-03,1.266930159181356430e-02,2.183564007282257080e-02,9.276987984776496887e-03,4.362226929515600204e-03,3.356848657131195068e-02,9.000832214951515198e-03,-1.758173666894435883e-02,1.428682543337345123e-02,1.929562166333198547e-02,-5.105647072196006775e-02,-1.141552068293094635e-02,-7.617563009262084961e-03,-7.182359695434570312e-05,1.315735280513763428e-02,7.137892302125692368e-03,1.508934888988733292e-02,-1.234030537307262421e-02,-1.741402782499790192e-02,-1.397872995585203171e-02,6.186962127685546875e-05,-1.176875084638595581e-02,-2.237172797322273254e-02,-3.876696340739727020e-03,-1.712163724005222321e-02,8.437034557573497295e-04,1.979765482246875763e-03,-1.541702426038682461e-03,1.375406049191951752e-03,-3.751798719167709351e-02,-2.711134590208530426e-02,-8.302735164761543274e-03,-1.142884138971567154e-02,-3.171522635966539383e-03,1.128908526152372360e-02,2.254836633801460266e-02,2.102794870734214783e-02,3.604042157530784607e-02,-1.225263997912406921e-02,1.225505396723747253e-02,7.093489170074462891e-03,1.289459969848394394e-02,-1.795989833772182465e-02,-4.072285722941160202e-03,-4.194353707134723663e-03,2.162032946944236755e-02,2.385357208549976349e-02,9.002083912491798401e-03,2.862743334844708443e-03,-4.838339053094387054e-03,3.429190721362829208e-03,-2.997393719851970673e-02,7.770977914333343506e-03,-1.685191318392753601e-02,4.404009785503149033e-03,-5.554081872105598450e-03,-3.954777028411626816e-03,1.197605486959218979e-02,-5.862019490450620651e-03,-2.261639945209026337e-02,-9.031496942043304443e-03,1.598803675733506680e-03,-6.844234187155961990e-03,8.983517996966838837e-03,2.096304111182689667e-02,-8.263874799013137817e-03,-5.958545953035354614e-03,-6.821466144174337387e-03,1.549689099192619324e-02,8.629047311842441559e-03,2.164377085864543915e-02,-7.150706369429826736e-03,-3.545725345611572266e-02,2.810351550579071045e-03,2.273078262805938721e-02,2.533543109893798828e-02,1.589188165962696075e-02,1.521017029881477356e-02,-1.904604258015751839e-03,6.571525707840919495e-03,4.455893766134977341e-03,-7.390006445348262787e-03,1.012266799807548523e-02,-1.410816702991724014e-02,-1.150408107787370682e-02,8.920700289309024811e-03,-1.858494244515895844e-02,-1.425154693424701691e-02,-1.492910832166671753e-02,-8.077235892415046692e-03,-5.497161298990249634e-03,-6.637206766754388809e-03,1.247335225343704224e-02,-2.515125088393688202e-02,8.585122413933277130e-03,-4.608151037245988846e-03,2.984514692798256874e-03,-2.009058743715286255e-02,-1.746587082743644714e-02,-4.404813982546329498e-03,3.957869857549667358e-02
1.901016011834144592e-02,2.300509065389633179e-02,9.000822156667709351e-02,-1.484939604997634888e-01,3.682181239128112793e-02,1.308026760816574097e-01,-7.685334235429763794e-02,-5.321218818426132202e-02,-6.546956300735473633e-02,5.425305664539337158e-02,-5.910975113511085510e-02,-1.801456697285175323e-02,3.793340642005205154e-03,5.857076868414878845e-02,6.507223844528198242e-02,-1.246681511402130127e-01,4.591199755668640137e-02,8.506868034601211548e-02,-4.501093924045562744e-02,3.228739649057388306e-02,6.157831102609634399e-02,-5.577417090535163879e-02,-1.279746089130640030e-02,1.365329027175903320e-01,1.290936917066574097e-01,-2.040936984121799469e-02,-3.218543156981468201e-02,2.697114273905754089e-02,1.570163643918931484e-03,9.148669429123401642e-03,-5.317013338208198547e-02,-7.339730858802795410e-02,-8.386176079511642456e-03,-1.054292451590299606e-02,-5.991949513554573059e-02,7.299266010522842407e-02,5.091045796871185303e-02,-5.635304003953933716e-02,4.668995738029479980e-02,1.181783303618431091e-01,1.885992102324962616e-02,-3.459642454981803894e-02,5.775582045316696167e-02,-4.968975856900215149e-02,-9.711065888404846191e-02,-1.064673140645027161e-01,9.369252622127532959e-02,1.227564886212348938e-01,1.082953158766031265e-02,5.807805806398391724e-02,6.160271540284156799e-02,-8.234208077192306519e-02,-6.907839328050613403e-02,-7.052751258015632629e-03,-1.005928404629230499e-02,-5.881210789084434509e-03,-8.551239967346191406e-02,-6.222860142588615417e-02,-1.573679596185684204e-01,-3.397294878959655762e-02,6.045803893357515335e-03,5.524226278066635132e-02,4.332930222153663635e-02,4.993658512830734253e-02,1.642733663320541382e-01,-9.050405770540237427e-02,1.197194680571556091e-01,1.411736607551574707e-01,5.069688707590103149e-02,6.846013665199279785e-02,2.537840977311134338e-03,-5.639145523309707642e-02,1.981496363878250122e-01,1.175369396805763245e-01,6.130685657262802124e-02,1.369663178920745850e-01,-1.502204127609729767e-02,6.005220115184783936e-02,-1.202441845089197159e-02,1.335019990801811218e-02,-4.991542920470237732e-02,-6.060601398348808289e-02,4.352455213665962219e-02,2.288126759231090546e-02,8.321638405323028564e-02,2.296058833599090576e-02,-4.917912185192108154e-02,-3.738459572196006775e-02,-7.745103538036346436e-02,-8.321380615234375000e-02,1.446369886398315430e-01,3.953644633293151855e-02,-6.219199672341346741e-02,3.008786030113697052e-02,-2.971715293824672699e-02,-6.825374066829681396e-02,5.482873320579528809e-02,2.364164777100086212e-02,6.620272248983383179e-02,-1.704547852277755737e-01,-3.063413873314857483e-02,1.014948412775993347e-01,-1.093263551592826843e-02,2.387698553502559662e-02,1.483805105090141296e-02,-3.008383885025978088e-02,-2.302808500826358795e-02,3.518129885196685791e-02,9.191350638866424561e-02,9.734083712100982666e-02,-8.069863170385360718e-02,1.966160163283348083e-02,5.133968591690063477e-02,1.416999567300081253e-02,-6.751880981028079987e-03,4.117180407047271729e-02,4.656353965401649475e-02,-2.413191273808479309e-02,-8.470048755407333374e-02,4.882413893938064575e-02,-1.097692251205444336e-01,-1.551986113190650940e-02,5.392571911215782166e-02,3.733808547258377075e-02,-6.025379151105880737e-02,-1.604785174131393433e-01,4.869331791996955872e-02,1.485022008419036865e-01
