-6.128548411652445793e-04,7.296718657016754150e-02,1.617398262023925781e-01,-1.064530313014984131e-01,1.019938290119171143e-01,1.520435065031051636e-01,2.440912276506423950e-02,2.926195785403251648e-02,4.913946613669395447e-02,7.451114803552627563e-02,-1.676445901393890381e-01,-1.444272045046091080e-02,3.808413445949554443e-02,-4.726104810833930969e-02,8.468353748321533203e-02,-1.214363351464271545e-01,-1.367945410311222076e-02,4.140276461839675903e-02,-3.286393731832504272e-02,3.813069080933928490e-03,2.782648056745529175e-02,-6.758423894643783569e-02,-8.255162090063095093e-02,1.923615336418151855e-01,1.939050257205963135e-01,-1.459478167816996574e-03,-8.131979964673519135e-03,-2.984572574496269226e-02,3.064366616308689117e-02,2.526990696787834167e-02,7.544910535216331482e-03,-1.167268976569175720e-01,5.617892742156982422e-02,-8.244844526052474976e-02,-3.017775341868400574e-02,1.338486820459365845e-01,3.807782381772994995e-02,-3.050089813768863678e-02,1.064871624112129211e-01,1.183547303080558777e-01,7.597091142088174820e-03,-2.621389739215373993e-02,-3.401834890246391296e-02,-8.751465938985347748e-03,-1.067265868186950684e-01,-1.206142529845237732e-01,1.231982707977294922e-01,1.680702418088912964e-01,3.603288903832435608e-02,3.377186506986618042e-02,1.106888502836227417e-01,-9.693843871355056763e-02,-1.251136064529418945e-01,-1.910251379013061523e-02,-6.693246960639953613e-02,-1.630758196115493774e-01,-1.216079592704772949e-01,-6.038070097565650940e-02,-1.839811801910400391e-01,-1.717507839202880859e-04,1.844086498022079468e-02,5.965489428490400314e-03,1.427288167178630829e-02,1.900181733071804047e-02,1.710993945598602295e-01,-9.969467669725418091e-02,6.204281374812126160e-02,9.346675872802734375e-02,2.269060164690017700e-02,1.230619326233863831e-01,1.596356742084026337e-02,-6.797032803297042847e-02,2.032049000263214111e-01,1.451999545097351074e-01,2.207276821136474609e-01,1.818411201238632202e-01,-9.676419198513031006e-02,1.892069540917873383e-02,1.560930535197257996e-02,-2.295996528118848801e-03,-6.524008512496948242e-02,-7.074594497680664062e-03,-3.531682118773460388e-02,-4.390609636902809143e-02,1.211095303297042847e-01,-7.756505161523818970e-02,-2.686527185142040253e-02,7.565317209810018539e-04,-6.580883264541625977e-02,-1.229635700583457947e-01,1.162507012486457825e-01,5.013897642493247986e-02,-7.175644487142562866e-02,6.325136125087738037e-02,-1.032759621739387512e-02,-6.929247826337814331e-02,6.975764036178588867e-02,1.825901493430137634e-02,-3.307940810918807983e-02,-1.084460169076919556e-01,-6.982662528753280640e-02,3.169383481144905090e-02,-5.627473443746566772e-02,5.013225972652435303e-02,8.181902021169662476e-02,-2.355827763676643372e-02,8.236327767372131348e-02,5.236721038818359375e-02,3.864526003599166870e-02,4.661629348993301392e-02,-5.511331930756568909e-02,-4.737791046500205994e-02,-8.418157696723937988e-02,-2.726820111274719238e-02,-1.195332035422325134e-02,5.034626647830009460e-02,1.310994476079940796e-02,4.016311839222908020e-02,-9.692232310771942139e-02,3.550897911190986633e-02,-1.269439458847045898e-01,5.623004958033561707e-02,1.128124818205833435e-01,8.813194930553436279e-02,-3.064277395606040955e-02,-2.226628065109252930e-01,-4.128004238009452820e-02,1.765440404415130615e-01
1.885562948882579803e-02,6.221526116132736206e-02,5.828180536627769470e-02,-2.456989698112010956e-02,8.765409886837005615e-02,3.900934383273124695e-02,1.171442773193120956e-02,-2.073821797966957092e-02,2.220381423830986023e-02,1.710781455039978027e-02,-4.793010652065277100e-02,-1.558526232838630676e-02,3.445342555642127991e-02,-6.742052733898162842e-02,4.258427768945693970e-02,-5.770469829440116882e-02,1.044809352606534958e-03,5.481411144137382507e-02,3.901874274015426636e-02,2.005623839795589447e-02,-1.757139898836612701e-02,-7.730785757303237915e-02,-1.346965506672859192e-02,1.137148812413215637e-01,1.353358030319213867e-01,1.058661006391048431e-02,-1.197289675474166870e-02,5.717244464904069901e-03,3.272502496838569641e-02,-3.675541281700134277e-02,8.180139120668172836e-04,-4.603184759616851807e-02,-1.945378258824348450e-02,-1.369631942361593246e-02,-1.714773476123809814e-02,9.172901511192321777e-02,4.284138604998588562e-02,-2.963205240666866302e-02,-1.002039667218923569e-02,6.011090427637100220e-02,5.266872420907020569e-02,-6.713199429214000702e-03,2.144961059093475342e-02,1.209080778062343597e-02,-3.611364215612411499e-02,-8.262593299150466919e-02,3.761362517252564430e-03,5.648024752736091614e-02,-4.432730749249458313e-02,1.573215052485466003e-02,2.886631153523921967e-02,-7.164610922336578369e-02,-6.006695330142974854e-02,-3.213779255747795105e-02,-2.081230469048023224e-02,-4.109239578247070312e-02,-7.574665546417236328e-02,-2.228373661637306213e-02,-7.869020849466323853e-02,5.628227721899747849e-03,2.610185369849205017e-02,1.200788002461194992e-02,2.806518971920013428e-02,2.093914523720741272e-02,1.030040979385375977e-01,-3.416096046566963196e-02,5.872211605310440063e-02,5.789408832788467407e-02,1.982461661100387573e-02,3.351525962352752686e-02,-9.302493417635560036e-04,-4.212099686264991760e-02,1.101195886731147766e-01,9.241005778312683105e-02,6.539084017276763916e-02,9.626883268356323242e-02,-3.098145313560962677e-02,2.913770638406276703e-02,3.861854318529367447e-03,2.312242053449153900e-02,-5.676490440964698792e-02,-1.471846015192568302e-03,2.167674712836742401e-02,-3.485903842374682426e-03,8.437154442071914673e-02,-8.051429875195026398e-03,-2.563391253352165222e-02,1.152112614363431931e-02,-4.998454079031944275e-02,-7.399933040142059326e-02,5.582153052091598511e-02,3.177785128355026245e-02,-2.778854034841060638e-02,1.221616752445697784e-02,-2.998805046081542969e-02,2.845347486436367035e-02,-2.668582601472735405e-03,3.061460703611373901e-02,2.670939825475215912e-02,-2.232484333217144012e-02,-5.702105350792407990e-03,4.950651153922080994e-02,-3.846000181511044502e-03,9.734650142490863800e-03,4.120849072933197021e-02,1.517383963800966740e-03,4.690819606184959412e-02,3.028878383338451385e-02,1.795521751046180725e-02,4.123097285628318787e-03,-3.005719184875488281e-02,2.318130619823932648e-02,1.286803861148655415e-03,2.875051693990826607e-03,1.274450961500406265e-02,5.404051020741462708e-02,3.909308090806007385e-02,2.493516914546489716e-02,-6.556476000696420670e-03,3.641534596681594849e-02,-8.621658384799957275e-02,5.360329896211624146e-02,6.388100236654281616e-02,-2.896806923672556877e-03,-3.082588687539100647e-02,-1.319773942232131958e-01,-2.281555719673633575e-02,1.248353049159049988e-01
4.479655995965003967e-02,5.166429281234741211e-02,1.282970756292343140e-01,-1.839016526937484741e-01,8.947976678609848022e-02,8.772757649421691895e-02,-4.056878387928009033e-03,-3.219379112124443054e-02,6.397844851016998291e-02,4.313805699348449707e-02,-1.149129271507263184e-01,-1.585678197443485260e-02,6.126095354557037354e-02,-9.280990064144134521e-02,6.184239313006401062e-02,-9.447893500328063965e-02,-1.227764040231704712e-02,6.856332719326019287e-02,3.871135041117668152e-02,6.169264391064643860e-02,2.013157866895198822e-02,-8.850976079702377319e-02,-9.570401906967163086e-02,1.947079300880432129e-01,2.308708578348159790e-01,-8.639983832836151123e-03,2.765251137316226959e-02,-2.597948163747787476e-02,3.110438957810401917e-02,1.738235913217067719e-02,-2.422856725752353668e-02,-1.344936192035675049e-01,4.212236776947975159e-02,-5.960782989859580994e-02,-6.752298213541507721e-03,1.371379047632217407e-01,9.342134743928909302e-02,-5.966592580080032349e-03,6.783010065555572510e-02,7.273184508085250854e-02,-1.800205372273921967e-02,-3.127383068203926086e-02,2.326128259301185608e-02,2.157383039593696594e-02,-2.106873132288455963e-02,-8.982171863317489624e-02,9.279105812311172485e-02,1.318939179182052612e-01,-1.595725119113922119e-02,7.029951363801956177e-02,7.692231982946395874e-02,-9.354244172573089600e-02,-1.029158607125282288e-01,-5.326993018388748169e-02,-6.610125303268432617e-02,-1.011744737625122070e-01,-1.430892348289489746e-01,-3.052787296473979950e-02,-1.601527035236358643e-01,3.833467513322830200e-02,3.016849048435688019e-02,7.199579384177923203e-03,6.794870644807815552e-02,4.978910833597183228e-02,2.035672962665557861e-01,-5.472078174352645874e-02,3.908825665712356567e-02,5.819148942828178406e-02,2.779881469905376434e-02,7.074669748544692993e-02,3.496478125452995300e-02,-3.258340805768966675e-02,2.024415731430053711e-01,1.084454506635665894e-01,1.120869591832160950e-01,1.349163949489593506e-01,-3.361608833074569702e-02,3.190943971276283264e-02,-7.696551829576492310e-02,-9.511510841548442841e-03,-5.189074948430061340e-02,-1.475605461746454239e-02,3.852199064567685127e-03,-1.983632519841194153e-02,1.356388628482818604e-01,3.230287507176399231e-02,-1.924154907464981079e-02,3.030307590961456299e-02,-3.541885316371917725e-02,-5.582658201456069946e-02,1.061944216489791870e-01,9.436710923910140991e-02,-5.366240441799163818e-02,4.790706560015678406e-02,-3.237909078598022461e-02,-4.396230913698673248e-03,2.990587428212165833e-02,3.230620920658111572e-02,-3.351943567395210266e-03,-9.967154264450073242e-02,-3.963788226246833801e-02,9.025514125823974609e-02,-3.197390586137771606e-03,3.375394269824028015e-02,-9.258982609026134014e-04,-2.055245079100131989e-02,3.743150085210800171e-02,6.040080264210700989e-02,7.035612314939498901e-02,4.937091097235679626e-02,-1.489636301994323730e-02,2.397670410573482513e-02,-2.288433536887168884e-02,-3.790781646966934204e-02,-9.822260588407516479e-03,6.335186958312988281e-02,-7.051648106426000595e-03,1.941368356347084045e-02,-2.309278026223182678e-02,4.430707916617393494e-02,-1.429113894701004028e-01,5.324570834636688232e-02,6.088788807392120361e-02,7.174857705831527710e-02,-2.360190497711300850e-03,-1.574352383613586426e-01,4.713832458946853876e-04,1.888173967599868774e-01
3.967823460698127747e-02,1.027868688106536865e-01,1.685116142034530640e-01,-8.819786459207534790e-02,7.994487881660461426e-02,1.523640304803848267e-01,4.982415959239006042e-02,-1.034020911902189255e-03,-2.162887714803218842e-02,1.460799761116504669e-02,-1.445546895265579224e-01,-2.437531948089599609e-04,8.553713560104370117e-02,-8.148287236690521240e-02,4.898183047771453857e-02,-1.086283028125762939e-01,5.386230722069740295e-02,7.903981953859329224e-02,6.570419669151306152e-02,1.197816208004951477e-01,3.361421078443527222e-02,-5.478606745600700378e-02,-7.660439610481262207e-02,1.970062106847763062e-01,2.380199730396270752e-01,-1.976715214550495148e-02,-2.832530811429023743e-02,-2.125348150730133057e-02,3.191114589571952820e-02,-4.585671424865722656e-02,-2.725491859018802643e-02,-9.720909595489501953e-02,1.004356369376182556e-01,-3.108711913228034973e-02,-1.779454573988914490e-02,1.313729584217071533e-01,5.416133254766464233e-02,-6.062460690736770630e-02,7.290081679821014404e-02,8.665998280048370361e-02,4.939894750714302063e-02,-4.389657825231552124e-02,-8.598949015140533447e-02,5.563767161220312119e-03,-1.027073990553617477e-02,-1.613522619009017944e-01,3.854452818632125854e-02,1.129658818244934082e-01,3.463544696569442749e-02,1.176497042179107666e-01,1.014929711818695068e-01,1.000880450010299683e-02,-3.195728734135627747e-02,-5.901744123548269272e-03,-8.434724807739257812e-02,-8.601513504981994629e-02,-1.469126343727111816e-01,-9.084322303533554077e-02,-1.412627846002578735e-01,5.299785640090703964e-03,8.944688364863395691e-03,2.165530063211917877e-02,6.533469539135694504e-03,6.510164588689804077e-02,1.779356747865676880e-01,-3.093500621616840363e-02,8.314144611358642578e-02,1.123987138271331787e-01,8.023977279663085938e-02,1.597939878702163696e-01,-2.163766510784626007e-02,-4.176825284957885742e-02,2.257978320121765137e-01,1.558123230934143066e-01,1.214045882225036621e-01,1.623932719230651855e-01,-1.094520241022109985e-01,6.629642844200134277e-02,-4.597392398864030838e-03,7.241959124803543091e-02,-6.022383645176887512e-02,-3.212234377861022949e-02,7.103122025728225708e-02,-6.515559274703264236e-03,4.211094230413436890e-02,-2.348759584128856659e-02,-5.531229823827743530e-02,2.085526101291179657e-02,-5.376079306006431580e-02,-1.047689467668533325e-01,1.695976108312606812e-01,6.727270781993865967e-02,-8.876806497573852539e-02,7.502114772796630859e-02,-2.413069270551204681e-02,-3.177423262968659401e-03,1.352629903703927994e-02,3.947271034121513367e-02,-1.371412537992000580e-03,-8.411213010549545288e-02,-2.157344110310077667e-02,4.004725068807601929e-02,-9.933689236640930176e-02,2.763446606695652008e-02,1.269964873790740967e-01,2.891368977725505829e-02,7.364721596240997314e-02,7.146910578012466431e-02,1.789920963346958160e-02,1.055460609495639801e-02,-4.915102943778038025e-02,-1.641957322135567665e-03,-1.478016003966331482e-02,-3.102727420628070831e-02,4.532335791736841202e-03,7.594384253025054932e-02,-2.731004357337951660e-02,6.895667314529418945e-02,1.107921451330184937e-02,4.430190473794937134e-02,-1.059101745486259460e-01,8.998397737741470337e-02,5.485710874199867249e-02,5.580536648631095886e-02,-5.420801043510437012e-02,-2.359545826911926270e-01,-9.642056375741958618e-02,1.794993579387664795e-01
1.341206729412078857e-01,1.186285689473152161e-01,9.047541767358779907e-02,-1.587507128715515137e-01,1.102105677127838135e-01,1.087338849902153015e-01,2.823332138359546661e-02,-1.010845378041267395e-01,1.270601153373718262e-02,8.136720955371856689e-02,-1.461918056011199951e-01,-2.087611332535743713e-02,2.852163463830947876e-02,-4.798223450779914856e-02,5.541016533970832825e-02,-9.259351342916488647e-02,-5.605741590261459351e-02,1.231125667691230774e-01,5.424334108829498291e-02,9.373567253351211548e-02,-1.894062571227550507e-02,-1.456060558557510376e-01,-1.214724332094192505e-01,1.551353037357330322e-01,2.366159558296203613e-01,-4.915524739772081375e-03,-3.202332183718681335e-02,3.111981041729450226e-02,7.864492386579513550e-02,-6.578458100557327271e-02,-2.179244719445705414e-02,-1.086577922105789185e-01,1.741081103682518005e-02,-2.800718322396278381e-02,-9.872499853372573853e-02,1.055833138525485992e-02,7.123071700334548950e-02,-2.703356370329856873e-02,-9.822379797697067261e-03,-3.648281842470169067e-02,-3.695160523056983948e-02,5.825082957744598389e-02,3.953882679343223572e-02,2.376659773290157318e-02,4.146982356905937195e-02,-9.792013466358184814e-02,5.304157733917236328e-02,6.854632496833801270e-02,-4.385597631335258484e-02,8.854468166828155518e-02,9.059739857912063599e-02,1.536135002970695496e-02,-3.089802712202072144e-02,-4.433735832571983337e-02,-1.224998533725738525e-01,-8.919506520032882690e-02,-1.053778305649757385e-01,-6.004845723509788513e-02,-1.740877479314804077e-01,-2.366318367421627045e-02,2.714401856064796448e-02,1.856256835162639618e-02,5.638685449957847595e-02,2.388592064380645752e-02,1.730154752731323242e-01,-6.558844447135925293e-02,1.521843671798706055e-01,9.308993816375732422e-02,8.153329044580459595e-02,1.563005745410919189e-01,5.762479454278945923e-02,-1.120056658983230591e-01,2.387534976005554199e-01,1.395469754934310913e-01,7.157029956579208374e-02,1.514812260866165161e-01,8.350385352969169617e-03,9.523519128561019897e-02,4.408813267946243286e-02,1.152833625674247742e-01,-1.359125599265098572e-02,-9.979490190744400024e-02,-1.550883613526821136e-02,3.062297403812408447e-02,1.890113949775695801e-01,-1.061101537197828293e-02,-1.233640220016241074e-02,-3.233666718006134033e-02,-1.378878653049468994e-01,-9.385343873873353004e-04,1.158651858568191528e-01,7.448980957269668579e-02,-6.127892062067985535e-02,5.327581241726875305e-02,-3.881767392158508301e-02,5.643036961555480957e-02,-5.947446823120117188e-02,5.550886318087577820e-02,-3.590449318289756775e-02,-5.712847039103507996e-02,-7.324334979057312012e-02,1.425197124481201172e-01,4.005362093448638916e-02,-4.202340729534626007e-03,1.601123809814453125e-02,-4.766099620610475540e-03,5.990324541926383972e-02,4.445311799645423889e-02,7.241253554821014404e-02,6.596602499485015869e-02,-3.865347430109977722e-02,2.324320189654827118e-02,-8.958933874964714050e-03,-7.117891311645507812e-02,-3.998839482665061951e-02,-6.127043068408966064e-02,1.338254511356353760e-01,4.303001612424850464e-02,-1.401481498032808304e-02,-2.448141016066074371e-02,-1.904939413070678711e-01,1.085843611508607864e-02,2.844203822314739227e-02,4.155999794602394104e-02,-3.343714773654937744e-02,-1.762031465768814087e-01,6.053385511040687561e-02,2.075144052505493164e-01
4.853713512420654297e-02,8.179474622011184692e-02,1.608577519655227661e-01,-1.294677555561065674e-01,1.181580647826194763e-01,1.361671239137649536e-01,2.972519211471080780e-02,-3.795239329338073730e-02,5.675388500094413757e-02,1.568701304495334625e-02,-9.447572380304336548e-02,-7.938485592603683472e-03,3.746736422181129456e-02,-3.533182293176651001e-02,6.765852123498916626e-02,-8.784022182226181030e-02,6.753484159708023071e-02,2.962264604866504669e-02,3.237444162368774414e-02,5.636680126190185547e-02,4.240507259964942932e-02,-5.186655372381210327e-02,-2.675690129399299622e-02,1.961457133293151855e-01,2.235953658819198608e-01,-2.824981883168220520e-02,2.420843206346035004e-02,5.713129043579101562e-02,7.133690640330314636e-03,6.462126038968563080e-03,-1.817324198782444000e-02,-1.226521804928779602e-01,3.031870722770690918e-02,-8.904880285263061523e-02,-9.338361769914627075e-02,1.031792387366294861e-01,7.050392776727676392e-02,-1.118493825197219849e-01,4.412626102566719055e-02,8.358993381261825562e-02,2.577895671129226685e-02,-5.593522638082504272e-02,5.191583558917045593e-02,7.103858981281518936e-03,-5.731225013732910156e-02,-1.373505741357803345e-01,4.813086986541748047e-02,8.223786205053329468e-02,1.229802146553993225e-02,7.777071744203567505e-02,1.402413547039031982e-01,-4.900534823536872864e-02,-1.127762049436569214e-01,-2.712340839207172394e-02,-7.681491971015930176e-02,-1.093424931168556213e-01,-1.175758615136146545e-01,-5.850435793399810791e-02,-1.671914607286453247e-01,-4.333257675170898438e-05,3.313260525465011597e-02,4.138445481657981873e-03,7.052959408611059189e-03,1.036916580051183701e-02,2.086520791053771973e-01,-5.399566888809204102e-02,9.718966484069824219e-02,8.231576532125473022e-02,3.208932280540466309e-02,9.788540005683898926e-02,7.771931588649749756e-03,-7.484790682792663574e-02,2.044877856969833374e-01,1.384121328592300415e-01,1.942752301692962646e-01,1.632019728422164917e-01,-3.987815603613853455e-02,6.216464936733245850e-02,2.891074493527412415e-02,-4.837468266487121582e-02,-6.206677481532096863e-02,-4.141635820269584656e-02,1.297514233738183975e-02,-9.540715254843235016e-03,1.050621941685676575e-01,-3.074195422232151031e-02,-3.058828599750995636e-02,4.407555796205997467e-03,-8.687655627727508545e-02,-8.519423753023147583e-02,1.283858865499496460e-01,7.802490144968032837e-02,-4.740264639258384705e-02,7.615397870540618896e-02,5.763656273484230042e-02,2.343541011214256287e-02,1.081131398677825928e-01,4.091608896851539612e-02,4.488813504576683044e-02,-1.388275772333145142e-01,-8.755291998386383057e-02,4.191215708851814270e-02,-5.080285668373107910e-02,-1.124417968094348907e-02,6.917318701744079590e-02,-1.288861129432916641e-02,5.501945316791534424e-02,7.657853513956069946e-02,4.679992794990539551e-02,4.495187476277351379e-02,-9.292353689670562744e-02,-7.981786876916885376e-02,-3.788132593035697937e-02,1.498983148485422134e-02,1.732214726507663727e-02,4.163535684347152710e-02,2.735560946166515350e-02,2.805378846824169159e-02,-7.183094322681427002e-02,3.648978471755981445e-02,-1.446114033460617065e-01,3.019067458808422089e-02,8.617695420980453491e-02,5.973255261778831482e-02,-4.262904822826385498e-02,-2.019731998443603516e-01,-4.647536948323249817e-02,1.797187328338623047e-01
4.613325744867324829e-02,1.463704928755760193e-02,1.186144351959228516e-01,-8.868655562400817871e-02,1.148385256528854370e-01,1.174580529332160950e-01,6.254471838474273682e-03,-8.646987378597259521e-03,-7.631183136254549026e-03,-4.293384775519371033e-02,-1.952825635671615601e-01,6.253696978092193604e-03,5.186327919363975525e-02,-3.657026216387748718e-03,2.026738971471786499e-02,-1.248064786195755005e-01,-8.835293352603912354e-03,-1.228085812181234360e-02,-2.857294492423534393e-02,7.859712094068527222e-02,-1.618312485516071320e-02,-5.716610699892044067e-02,-1.530680656433105469e-01,2.004900723695755005e-01,2.575789690017700195e-01,4.920615255832672119e-02,-4.641729220747947693e-02,-1.539022196084260941e-02,2.564934268593788147e-02,-1.810355670750141144e-02,-5.792844668030738831e-02,-1.175740659236907959e-01,3.826593235135078430e-02,-1.081755198538303375e-02,2.012190409004688263e-03,1.618230044841766357e-01,1.143454685807228088e-01,-8.290443569421768188e-02,1.368192769587039948e-02,3.189135110005736351e-03,6.190835265442728996e-04,-5.632176622748374939e-02,-1.619441621005535126e-02,-9.862668812274932861e-02,-2.114725485444068909e-02,-1.133092567324638367e-01,5.183662474155426025e-02,1.377891302108764648e-01,-5.799290165305137634e-02,4.885545000433921814e-03,6.492035835981369019e-02,-1.679476052522659302e-01,-7.750207185745239258e-02,-1.023774668574333191e-01,-1.187851577997207642e-01,-1.034251376986503601e-01,-1.029275581240653992e-01,-5.651676282286643982e-02,-1.940371543169021606e-01,-5.337425507605075836e-03,7.113219052553176880e-02,3.072540089488029480e-02,8.018102496862411499e-02,3.505449742078781128e-02,1.940581947565078735e-01,-7.298877090215682983e-02,1.285796612501144409e-01,1.015389710664749146e-01,8.204548060894012451e-02,4.590729996562004089e-02,1.666365307755768299e-03,-7.754704356193542480e-02,2.430679202079772949e-01,1.575090289115905762e-01,1.451633721590042114e-01,1.354126036167144775e-01,-6.311509013175964355e-02,1.019212454557418823e-01,9.032513201236724854e-02,1.372310612350702286e-02,-1.000835746526718140e-02,-3.778288140892982483e-02,-4.578590020537376404e-02,-5.582740530371665955e-02,1.083966419100761414e-01,6.408666074275970459e-02,-4.579839762300252914e-03,-1.200475171208381653e-02,-3.490099310874938965e-02,-1.942542497999966145e-03,1.396067887544631958e-01,5.604479461908340454e-02,1.328476425260305405e-02,2.731585130095481873e-02,-6.939723342657089233e-02,2.300344966351985931e-02,4.107680544257164001e-02,7.310499995946884155e-02,6.749600172042846680e-02,-7.691103219985961914e-02,-2.109697088599205017e-02,8.841040730476379395e-02,9.247247129678726196e-03,2.188636921346187592e-02,3.490495681762695312e-02,-3.760494291782379150e-02,9.395553171634674072e-02,3.880505636334419250e-02,5.779455229640007019e-02,8.939761668443679810e-02,6.645759567618370056e-03,5.714150890707969666e-02,-1.798230037093162537e-02,-2.931705443188548088e-03,1.064254641532897949e-01,1.357794702053070068e-01,8.658759295940399170e-03,-9.658630006015300751e-04,-3.437883034348487854e-02,1.450758613646030426e-02,-1.426873803138732910e-01,1.014854907989501953e-01,1.092663481831550598e-01,3.930446878075599670e-02,-2.139390818774700165e-02,-1.628601998090744019e-01,3.290573135018348694e-02,1.420466005802154541e-01
-4.649367183446884155e-03,1.244611665606498718e-02,8.141098544001579285e-03,-4.996769130229949951e-02,3.320753574371337891e-02,4.660256206989288330e-02,2.060795016586780548e-02,-2.715086564421653748e-02,1.118610147386789322e-02,1.148331258445978165e-02,-4.827459529042243958e-02,-4.511862061917781830e-03,-8.323625661432743073e-03,-1.614564470946788788e-02,3.263253020122647285e-03,-3.115827590227127075e-02,1.882661134004592896e-02,3.349978476762771606e-02,3.252175077795982361e-02,2.719113044440746307e-02,3.698391374200582504e-03,-3.039927780628204346e-02,-1.360177434980869293e-02,3.276652470231056213e-02,6.300021708011627197e-02,6.703215651214122772e-03,2.013324759900569916e-02,1.235600840300321579e-02,1.135291438549757004e-02,1.704178936779499054e-02,1.604133099317550659e-02,-5.265267193317413330e-02,-1.075005717575550079e-02,-3.493504598736763000e-02,-3.630751743912696838e-02,1.845409534871578217e-02,1.805270090699195862e-02,-1.665730029344558716e-02,-6.656517740339040756e-03,-3.435895545408129692e-03,1.853110641241073608e-02,-1.302403956651687622e-02,7.662234362214803696e-03,-4.033304750919342041e-03,-2.380195632576942444e-02,-2.413954026997089386e-02,5.767131596803665161e-02,5.424488708376884460e-02,7.803936023265123367e-03,1.456190459430217743e-02,2.056713774800300598e-02,-2.265893667936325073e-02,-4.003071039915084839e-02,-2.825988456606864929e-02,-2.654932439327239990e-02,-3.522017225623130798e-02,-3.789239376783370972e-02,-1.492550317198038101e-02,-5.499948933720588684e-02,-7.303643506020307541e-03,-1.764595508575439453e-04,4.749470856040716171e-03,4.772536922246217728e-03,-1.368231419473886490e-02,5.368067696690559387e-02,-3.732010722160339355e-02,2.384153939783573151e-02,3.595371916890144348e-02,1.119936350733041763e-02,6.468988955020904541e-02,1.712813228368759155e-02,-4.748769104480743408e-02,5.631700530648231506e-02,6.045683845877647400e-02,4.702508822083473206e-02,4.053700342774391174e-02,-1.510716602206230164e-02,1.960806921124458313e-02,9.186098352074623108e-03,1.309066638350486755e-02,1.907873712480068207e-02,5.605131853371858597e-03,7.797767873853445053e-03,3.498032921925187111e-03,4.312122240662574768e-02,-4.542050417512655258e-03,-6.026879884302616119e-03,-1.064686384052038193e-02,-1.204587332904338837e-02,-3.734109178185462952e-02,3.951273113489151001e-02,1.104587037116289139e-02,-3.291684202849864960e-03,2.926738373935222626e-02,6.654581055045127869e-03,1.590371131896972656e-02,-1.600641384720802307e-02,-3.111054189503192902e-03,-2.104913070797920227e-02,-3.718832507729530334e-02,-6.034687906503677368e-02,3.454984351992607117e-02,1.671143434941768646e-02,9.089708328247070312e-06,1.301572658121585846e-02,-3.095034137368202209e-02,-1.657900214195251465e-02,2.267814986407756805e-02,3.478826954960823059e-02,-4.116600845009088516e-03,-3.256503865122795105e-02,-2.340705506503582001e-02,-2.980201691389083862e-02,-3.295498667284846306e-03,-4.779093433171510696e-03,1.835552742704749107e-03,8.983070962131023407e-03,-4.852711281273514032e-04,-1.487666741013526917e-02,2.432816661894321442e-02,-3.286423161625862122e-02,-8.553445339202880859e-03,5.831443239003419876e-03,3.224103897809982300e-02,-1.961372978985309601e-02,-3.164077922701835632e-02,9.335125796496868134e-03,9.361398965120315552e-02
-1.477687270380556583e-03,2.386977523565292358e-02,1.208592802286148071e-01,-1.062760278582572937e-01,1.035655885934829712e-01,8.785361796617507935e-02,2.526859566569328308e-02,-5.613097548484802246e-02,1.716939732432365417e-02,3.091508895158767700e-02,-1.051826849579811096e-01,-9.437309578061103821e-03,5.511186271905899048e-02,4.710966721177101135e-03,2.679686620831489563e-02,-6.123972684144973755e-02,5.289966613054275513e-02,4.203570261597633362e-02,1.592227257788181305e-02,7.897268235683441162e-02,1.613136939704418182e-02,-3.600675612688064575e-02,-8.849950134754180908e-02,1.534348130226135254e-01,2.087662816047668457e-01,7.121739443391561508e-03,4.794355109333992004e-02,5.129821971058845520e-02,2.577880769968032837e-02,2.241560444235801697e-02,-1.916781626641750336e-02,-1.233007013797760010e-01,-2.204412408173084259e-02,-9.858685731887817383e-02,-4.815141484141349792e-02,1.005899608135223389e-01,6.800518184900283813e-02,-7.507503032684326172e-02,1.511976961046457291e-02,5.191752687096595764e-02,4.260022565722465515e-02,-4.562349244952201843e-02,2.550909668207168579e-02,-4.565382376313209534e-02,-4.281211271882057190e-02,-9.687977284193038940e-02,1.272497773170471191e-01,1.344775706529617310e-01,3.858695505186915398e-03,4.749994352459907532e-02,9.855514019727706909e-02,-3.369018435478210449e-02,-1.265281885862350464e-01,-2.991063520312309265e-02,-5.611493438482284546e-02,-9.688122570514678955e-02,-1.081784665584564209e-01,-3.091946803033351898e-02,-1.310827583074569702e-01,2.998296171426773071e-02,3.097049705684185028e-02,-6.895938422530889511e-03,3.092708624899387360e-02,-3.684235736727714539e-03,1.841884404420852661e-01,-8.277496695518493652e-02,1.198577955365180969e-01,7.972897589206695557e-02,5.598186701536178589e-02,7.233287394046783447e-02,3.338473150506615639e-03,-5.660656467080116272e-02,1.833737492561340332e-01,1.649312674999237061e-01,1.300999671220779419e-01,1.381600052118301392e-01,-5.053175985813140869e-02,5.861525982618331909e-02,-3.759203106164932251e-02,-3.731829114258289337e-03,-1.343306340277194977e-02,-9.024135768413543701e-03,2.017397060990333557e-02,-2.759402617812156677e-02,1.132367104291915894e-01,-3.924516588449478149e-02,-7.537132129073143005e-03,2.847297675907611847e-02,-1.164779998362064362e-02,-7.361508160829544067e-02,7.957116514444351196e-02,3.496498987078666687e-02,-5.158522725105285645e-02,4.551677778363227844e-02,3.022312931716442108e-02,6.238584965467453003e-02,4.921896383166313171e-02,2.527458406984806061e-02,8.855408057570457458e-03,-1.249866187572479248e-01,-7.675232738256454468e-02,9.445536881685256958e-02,-9.101912379264831543e-03,1.947493292391300201e-02,2.692307345569133759e-02,-2.436977624893188477e-02,5.868403986096382141e-02,3.966838493943214417e-02,5.783937498927116394e-02,3.927944600582122803e-02,-3.809758648276329041e-02,-2.387588098645210266e-02,-3.649999573826789856e-02,1.434761099517345428e-02,-1.568233594298362732e-02,4.695547744631767273e-02,4.985210672020912170e-02,1.556181255728006363e-02,-2.661281824111938477e-02,6.387901306152343750e-02,-1.444477438926696777e-01,2.422666363418102264e-02,6.039685383439064026e-02,2.186769247055053711e-02,-3.269847109913825989e-02,-1.284953206777572632e-01,1.921038702130317688e-02,1.887263506650924683e-01
4.177917167544364929e-02,4.268185049295425415e-02,1.075723860412836075e-02,8.182581514120101929e-03,3.131893649697303772e-02,1.515909936279058456e-02,2.159450203180313110e-02,-3.939171880483627319e-02,2.388380467891693115e-02,2.468346618115901947e-02,-3.483645990490913391e-02,-2.131404168903827667e-02,-1.014051772654056549e-02,-4.062537103891372681e-02,-3.539340570569038391e-02,-1.821894198656082153e-02,-9.687297977507114410e-03,6.807757541537284851e-03,1.919122971594333649e-02,2.198600769042968750e-02,3.249558433890342712e-02,-8.923233486711978912e-03,-2.029977180063724518e-02,5.389608815312385559e-02,5.641661211848258972e-02,1.233065035194158554e-02,3.941507264971733093e-02,2.927369251847267151e-02,3.471638634800910950e-02,-1.820323872379958630e-03,-2.433945611119270325e-02,-1.249748934060335159e-02,1.941850967705249786e-02,2.898283302783966064e-02,-1.282970048487186432e-02,9.214913472533226013e-03,2.145893312990665436e-02,-6.832821294665336609e-03,-3.952810075134038925e-03,-8.433499373495578766e-03,-2.849772572517395020e-02,5.605578422546386719e-03,3.050447069108486176e-02,5.935806781053543091e-03,-4.795821011066436768e-02,-3.667800500988960266e-02,-2.659182436764240265e-02,1.363487727940082550e-02,2.311863563954830170e-02,-4.487222433090209961e-02,1.482604444026947021e-02,-5.555810406804084778e-03,1.215097028762102127e-02,1.844822615385055542e-02,-3.518346697092056274e-02,1.108749862760305405e-02,-1.560033764690160751e-02,-3.823977336287498474e-02,-4.560011625289916992e-02,3.304618410766124725e-03,-1.369262672960758209e-02,-2.074182406067848206e-02,7.061631418764591217e-03,-6.687362212687730789e-03,5.209805071353912354e-02,9.701126255095005035e-03,2.037222310900688171e-02,2.770644053816795349e-02,2.723523601889610291e-02,1.995640993118286133e-02,1.140389870852231979e-02,-4.059811308979988098e-02,4.709250107407569885e-02,3.367856889963150024e-02,-3.585590980947017670e-03,3.807261958718299866e-02,1.403218600898981094e-02,3.148241713643074036e-02,-9.880846366286277771e-03,-1.442490960471332073e-03,-1.588067784905433655e-02,-3.949412610381841660e-03,-5.874930066056549549e-04,-1.067323610186576843e-02,-2.500290283933281898e-03,-1.237269584089517593e-02,1.107012666761875153e-02,-4.197512753307819366e-03,-3.607333824038505554e-02,-2.421980910003185272e-02,2.279825136065483093e-02,4.276654124259948730e-02,7.085323333740234375e-03,-1.480110641568899155e-02,1.121938694268465042e-02,3.089367784559726715e-02,4.486431553959846497e-02,2.791471965610980988e-02,9.796364232897758484e-03,2.545149438083171844e-02,-8.911671116948127747e-03,2.673664875328540802e-02,6.636133417487144470e-03,-1.058595441281795502e-02,2.390533871948719025e-02,5.397594533860683441e-03,1.084705255925655365e-02,-8.439488708972930908e-03,-4.003526270389556885e-02,4.163758829236030579e-02,1.473409403115510941e-02,7.775001227855682373e-03,-2.262128703296184540e-02,-8.394639007747173309e-03,-2.070930553600192070e-03,-2.224721945822238922e-02,7.530636154115200043e-03,3.887820616364479065e-02,7.159437984228134155e-03,1.179303508251905441e-02,-4.596529528498649597e-02,3.822430223226547241e-02,-1.460427418351173401e-02,-2.204308100044727325e-02,-2.499572001397609711e-02,-1.207188516855239868e-02,7.966646924614906311e-03,7.979723066091537476e-02
2.448995597660541534e-02,3.349335119128227234e-02,-1.861878484487533569e-02,-4.649404436349868774e-02,9.373720968142151833e-04,1.363046746701002121e-02,-8.245102129876613617e-03,-4.229788482189178467e-02,-4.501908086240291595e-03,-2.543422020971775055e-02,-2.997143752872943878e-02,-4.940525069832801819e-02,-5.199982598423957825e-02,-1.598740369081497192e-02,9.708188474178314209e-03,-2.016991749405860901e-02,6.463526515290141106e-04,4.848888609558343887e-03,-3.163759410381317139e-02,1.704661292023956776e-03,2.805923484265804291e-02,-6.507900543510913849e-03,-2.652511186897754669e-02,4.946090653538703918e-02,2.547505497932434082e-02,-3.180105471983551979e-03,-3.608524799346923828e-02,-1.463173655793070793e-03,2.641798928380012512e-02,3.748188167810440063e-02,-1.281499862670898438e-05,-5.518967658281326294e-02,2.388055203482508659e-03,3.490572795271873474e-02,-2.636235952377319336e-02,2.254601335152983665e-03,2.521489374339580536e-02,-1.828809082508087158e-02,-4.048868641257286072e-02,-4.586783703416585922e-03,-1.746911741793155670e-02,-7.639259565621614456e-03,-6.324057467281818390e-03,-8.158889599144458771e-03,-7.975677028298377991e-03,-3.256441280245780945e-02,-1.905347593128681183e-02,-1.192659139633178711e-02,-8.050922304391860962e-03,-3.411550819873809814e-02,-4.271689802408218384e-03,-3.301969170570373535e-02,2.362437173724174500e-02,3.181652724742889404e-02,-2.607965143397450447e-03,-9.541995823383331299e-03,-2.981565147638320923e-02,-1.579650864005088806e-02,-3.995900228619575500e-02,-2.745090238749980927e-02,-2.909875474870204926e-02,-1.345484401099383831e-03,2.074268646538257599e-02,2.403040789067745209e-02,4.725807160139083862e-02,-1.381166186183691025e-02,4.145538434386253357e-03,1.736379973590373993e-02,8.639983832836151123e-03,5.239110440015792847e-03,-1.099327392876148224e-02,-4.233878850936889648e-02,5.424001440405845642e-02,6.334941089153289795e-02,3.680916503071784973e-02,3.477594628930091858e-02,-2.771012950688600540e-03,9.671802632510662079e-03,-1.133173122070729733e-03,6.732689216732978821e-03,-1.280482020229101181e-02,-1.380212791264057159e-02,2.294265665113925934e-02,2.585147507488727570e-02,6.316070910543203354e-03,-3.047188511118292809e-03,-3.530367976054549217e-03,3.499487414956092834e-02,-6.047527864575386047e-02,-4.860471934080123901e-02,1.204438228160142899e-02,1.793624088168144226e-02,-1.161698903888463974e-02,5.572588182985782623e-03,-2.511763945221900940e-03,1.398093812167644501e-02,3.909391537308692932e-02,3.821879625320434570e-02,2.446863241493701935e-02,2.834031730890274048e-02,-1.147613022476434708e-02,8.274782449007034302e-03,1.600921154022216797e-02,-1.365290582180023193e-02,3.230498731136322021e-02,-7.026168983429670334e-03,3.391189500689506531e-02,5.328723695129156113e-03,1.178010366857051849e-02,4.286812990903854370e-02,3.922108933329582214e-02,2.805125527083873749e-02,-1.787144131958484650e-02,-2.358478866517543793e-02,2.751877158880233765e-02,-3.153730882331728935e-03,1.618741429410874844e-03,2.280409075319766998e-02,-8.137075230479240417e-03,1.543393172323703766e-02,-4.704438522458076477e-02,4.742474108934402466e-02,2.468450553715229034e-02,3.403802216053009033e-02,2.901515923440456390e-03,-2.917102351784706116e-02,-1.198153849691152573e-02,6.286066770553588867e-02
2.112259157001972198e-02,3.409789176657795906e-03,-2.342838048934936523e-02,-3.819476580247282982e-03,-1.145272981375455856e-03,-8.117198012769222260e-03,-5.879572127014398575e-03,8.079232648015022278e-03,8.656344376504421234e-03,2.552594989538192749e-02,-1.280419435352087021e-02,-2.424929663538932800e-02,-2.646200545132160187e-02,-3.860848024487495422e-02,1.092485804110765457e-02,-2.905211644247174263e-03,-1.347147114574909210e-02,1.008440554141998291e-02,1.678800582885742188e-02,6.499973125755786896e-03,-7.348654908128082752e-04,-1.649593375623226166e-02,-9.846189990639686584e-03,2.824258245527744293e-02,1.425920333713293076e-02,-1.332120690494775772e-02,9.270818904042243958e-03,-1.706067845225334167e-02,-1.675842143595218658e-02,3.919968381524085999e-03,6.933636963367462158e-03,2.796617709100246429e-02,-7.223241496831178665e-03,1.730480790138244629e-02,4.476814530789852142e-03,1.761918514966964722e-02,-1.464753784239292145e-02,-3.405481204390525818e-02,7.231913041323423386e-03,2.158047445118427277e-02,1.948249898850917816e-02,5.004274193197488785e-03,6.825280841439962387e-03,-1.577809639275074005e-02,-1.683293469250202179e-02,-8.068976458162069321e-04,-1.291912328451871872e-02,-6.905773188918828964e-03,-1.173633057624101639e-02,-2.457121014595031738e-02,1.561169140040874481e-02,-5.445396993309259415e-03,4.701996222138404846e-03,2.497841417789459229e-02,-2.883582189679145813e-02,2.283092355355620384e-03,-1.437389012426137924e-02,-1.544609013944864273e-02,-3.153008595108985901e-02,-6.126415450125932693e-03,-6.591462064534425735e-03,-3.771495539695024490e-03,1.210359111428260803e-02,-1.324394159018993378e-02,8.930951356887817383e-03,-1.208547409623861313e-02,-4.151737317442893982e-03,2.659821184352040291e-03,-5.081281531602144241e-03,6.087227258831262589e-03,-3.750693285837769508e-03,-2.864128164947032928e-02,2.987633459270000458e-02,1.553821470588445663e-02,1.735736243426799774e-02,1.099717896431684494e-02,1.812217407859861851e-03,2.594004571437835693e-02,-1.522587053477764130e-02,1.502746343612670898e-02,-1.437862869352102280e-02,-3.573849098756909370e-03,1.061730273067951202e-02,1.102894358336925507e-02,-5.567939486354589462e-03,5.261014681309461594e-03,8.063408546149730682e-03,3.282117890194058418e-03,3.339486429467797279e-03,4.904865054413676262e-04,9.733338840305805206e-03,1.934009790420532227e-02,-1.574767380952835083e-02,-7.788797374814748764e-03,1.631288207136094570e-03,1.037193834781646729e-02,1.642597652971744537e-02,9.028010070323944092e-03,1.731103286147117615e-02,1.166481338441371918e-02,-1.427764911204576492e-02,-7.154669612646102905e-03,-6.567472591996192932e-03,-1.223690714687108994e-02,-5.998509004712104797e-03,-2.471292624250054359e-03,1.604553312063217163e-02,-1.477687270380556583e-03,-1.117594074457883835e-02,4.413009621202945709e-03,1.376190036535263062e-02,4.116808995604515076e-03,-1.455204095691442490e-02,-7.564816623926162720e-03,-1.080598961561918259e-02,-3.238983824849128723e-02,-2.858272986486554146e-03,-5.041555967181921005e-03,3.278720425441861153e-03,9.843239560723304749e-03,-2.864411100745201111e-02,-2.064821077510714531e-03,8.436328731477260590e-03,-6.788447499275207520e-03,-1.125001907348632812e-02,-2.654402330517768860e-02,1.518981903791427612e-02,2.338140830397605896e-02
-8.722380734980106354e-03,-8.298156317323446274e-04,5.318564921617507935e-02,-8.535137027502059937e-02,4.048305749893188477e-02,3.639237210154533386e-02,1.207233220338821411e-02,-1.458869036287069321e-02,3.394243866205215454e-02,-1.510261208750307560e-03,-7.525292038917541504e-02,-2.650801651179790497e-02,8.075000718235969543e-03,-3.633752092719078064e-02,4.779380559921264648e-02,-2.179482765495777130e-02,4.227048531174659729e-02,8.960092067718505859e-02,1.001906543970108032e-01,6.300418823957443237e-02,9.121552109718322754e-03,-7.107768207788467407e-02,-6.617444753646850586e-02,1.609053611755371094e-01,2.153173238039016724e-01,3.840960934758186340e-02,5.189969390630722046e-02,3.469552099704742432e-02,2.584656327962875366e-02,1.390507537871599197e-02,1.139886397868394852e-02,-1.221537142992019653e-01,1.281831786036491394e-02,-8.538217283785343170e-03,-3.783031553030014038e-02,7.845228910446166992e-02,1.164395548403263092e-02,-1.026557311415672302e-01,5.780929699540138245e-03,7.254812866449356079e-02,6.465186923742294312e-02,-2.630916796624660492e-02,2.178848534822463989e-02,1.462376117706298828e-02,-5.492119491100311279e-02,-3.927015885710716248e-02,9.513251483440399170e-02,1.603367030620574951e-01,4.413546063005924225e-03,1.346071530133485794e-02,9.847224503755569458e-02,-3.441285341978073120e-02,-6.475404649972915649e-02,-5.181713029742240906e-03,-3.785236924886703491e-02,-7.528406381607055664e-02,-7.321527600288391113e-02,-2.878612279891967773e-02,-1.091314852237701416e-01,-3.686743602156639099e-02,4.724616184830665588e-03,-1.836814358830451965e-02,1.781599596142768860e-02,5.632960051298141479e-02,1.895687729120254517e-01,-5.304460600018501282e-02,1.024631485342979431e-01,8.328253030776977539e-02,3.855940699577331543e-02,8.377435058355331421e-02,2.335641905665397644e-02,-3.218801692128181458e-02,1.711879819631576538e-01,1.297737807035446167e-01,1.338477879762649536e-01,1.399729549884796143e-01,-7.283352315425872803e-02,1.470409054309129715e-02,-3.995656222105026245e-02,4.598926007747650146e-02,-4.851906374096870422e-02,-2.373603731393814087e-02,2.930692164227366447e-03,-9.802295826375484467e-03,5.618947371840476990e-02,-5.647032521665096283e-03,6.564224138855934143e-03,-1.823661616072058678e-03,-6.646730750799179077e-02,-4.506248608231544495e-02,1.052723824977874756e-01,6.631687283515930176e-02,-4.107106477022171021e-02,1.457227300852537155e-02,-4.020494967699050903e-02,1.614707335829734802e-02,6.093740835785865784e-02,4.873943328857421875e-02,1.499141007661819458e-02,-1.173863708972930908e-01,-3.997304476797580719e-03,9.889627248048782349e-02,-8.210834930650889874e-04,-5.663035903126001358e-03,4.465308412909507751e-02,-2.491286210715770721e-02,8.066247403621673584e-02,4.658194631338119507e-02,2.183108031749725342e-02,-2.524668350815773010e-03,1.077136397361755371e-02,4.358398169279098511e-02,2.935816906392574310e-02,5.709228105843067169e-03,-1.223598420619964600e-02,3.020612522959709167e-02,3.472218662500381470e-02,8.102528750896453857e-02,-4.029718786478042603e-02,3.413551300764083862e-02,-1.470633298158645630e-01,2.764461934566497803e-02,1.199564337730407715e-01,2.675424702465534210e-02,-5.390402674674987793e-02,-1.733017712831497192e-01,-3.171142935752868652e-02,1.686983704566955566e-01
