1.168415322899818420e-02,1.485980208963155746e-02,5.625322833657264709e-02,-1.499082893133163452e-01,4.924179613590240479e-02,6.722050905227661133e-02,1.171016693115234375e-02,-5.651569366455078125e-02,1.011548656970262527e-02,-4.162702709436416626e-02,-1.065019071102142334e-01,-2.854149602353572845e-02,6.642211228609085083e-02,-8.017596602439880371e-02,5.357667058706283569e-02,-1.425179541110992432e-01,-1.673089154064655304e-02,7.657787948846817017e-02,2.094051800668239594e-02,8.273439109325408936e-02,3.457050025463104248e-02,-9.556939452886581421e-02,-4.152926802635192871e-02,1.676466315984725952e-01,2.183001339435577393e-01,1.485920604318380356e-02,-1.863588578999042511e-02,-9.160989522933959961e-02,7.438729982823133469e-03,4.941437393426895142e-02,1.577949523925781250e-02,-1.018875613808631897e-01,1.700862869620323181e-02,-6.057460233569145203e-02,-2.416107431054115295e-02,9.527981281280517578e-02,7.222457230091094971e-02,-7.125312834978103638e-02,1.830158568918704987e-02,3.073477745056152344e-02,8.939772844314575195e-03,1.072565279901027679e-02,-5.556198302656412125e-03,2.010699920356273651e-02,5.478261737152934074e-04,-1.234585940837860107e-01,7.327032089233398438e-02,1.418270915746688843e-01,2.112336643040180206e-02,9.023232012987136841e-02,6.632340699434280396e-02,-1.185331866145133972e-01,-9.580802172422409058e-02,-1.009990088641643524e-02,-7.405455410480499268e-02,-1.304000765085220337e-01,-1.184654235839843750e-01,-7.058411836624145508e-02,-1.807975620031356812e-01,2.585192397236824036e-02,3.140986338257789612e-02,-4.491537343710660934e-03,3.398488834500312805e-02,4.506617411971092224e-02,2.324666827917098999e-01,-1.381347887217998505e-02,1.308111697435379028e-01,5.249036848545074463e-02,3.482681512832641602e-02,8.492219448089599609e-02,3.039157018065452576e-02,2.262051915749907494e-03,2.147231251001358032e-01,1.452999413013458252e-01,1.308761090040206909e-01,8.528497815132141113e-02,-3.916297480463981628e-02,5.450025573372840881e-02,-4.353582486510276794e-02,5.697685852646827698e-02,-5.701360106468200684e-02,-6.515491753816604614e-02,4.412254691123962402e-02,1.823372021317481995e-02,1.339410692453384399e-01,1.758814044296741486e-02,1.824048347771167755e-02,6.349947303533554077e-02,-9.439759701490402222e-02,-5.913605447858572006e-03,1.373457610607147217e-01,1.214543804526329041e-01,-6.239115819334983826e-02,4.427379369735717773e-02,-2.191182458773255348e-03,-2.627467922866344452e-02,4.161572083830833435e-02,5.332567915320396423e-02,5.684712529182434082e-02,-1.002115830779075623e-01,-5.203168466687202454e-02,4.302218928933143616e-02,-2.269506826996803284e-02,-5.329230334609746933e-03,3.888230770826339722e-02,-4.556270316243171692e-02,8.029792457818984985e-02,5.178044736385345459e-02,5.681662261486053467e-02,1.917150989174842834e-02,-5.035595595836639404e-02,3.801878169178962708e-02,-1.208517514169216156e-02,1.942369155585765839e-02,3.569331392645835876e-02,4.551618918776512146e-02,4.054991155862808228e-02,4.008822515606880188e-02,-5.047697201371192932e-02,1.286116708070039749e-02,-1.517149507999420166e-01,6.330182403326034546e-02,1.013614609837532043e-01,3.956390917301177979e-02,-4.166138917207717896e-02,-2.133385837078094482e-01,-4.501891136169433594e-02,1.663104742765426636e-01
4.073858261108398438e-02,1.578890904784202576e-02,6.332111358642578125e-02,-7.276919484138488770e-02,3.924733400344848633e-02,4.425201937556266785e-02,-2.586508728563785553e-02,-1.908868923783302307e-02,-1.356613729149103165e-02,-2.278573997318744659e-02,-6.696186214685440063e-02,-5.286256317049264908e-03,-7.434766739606857300e-03,-2.165556885302066803e-02,2.413575723767280579e-02,-4.973006621003150940e-02,-2.723686862736940384e-03,1.113469991832971573e-02,-6.499167997390031815e-03,4.534124955534934998e-02,2.967915870249271393e-02,-1.107921451330184937e-02,-4.870669916272163391e-02,5.996394902467727661e-02,7.685415446758270264e-02,-2.763523906469345093e-02,-2.789789251983165741e-02,-2.097209542989730835e-02,7.145461160689592361e-03,1.195314154028892517e-02,2.603686973452568054e-02,-3.883294388651847839e-02,4.995661322027444839e-03,-2.058532787486910820e-03,-4.173963144421577454e-02,4.586577415466308594e-05,4.038043320178985596e-03,-5.316704884171485901e-02,-2.577234432101249695e-02,1.904561184346675873e-02,1.711746491491794586e-02,1.688072457909584045e-02,-3.084357269108295441e-02,1.182435359805822372e-02,-1.019245758652687073e-02,-4.873167350888252258e-02,1.666665636003017426e-02,3.223505616188049316e-02,-3.593464195728302002e-02,3.094721399247646332e-02,3.716740384697914124e-02,-1.856217905879020691e-02,3.109574317932128906e-04,-1.112283859401941299e-02,-5.019388347864151001e-02,-3.243699297308921814e-02,-4.234179854393005371e-02,-1.858413591980934143e-02,-7.665405422449111938e-02,-2.152735926210880280e-02,4.966307431459426880e-03,-5.403197370469570160e-03,5.873343441635370255e-03,2.107004262506961823e-02,6.487919390201568604e-02,-5.881032906472682953e-03,2.689772052690386772e-03,1.826991885900497437e-02,1.732786744832992554e-02,2.063392475247383118e-02,-2.845251746475696564e-02,-5.908509250730276108e-03,8.053954690694808960e-02,3.991752117872238159e-02,4.460130259394645691e-02,5.645812302827835083e-02,7.464955560863018036e-03,2.599782682955265045e-02,9.654457680881023407e-04,1.225530402734875679e-03,-4.162631556391716003e-02,-6.011293269693851471e-03,1.622626557946205139e-02,1.422762870788574219e-04,3.825926408171653748e-02,-1.881159842014312744e-02,-2.058063074946403503e-02,-1.536519452929496765e-02,-4.065753519535064697e-02,-5.369580537080764771e-02,2.194305509328842163e-02,5.295949429273605347e-02,-3.038596734404563904e-02,2.080887928605079651e-02,-4.312159959226846695e-03,-1.909968070685863495e-02,3.423094749450683594e-04,-4.526911769062280655e-03,1.689735054969787598e-02,-4.911231994628906250e-02,-4.184706136584281921e-02,2.566685341298580170e-02,1.991580612957477570e-02,2.136614406481385231e-03,-4.078219458460807800e-02,-1.352975610643625259e-02,4.666066542267799377e-02,1.708195172250270844e-02,2.749316627159714699e-03,3.004617244005203247e-02,-2.474440261721611023e-02,-1.131772412918508053e-03,2.080914936959743500e-02,-2.363528124988079071e-03,-1.582156680524349213e-02,1.472417265176773071e-02,3.051757812500000000e-05,2.690678462386131287e-02,-8.221798576414585114e-03,1.112113986164331436e-02,-7.066518068313598633e-02,2.528479695320129395e-02,2.941718883812427521e-02,4.447847604751586914e-03,-3.064679540693759918e-02,-9.132355451583862305e-02,-1.112659368664026260e-02,1.001056209206581116e-01
7.749852538108825684e-02,6.043973937630653381e-02,1.385605037212371826e-01,-1.270455271005630493e-01,1.412356644868850708e-01,1.095068827271461487e-01,-9.750324301421642303e-03,-1.235243398696184158e-02,3.482556715607643127e-02,4.001612961292266846e-02,-1.018591523170471191e-01,-1.409881189465522766e-02,4.061587527394294739e-02,-3.590657562017440796e-02,6.203310564160346985e-02,-8.553937822580337524e-02,3.585240244865417480e-02,8.351892977952957153e-02,-3.662658622488379478e-03,9.064295142889022827e-02,4.085044935345649719e-02,-7.390312850475311279e-02,-8.053599298000335693e-02,1.678059250116348267e-01,2.073299735784530640e-01,1.074895448982715607e-02,1.405730377882719040e-02,-3.929068893194198608e-02,1.784096471965312958e-02,-4.993685707449913025e-02,1.449703122489154339e-03,-7.470328360795974731e-02,3.125329269096255302e-03,-8.329217880964279175e-02,-1.019449234008789062e-01,8.621884137392044067e-02,5.748566985130310059e-02,-9.156113862991333008e-02,1.511643361300230026e-02,8.891998231410980225e-02,6.114789098501205444e-02,4.502569511532783508e-02,-2.985605970025062561e-02,1.774073950946331024e-02,-6.206146255135536194e-02,-1.309957653284072876e-01,4.034128412604331970e-02,7.895351201295852661e-02,-5.595123022794723511e-02,8.601339161396026611e-02,1.054058000445365906e-01,-8.177644759416580200e-02,-7.408958673477172852e-02,-6.212294846773147583e-02,-8.846744894981384277e-02,-1.418527513742446899e-01,-1.072886139154434204e-01,-5.936295166611671448e-02,-1.641520410776138306e-01,7.187126320786774158e-04,3.999280184507369995e-02,-8.085069712251424789e-04,2.489680796861648560e-02,1.863591559231281281e-02,1.859621405601501465e-01,-7.509539276361465454e-02,8.174742013216018677e-02,1.044590771198272705e-01,4.726452380418777466e-02,1.194434762001037598e-01,2.544154599308967590e-02,-4.640497639775276184e-02,1.897797137498855591e-01,1.133637726306915283e-01,1.421431005001068115e-01,1.762069016695022583e-01,-4.223201889544725418e-03,7.912664860486984253e-02,1.417094934731721878e-02,8.047778159379959106e-02,-2.986192330718040466e-02,-6.038372963666915894e-02,-1.580008491873741150e-02,1.156627433374524117e-03,7.499133795499801636e-02,-7.010082155466079712e-02,-1.336217578500509262e-02,-7.683899719268083572e-03,-6.772559136152267456e-02,-5.827040597796440125e-02,1.343443393707275391e-01,9.977372735738754272e-02,-7.127871364355087280e-02,6.795944273471832275e-02,4.136515781283378601e-02,3.463955596089363098e-02,5.786523967981338501e-02,6.584773212671279907e-02,4.619484767317771912e-02,-1.044470295310020447e-01,-5.829849839210510254e-02,9.341517090797424316e-02,-6.370927393436431885e-02,-1.369743607938289642e-03,-1.787403225898742676e-02,-7.022774964570999146e-02,1.283764541149139404e-01,3.349998965859413147e-02,1.050305459648370743e-02,4.136557132005691528e-02,-8.285041153430938721e-02,-4.911100864410400391e-02,-2.543276362121105194e-02,4.111164435744285583e-02,-1.753692515194416046e-02,3.691101074218750000e-02,2.809586375951766968e-02,3.328076750040054321e-02,-3.070229478180408478e-02,7.507062982767820358e-03,-1.690683811902999878e-01,5.702750012278556824e-02,9.594335407018661499e-02,1.049611065536737442e-02,-6.839457899332046509e-02,-2.317254692316055298e-01,4.403741564601659775e-03,1.564718186855316162e-01
6.530053913593292236e-02,5.879728123545646667e-02,7.665091007947921753e-02,-9.538462758064270020e-02,7.702713459730148315e-02,1.908615790307521820e-02,-9.909573011100292206e-03,1.761644519865512848e-02,-6.479585915803909302e-02,6.783372163772583008e-02,-8.481801301240921021e-02,1.350670005194842815e-03,1.036479398608207703e-01,-1.338626891374588013e-01,5.565274506807327271e-02,-9.687504917383193970e-02,-1.910659484565258026e-02,1.064499169588088989e-01,6.876648217439651489e-02,5.006376653909683228e-02,-2.563589951023459435e-03,-1.063859611749649048e-01,-6.269212067127227783e-02,1.565326452255249023e-01,1.839718669652938843e-01,1.147592160850763321e-02,-6.808984279632568359e-02,-8.551562577486038208e-02,9.040228091180324554e-03,2.043534629046916962e-02,1.390617806464433670e-02,-7.900105416774749756e-02,3.487941250205039978e-02,1.162319676950573921e-03,5.350061226636171341e-03,1.224364489316940308e-01,2.893852442502975464e-02,-4.533801227807998657e-02,7.108405232429504395e-02,6.545875966548919678e-02,2.210420742630958557e-02,-5.740786343812942505e-02,-1.092798542231321335e-02,-1.486016064882278442e-02,-5.446150526404380798e-02,-9.492991864681243896e-02,3.725865483283996582e-02,7.473070174455642700e-02,-7.477719336748123169e-02,1.214581951498985291e-01,5.308276787400245667e-02,-3.739692270755767822e-02,-4.403313621878623962e-02,-2.985576167702674866e-02,-5.874017253518104553e-02,-8.328057080507278442e-02,-8.376245945692062378e-02,-4.304316639900207520e-02,-1.344094574451446533e-01,3.081162692978978157e-03,-3.002455458045005798e-03,2.646745555102825165e-02,7.038675993680953979e-02,6.060345843434333801e-02,1.424740254878997803e-01,-5.872538313269615173e-02,6.863125413656234741e-02,5.845990031957626343e-02,4.869660362601280212e-03,6.782802194356918335e-02,-2.953337132930755615e-02,-3.253800794482231140e-02,1.947906762361526489e-01,1.036683991551399231e-01,4.952084273099899292e-02,9.221597015857696533e-02,-9.071592241525650024e-02,3.784650564193725586e-02,2.258661389350891113e-02,9.259070456027984619e-02,-1.076670065522193909e-01,2.088603191077709198e-02,-1.064075436443090439e-02,-2.361385710537433624e-02,1.393656432628631592e-01,9.563782066106796265e-02,-7.625819183886051178e-03,3.422898054122924805e-02,-6.113729253411293030e-02,4.229608923196792603e-03,1.136693060398101807e-01,8.768132328987121582e-02,-6.941198557615280151e-02,3.067388758063316345e-02,-7.859513908624649048e-02,-2.033465728163719177e-02,4.519516229629516602e-02,2.605569362640380859e-02,3.116716630756855011e-03,-1.214536745101213455e-02,1.728600636124610901e-02,1.006333455443382263e-01,-2.606272138655185699e-02,3.133552148938179016e-02,-2.468997845426201820e-03,-5.158142745494842529e-02,2.918409556150436401e-02,1.866767369210720062e-02,6.250278651714324951e-02,1.565991435199975967e-03,-6.651958450675010681e-03,7.009331881999969482e-02,-2.828117273747920990e-02,-3.208247944712638855e-02,-1.741675543598830700e-03,5.293847993016242981e-02,3.588172048330307007e-02,2.462377771735191345e-02,1.784358732402324677e-02,5.984679609537124634e-02,-1.154118329286575317e-01,8.991718292236328125e-02,9.474485367536544800e-02,6.685350835323333740e-02,-1.077889930456876755e-03,-1.485023647546768188e-01,4.085690155625343323e-02,1.489307731389999390e-01
4.960743710398674011e-02,5.332739651203155518e-02,1.316400915384292603e-01,-1.418162882328033447e-01,9.874803572893142700e-02,1.281158924102783203e-01,-1.354346051812171936e-02,-3.881487995386123657e-02,1.899982057511806488e-02,4.716746881604194641e-02,-5.651414766907691956e-02,-1.938835904002189636e-02,2.498645707964897156e-02,-9.286633878946304321e-02,1.013970449566841125e-01,-7.528942823410034180e-02,3.015625290572643280e-02,1.154296845197677612e-01,-3.202236816287040710e-02,7.912271469831466675e-02,5.807104706764221191e-02,-5.869633704423904419e-02,-4.219450429081916809e-02,1.696117371320724487e-01,2.131348252296447754e-01,1.493962481617927551e-02,6.857691705226898193e-02,1.304853148758411407e-02,-5.549403373152017593e-03,-3.050080873072147369e-02,2.724482491612434387e-02,-1.227568611502647400e-01,-7.025990635156631470e-03,-4.658635240048170090e-03,-7.575097959488630295e-03,1.092368960380554199e-01,7.491882145404815674e-02,-7.846992462873458862e-02,6.696718186140060425e-02,1.502915173768997192e-01,1.048046275973320007e-01,-1.122084725648164749e-02,1.164052821695804596e-02,-1.329120062291622162e-02,-7.962349057197570801e-02,-1.163768321275711060e-01,9.120138734579086304e-02,1.252933889627456665e-01,-5.729160830378532410e-02,5.318838357925415039e-02,1.160433590412139893e-01,-7.020485401153564453e-02,-7.127596437931060791e-02,-4.294130019843578339e-03,-2.817888557910919189e-02,-1.055871099233627319e-01,-1.243605315685272217e-01,-8.221580833196640015e-02,-1.557874679565429688e-01,1.304536126554012299e-03,-1.969622075557708740e-02,-2.598746307194232941e-02,3.630429878830909729e-02,2.578848972916603088e-02,1.666760891675949097e-01,-5.322410166263580322e-02,7.893047481775283813e-02,9.940923005342483521e-02,-1.296334154903888702e-02,2.754357829689979553e-02,-2.046296186745166779e-02,-3.504776954650878906e-02,2.153596729040145874e-01,1.215038001537322998e-01,1.185521632432937622e-01,1.234111413359642029e-01,-2.572171390056610107e-02,5.712998285889625549e-02,4.393720626831054688e-02,4.730680584907531738e-02,-7.585860788822174072e-02,7.600488606840372086e-03,4.841713607311248779e-02,-1.639377139508724213e-02,1.176786348223686218e-01,-4.632254317402839661e-02,-2.928700670599937439e-02,-3.531831130385398865e-02,-9.906268119812011719e-02,-1.018159091472625732e-01,9.752427786588668823e-02,3.775428235530853271e-02,-4.368264973163604736e-02,6.555885076522827148e-02,4.147098585963249207e-02,6.446689367294311523e-03,9.042561799287796021e-02,4.190537333488464355e-02,1.713173836469650269e-02,-8.612663298845291138e-02,-4.190287366509437561e-02,7.936034351587295532e-02,-3.743608668446540833e-02,2.428631857037544250e-02,1.202456746250391006e-02,-4.213884845376014709e-02,2.535875141620635986e-02,1.545696426182985306e-02,2.850966341793537140e-02,5.386233702301979065e-02,-3.626447916030883789e-02,3.265837207436561584e-02,-2.514446154236793518e-03,-4.766785074025392532e-03,1.128848921507596970e-02,1.213930174708366394e-01,-1.057734247297048569e-02,5.844586063176393509e-03,-5.055012553930282593e-02,6.187050417065620422e-02,-1.463370472192764282e-01,5.678436532616615295e-02,8.204326033592224121e-02,2.501213178038597107e-02,-3.191402927041053772e-02,-1.738157868385314941e-01,-6.154526397585868835e-02,1.533970981836318970e-01
3.195288032293319702e-02,3.007404692471027374e-02,3.043363615870475769e-02,-9.463182836771011353e-02,2.484969049692153931e-02,1.864976808428764343e-02,2.499226480722427368e-02,-3.192048892378807068e-02,4.873102158308029175e-02,3.775359690189361572e-02,-7.027374207973480225e-02,-1.795822940766811371e-02,-1.102057006210088730e-02,-7.162814587354660034e-02,2.474252507090568542e-02,-3.761944174766540527e-02,-5.878260824829339981e-03,6.733676046133041382e-02,3.359194472432136536e-02,5.592791363596916199e-02,-3.300684504210948944e-03,-9.657217562198638916e-02,-5.922093614935874939e-02,7.647391408681869507e-02,1.075512915849685669e-01,-1.370516885071992874e-02,1.563743315637111664e-02,1.639448478817939758e-02,1.948053203523159027e-02,-4.445815086364746094e-02,1.609627529978752136e-02,-4.350411519408226013e-02,4.062066972255706787e-02,5.268069729208946228e-02,-3.560369089245796204e-02,4.209541529417037964e-02,-3.745962306857109070e-02,-5.722283944487571716e-02,1.972550526261329651e-02,5.371678248047828674e-02,2.100825682282447815e-02,6.311244517564773560e-02,2.100709825754165649e-02,-7.284630555659532547e-03,-2.649649046361446381e-02,-3.534268587827682495e-02,5.903038755059242249e-02,7.588659971952438354e-02,-2.621511742472648621e-02,5.470932275056838989e-02,4.516384378075599670e-02,-5.075036897324025631e-04,-3.007231652736663818e-02,-2.902139537036418915e-02,-1.338699739426374435e-02,-1.848668791353702545e-02,-3.709704428911209106e-02,-2.013336680829524994e-02,-7.804185152053833008e-02,-1.458234339952468872e-02,-4.185045138001441956e-02,-1.696343347430229187e-02,3.536747768521308899e-02,-3.560765879228711128e-03,1.007553488016128540e-01,-2.134579978883266449e-02,2.809485234320163727e-02,8.187914267182350159e-03,-2.014033496379852295e-02,2.866198122501373291e-02,8.928865194320678711e-03,-3.979413211345672607e-02,1.406700313091278076e-01,5.430116504430770874e-02,2.408247254788875580e-02,6.261564791202545166e-02,-2.033087424933910370e-02,3.557607159018516541e-02,-4.524546116590499878e-02,3.821596875786781311e-02,-6.209441646933555603e-02,-2.416935376822948456e-02,-2.466475963592529297e-02,-2.273629605770111084e-02,7.793603837490081787e-02,2.245331555604934692e-02,-3.081347048282623291e-02,-3.064435347914695740e-02,-5.612684786319732666e-02,-4.027086123824119568e-02,5.916545540094375610e-02,4.255556687712669373e-02,-2.392797730863094330e-02,4.678211361169815063e-02,-7.706582546234130859e-02,-2.046325802803039551e-02,-2.314708195626735687e-02,1.574082113802433014e-02,-1.487407553941011429e-02,-1.759314723312854767e-02,-2.553014829754829407e-02,6.364692002534866333e-02,9.361203410662710667e-04,2.940643951296806335e-02,-4.107600450515747070e-02,-7.449582964181900024e-02,1.190343778580427170e-02,2.148240990936756134e-02,4.326822981238365173e-02,8.240035735070705414e-03,1.336366776376962662e-02,1.940411701798439026e-02,2.165398932993412018e-02,-1.065479032695293427e-02,5.399889778345823288e-03,9.699278511106967926e-03,4.302546754479408264e-02,4.085134342312812805e-02,-9.527036920189857483e-03,2.500667795538902283e-02,-7.155956327915191650e-02,1.603000983595848083e-02,1.835175789892673492e-02,4.581418819725513458e-03,-2.185994572937488556e-02,-1.302986294031143188e-01,1.144013367593288422e-02,1.385322362184524536e-01
5.406555533409118652e-02,-1.160515751689672470e-02,8.549332618713378906e-03,-1.055678501725196838e-01,6.003592163324356079e-02,6.116012111306190491e-02,-2.206691354513168335e-02,-5.225590616464614868e-02,5.931456573307514191e-03,-4.090635478496551514e-02,-6.535264849662780762e-02,-1.082194223999977112e-01,-5.224714055657386780e-02,-5.701092630624771118e-02,7.462003082036972046e-02,-7.377671450376510620e-02,5.662774667143821716e-02,9.809675812721252441e-02,-8.499089628458023071e-02,6.576140224933624268e-02,7.551347464323043823e-02,-1.185462400317192078e-01,-8.240018784999847412e-02,7.061702758073806763e-02,1.329632997512817383e-01,-2.358868904411792755e-02,-4.723532870411872864e-02,-1.152531281113624573e-01,-2.641894295811653137e-02,5.940783768892288208e-03,9.633591771125793457e-02,-1.106252707540988922e-02,-2.215752564370632172e-02,3.420888632535934448e-02,6.530358642339706421e-02,8.236720412969589233e-02,3.694842010736465454e-02,2.408276870846748352e-02,-1.396600995212793350e-02,4.894172027707099915e-02,3.426711261272430420e-02,7.392819970846176147e-02,8.662095293402671814e-03,2.043129503726959229e-02,-8.515831828117370605e-02,-1.048963144421577454e-01,2.165217138826847076e-02,9.424315392971038818e-02,-8.309721946716308594e-02,5.052774399518966675e-02,1.680013164877891541e-02,-6.813499331474304199e-02,-9.522894024848937988e-02,4.441916942596435547e-03,-5.911075323820114136e-02,-1.321108192205429077e-01,-5.514511093497276306e-02,-2.837053965777158737e-03,-7.597175240516662598e-02,-1.787757873535156250e-02,-1.072266623377799988e-01,-1.270386669784784317e-02,8.534583449363708496e-02,9.970961511135101318e-02,1.735955774784088135e-01,-1.846115477383136749e-02,-1.201860699802637100e-02,3.601137176156044006e-02,-5.219872295856475830e-02,-1.627551764249801636e-02,-6.806624587625265121e-03,2.822680026292800903e-02,1.754195839166641235e-01,1.396325081586837769e-01,2.638004533946514130e-02,4.594688117504119873e-02,-2.811712585389614105e-02,3.575602918863296509e-02,2.106736041605472565e-02,1.025168448686599731e-01,-8.363168686628341675e-02,4.699755087494850159e-02,5.637909844517707825e-02,6.532272696495056152e-02,9.944640845060348511e-02,1.416311226785182953e-02,-1.594929490238428116e-03,-4.207985103130340576e-02,-1.229148879647254944e-01,-4.593049734830856323e-02,9.733357280492782593e-02,6.604181975126266479e-02,-3.481101617217063904e-02,1.547633111476898193e-02,-4.568960517644882202e-02,-6.760149449110031128e-02,2.079234644770622253e-02,5.585958808660507202e-02,3.060469403862953186e-02,-1.304299086332321167e-01,1.692160218954086304e-02,5.073687061667442322e-02,-4.685247316956520081e-02,-3.077479265630245209e-02,-1.049926728010177612e-01,-4.480462521314620972e-02,6.420146673917770386e-02,2.461248822510242462e-02,3.271317854523658752e-02,4.111164435744285583e-02,2.866558032110333443e-03,8.172121644020080566e-02,6.231352686882019043e-02,-4.203650727868080139e-02,8.667727932333946228e-03,9.379480779170989990e-02,2.607088349759578705e-02,-4.814674705266952515e-02,-5.651622638106346130e-02,2.413456328213214874e-02,-8.361604064702987671e-02,4.455073922872543335e-02,3.522189706563949585e-02,-3.989856690168380737e-02,-2.534150518476963043e-02,-1.451251804828643799e-01,1.276879687793552876e-03,1.447944939136505127e-01
-1.811904832720756531e-02,-1.572696957737207413e-03,8.841162174940109253e-02,-1.161862760782241821e-01,1.515215784311294556e-01,9.300206601619720459e-02,-8.961558341979980469e-05,-4.110441356897354126e-02,-2.187421359121799469e-02,-2.817736752331256866e-02,-4.318077489733695984e-02,-1.161097781732678413e-03,6.413634121417999268e-02,-6.059005390852689743e-03,2.409096248447895050e-02,-8.277914673089981079e-02,1.074793860316276550e-01,9.461069852113723755e-02,8.360164612531661987e-02,7.193195074796676636e-02,4.124413058161735535e-02,-6.784060597419738770e-02,-6.678809225559234619e-02,1.609130948781967163e-01,1.979877650737762451e-01,3.479267656803131104e-02,1.781230233609676361e-02,1.671688817441463470e-02,-1.031025312840938568e-02,2.287236042320728302e-02,-3.822480887174606323e-02,-1.442495733499526978e-01,9.686166420578956604e-03,-4.637756198644638062e-02,-3.412979468703269958e-02,7.142032682895660400e-02,2.153867855668067932e-02,-4.517889395356178284e-02,4.611039161682128906e-02,7.528792321681976318e-02,1.443071104586124420e-02,-4.147117957472801208e-03,4.644072428345680237e-02,-3.480365872383117676e-02,-4.683614522218704224e-02,-6.031617894768714905e-02,1.091405153274536133e-01,2.016774713993072510e-01,-3.499833121895790100e-02,9.669638425111770630e-02,1.118592098355293274e-01,-8.586787432432174683e-02,-1.451918929815292358e-01,-2.748163603246212006e-02,-6.604940444231033325e-02,-6.869737803936004639e-02,-6.275071203708648682e-02,-3.714600577950477600e-02,-1.370730847120285034e-01,-2.910357899963855743e-02,1.286118407733738422e-03,-1.362829469144344330e-03,-2.253287844359874725e-02,3.708374500274658203e-02,2.213514596223831177e-01,-8.349640667438507080e-02,1.028923392295837402e-01,8.213022351264953613e-02,-1.797744445502758026e-02,9.237417578697204590e-02,-1.157765369862318039e-02,-2.604386955499649048e-02,2.034762948751449585e-01,1.523479670286178589e-01,1.600497514009475708e-01,1.440841406583786011e-01,-4.743348434567451477e-02,-1.286280527710914612e-02,-6.883659958839416504e-02,3.614629060029983521e-02,-5.273805558681488037e-02,-9.601666033267974854e-02,1.997839473187923431e-02,-2.074095979332923889e-02,8.958885818719863892e-02,1.622465625405311584e-02,3.327642381191253662e-02,-2.996822260320186615e-02,-7.136876136064529419e-02,-6.415531039237976074e-02,1.474602818489074707e-01,9.799032658338546753e-02,-5.577939748764038086e-02,8.380663581192493439e-03,-6.163923442363739014e-02,-1.137971412390470505e-03,9.468113631010055542e-02,5.694292485713958740e-02,3.281725570559501648e-02,-1.656158119440078735e-01,-6.378694623708724976e-02,5.578121170401573181e-02,-5.771734938025474548e-02,-2.118833363056182861e-02,-2.084409072995185852e-02,-5.017150193452835083e-02,6.518761813640594482e-02,5.571169033646583557e-02,4.345643520355224609e-02,-2.225496061146259308e-02,-4.057181626558303833e-02,6.928630173206329346e-03,7.161166518926620483e-03,-2.230643481016159058e-02,-2.505954727530479431e-02,5.681056156754493713e-02,3.641347587108612061e-02,5.210287123918533325e-02,-2.745036780834197998e-02,4.733746498823165894e-02,-1.303577274084091187e-01,-1.121000107377767563e-02,4.327462241053581238e-02,-8.357032202184200287e-03,-3.853268548846244812e-02,-1.380977928638458252e-01,3.320021182298660278e-02,1.956088840961456299e-01
3.109423816204071045e-02,6.165502592921257019e-02,3.177031502127647400e-02,-1.111664548516273499e-01,5.941480770707130432e-02,7.407393306493759155e-02,3.422163054347038269e-02,-5.299470946192741394e-02,-1.914666406810283661e-02,1.330297160893678665e-02,-4.303968325257301331e-02,-1.487464085221290588e-02,1.442746538668870926e-02,-8.722801506519317627e-02,-1.397688407450914383e-02,-9.866984188556671143e-02,2.884552814066410065e-02,8.396271616220474243e-02,1.512653287500143051e-02,6.580187380313873291e-02,3.585070371627807617e-02,-3.025731258094310760e-02,-4.709868505597114563e-02,3.672473132610321045e-02,1.220178455114364624e-01,-5.479227006435394287e-02,1.280374638736248016e-02,-4.700956866145133972e-02,-2.127362042665481567e-02,3.600583970546722412e-02,-1.243297662585973740e-02,-4.980763047933578491e-02,-2.827219199389219284e-03,-2.554319426417350769e-02,-1.452957559376955032e-02,4.338370636105537415e-02,7.158731669187545776e-02,-6.360563449561595917e-03,3.759060055017471313e-02,1.511509250849485397e-02,-8.725480176508426666e-03,2.605384588241577148e-02,2.582395821809768677e-02,-3.102676756680011749e-02,3.616075590252876282e-02,-3.620438650250434875e-02,5.555473640561103821e-02,7.604686915874481201e-02,-1.143524795770645142e-02,8.188619464635848999e-02,7.040897756814956665e-02,-1.835133880376815796e-02,-7.065379619598388672e-02,-5.623852461576461792e-02,-7.748299837112426758e-02,-8.143760263919830322e-02,-4.500737413763999939e-02,-2.147338166832923889e-02,-9.451057761907577515e-02,1.649927347898483276e-02,-3.440880402922630310e-02,2.321961149573326111e-02,6.385269109159708023e-03,6.747381296008825302e-03,9.154038876295089722e-02,-2.524587512016296387e-02,5.152994766831398010e-02,2.205180935561656952e-02,-2.449090126901865005e-03,2.792478352785110474e-02,-2.574315667152404785e-02,-8.112322539091110229e-02,1.365236639976501465e-01,9.765441715717315674e-02,3.061445802450180054e-02,6.870736926794052124e-02,-2.446806617081165314e-02,1.627191156148910522e-02,-2.464039623737335205e-02,3.031486459076404572e-02,-1.078146398067474365e-01,-4.074205830693244934e-02,1.337653957307338715e-02,-2.813564799726009369e-02,1.802785322070121765e-02,1.985339447855949402e-02,5.689558573067188263e-03,-1.062305364757776260e-02,-5.547270178794860840e-02,-4.395392537117004395e-02,8.887489885091781616e-02,5.841080099344253540e-02,9.491440141573548317e-04,3.988470137119293213e-02,-2.041422389447689056e-02,3.750631958246231079e-02,1.308780442923307419e-02,2.821099013090133667e-02,-7.809270638972520828e-03,-6.776496022939682007e-02,-2.073288522660732269e-02,7.794270664453506470e-02,7.791815442033112049e-04,1.258095167577266693e-02,1.055299886502325535e-03,-7.929754443466663361e-03,3.109622932970523834e-02,4.599622264504432678e-02,3.747973963618278503e-02,4.091581702232360840e-02,-2.838319353759288788e-02,1.323741674423217773e-02,-5.029590800404548645e-02,7.255247328430414200e-03,-5.475137848407030106e-03,1.868831925094127655e-02,7.781551033258438110e-02,2.172794193029403687e-03,-3.279197262600064278e-03,1.484103035181760788e-02,-1.043897643685340881e-01,-2.112583629786968231e-02,3.909206762909889221e-02,3.473171591758728027e-02,-2.896624617278575897e-02,-7.468417286872863770e-02,2.270787768065929413e-02,1.128900274634361267e-01
1.457123900763690472e-03,1.582415960729122162e-02,1.302608102560043335e-01,-1.164863407611846924e-01,1.011658459901809692e-01,3.646898269653320312e-02,2.500641159713268280e-02,-6.242538988590240479e-02,3.149390965700149536e-02,1.936300843954086304e-02,-9.236484020948410034e-02,2.218865603208541870e-02,4.123639315366744995e-02,-6.254328042268753052e-02,5.665599927306175232e-02,-9.960026293992996216e-02,1.545258425176143646e-02,7.445807009935379028e-02,5.039418488740921021e-02,5.432597547769546509e-02,-2.307887421920895576e-03,-9.995417296886444092e-02,-9.779690951108932495e-02,1.865511238574981689e-01,2.172062546014785767e-01,-1.084615848958492279e-02,-3.511382266879081726e-02,5.396104417741298676e-03,5.198333039879798889e-02,-2.781186066567897797e-02,9.418415836989879608e-03,-9.387397766113281250e-02,7.780191954225301743e-04,-3.771877661347389221e-02,2.085037715733051300e-02,9.836983680725097656e-02,4.425785318017005920e-02,-1.030190289020538330e-01,5.587464943528175354e-02,8.917891979217529297e-02,5.806756764650344849e-02,4.508601501584053040e-02,4.453815519809722900e-02,-1.552978344261646271e-02,-8.345633745193481445e-02,-4.160415008664131165e-02,8.244313299655914307e-02,1.502569019794464111e-01,-3.965713456273078918e-02,2.958968281745910645e-02,1.138981953263282776e-01,-7.126723974943161011e-02,-7.870176434516906738e-02,-3.146786941215395927e-03,-3.191003948450088501e-02,-6.671472638845443726e-02,-1.004983782768249512e-01,-5.026407167315483093e-02,-1.564197838306427002e-01,-4.432554915547370911e-02,-1.044929586350917816e-02,2.431032620370388031e-02,5.284468829631805420e-02,2.827414870262145996e-02,2.062183171510696411e-01,-3.571102395653724670e-02,1.261280179023742676e-01,7.118891179561614990e-02,-1.243536081165075302e-02,4.597141593694686890e-02,-3.333745151758193970e-02,-7.538114488124847412e-02,2.180314809083938599e-01,1.684310734272003174e-01,1.102018207311630249e-01,9.992361813783645630e-02,-2.026530541479587555e-02,6.294434517621994019e-02,-7.818207144737243652e-02,4.544186592102050781e-02,-7.928741164505481720e-03,-2.871584706008434296e-02,-3.577927127480506897e-02,2.307124435901641846e-02,1.554605066776275635e-01,1.006393413990736008e-02,-1.791181229054927826e-02,-2.028261311352252960e-02,-6.398607790470123291e-02,-4.889225214719772339e-02,1.093331351876258850e-01,5.360362678766250610e-02,-4.732218012213706970e-02,4.958897829055786133e-02,-6.645256280899047852e-02,-2.760611101984977722e-02,1.482044439762830734e-02,7.016924023628234863e-02,6.457268260419368744e-03,-8.523444831371307373e-02,-4.207048192620277405e-02,9.425257146358489990e-02,3.444514796137809753e-02,-9.499441832304000854e-03,-6.172046065330505371e-02,-1.145530305802822113e-02,4.654031619429588318e-02,5.193538591265678406e-02,6.642214208841323853e-02,3.289271891117095947e-02,2.210504002869129181e-02,3.277501091361045837e-02,-5.063966661691665649e-02,-4.122999683022499084e-02,-2.681949920952320099e-02,3.347570076584815979e-02,-2.040800638496875763e-03,2.891071513295173645e-02,-3.249320387840270996e-02,6.399082392454147339e-02,-1.092252731323242188e-01,1.357850246131420135e-02,4.224097728729248047e-02,3.181723877787590027e-02,-2.719217352569103241e-02,-1.591442525386810303e-01,9.927066415548324585e-02,1.954554915428161621e-01
4.573700483888387680e-03,-4.377217497676610947e-03,3.272261470556259155e-02,-4.986682534217834473e-02,4.381570219993591309e-02,2.687673643231391907e-02,-1.971212215721607208e-03,-1.799296587705612183e-02,-1.763401436619460583e-03,-1.770177111029624939e-02,-4.177458584308624268e-02,-4.555580671876668930e-03,-1.355915330350399017e-03,-1.726643182337284088e-02,2.884314768016338348e-02,-2.921714819967746735e-02,-2.829134464263916016e-04,1.731347665190696716e-02,-2.236440218985080719e-02,4.697556141763925552e-03,1.093928050249814987e-02,-2.326616831123828888e-02,-2.512495033442974091e-02,5.446569249033927917e-02,5.882941931486129761e-02,3.913352265954017639e-03,-7.691499311476945877e-03,-1.781826280057430267e-02,-4.582702240440994501e-04,3.340934216976165771e-02,1.729190535843372345e-02,-3.040904179215431213e-02,-3.595395945012569427e-03,-4.318985156714916229e-03,-1.893809251487255096e-02,3.848319873213768005e-02,3.615143522620201111e-02,-2.829874865710735321e-02,-8.452183566987514496e-03,4.330106824636459351e-02,3.349817171692848206e-02,-3.893563989549875259e-03,2.674722112715244293e-03,-2.516822516918182373e-02,-2.856127172708511353e-02,-4.482192918658256531e-02,2.662490867078304291e-02,5.203150957822799683e-02,-7.450710982084274292e-03,5.230008973740041256e-04,1.946849748492240906e-02,-3.592898696660995483e-02,-2.594210393726825714e-02,5.944240838289260864e-03,-2.108219452202320099e-02,-2.330372482538223267e-02,-3.582219406962394714e-02,-9.550161659717559814e-03,-7.152055203914642334e-02,-1.812250725924968719e-02,-1.546858344227075577e-03,-8.736446499824523926e-03,7.235728204250335693e-03,-3.528550034388899803e-03,4.654926806688308716e-02,-1.765198819339275360e-02,3.049095533788204193e-02,1.296918280422687531e-02,-2.189324796199798584e-02,-4.276070278137922287e-03,-1.727149821817874908e-02,-4.487394820898771286e-03,7.717377692461013794e-02,5.502524599432945251e-02,6.812804937362670898e-02,4.499282687902450562e-02,-1.291780848987400532e-03,3.880773484706878662e-02,9.878402575850486755e-03,1.448797993361949921e-02,-1.806980185210704803e-02,-9.519824758172035217e-03,1.745839230716228485e-02,-2.394015900790691376e-03,4.249098524451255798e-02,3.924965858459472656e-04,-8.919745683670043945e-03,-1.951693743467330933e-02,-4.399949312210083008e-02,-4.044321924448013306e-02,2.552788890898227692e-02,1.709255762398242950e-02,-2.277135290205478668e-02,2.338379248976707458e-02,-1.323515363037586212e-02,-2.244527451694011688e-02,1.668512821197509766e-02,1.323178596794605255e-02,2.233291603624820709e-02,-4.561701044440269470e-02,-2.419586479663848877e-02,4.850229714065790176e-03,-2.288486110046505928e-03,-6.972140166908502579e-03,-1.519387029111385345e-02,-1.775763556361198425e-02,3.497844934463500977e-02,1.600754633545875549e-02,-5.309829954057931900e-03,2.028279006481170654e-02,-1.436176337301731110e-02,-1.506088883616030216e-03,-4.310512915253639221e-02,-2.225901931524276733e-03,-4.047877620905637741e-03,4.278543218970298767e-02,-9.574446827173233032e-03,-4.274401813745498657e-03,-2.477731555700302124e-02,1.455493178218603134e-02,-4.938298091292381287e-02,1.789074763655662537e-02,3.145455196499824524e-02,4.584906157106161118e-03,1.491217524744570255e-03,-7.259464263916015625e-02,1.101592276245355606e-02,8.057928085327148438e-02
4.217152018100023270e-03,1.628933823667466640e-03,1.651306636631488800e-02,-1.789715327322483063e-02,1.075139828026294708e-02,-6.928630173206329346e-03,-6.156753748655319214e-03,7.969448342919349670e-03,2.265568356961011887e-03,9.415466338396072388e-03,-9.602012112736701965e-03,-1.017702091485261917e-02,-6.472228094935417175e-03,-3.102510422468185425e-02,7.880135439336299896e-03,-2.624656260013580322e-02,-3.365278244018554688e-04,1.617570593953132629e-02,2.379293320700526237e-03,6.747976411134004593e-03,-1.486776978708803654e-03,-3.179273381829261780e-02,-2.320189028978347778e-02,2.049903757870197296e-02,4.247980192303657532e-02,7.488766219466924667e-03,-1.506402250379323959e-02,6.309871561825275421e-03,4.259113222360610962e-03,-9.054650552570819855e-03,2.446705941110849380e-03,-1.195823680609464645e-02,-5.116149317473173141e-03,8.801218355074524879e-04,-1.085280789993703365e-03,1.300458051264286041e-02,-1.316070556640625000e-04,-8.705514483153820038e-03,1.294900942593812943e-02,7.718260399997234344e-03,6.184826139360666275e-03,-6.061717402189970016e-03,1.003652345389127731e-03,-1.717577315866947174e-02,-1.916096359491348267e-02,-4.152066633105278015e-02,1.034140586853027344e-04,2.683126367628574371e-02,-3.183681750670075417e-03,1.436039246618747711e-02,4.734808113425970078e-03,-3.376865014433860779e-02,-2.852175384759902954e-02,-9.601416066288948059e-03,-8.302079513669013977e-03,-2.459429018199443817e-02,-2.279160916805267334e-02,-8.691835217177867889e-03,-2.065909653902053833e-02,8.495745132677257061e-04,-1.961079426109790802e-03,-1.461791992187500000e-02,7.194335106760263443e-03,6.619386374950408936e-03,3.806702047586441040e-02,-8.232585154473781586e-03,1.172628719359636307e-02,-3.148128045722842216e-03,-7.238946389406919479e-03,-6.643434986472129822e-03,-6.930269300937652588e-03,-1.110087893903255463e-02,3.366476297378540039e-02,3.122297860682010651e-02,8.333310484886169434e-03,2.199175767600536346e-02,-9.423422627151012421e-03,4.232589621096849442e-03,6.189345149323344231e-04,3.364086151123046875e-04,-1.619241945445537567e-02,-1.584218442440032959e-02,-5.129321478307247162e-03,-6.953156087547540665e-03,2.845413237810134888e-02,3.022184362635016441e-03,-1.556699723005294800e-02,-2.558553358539938927e-03,-1.344769541174173355e-02,-3.714812453836202621e-03,6.716209463775157928e-03,-2.218421548604965210e-03,-2.446106635034084320e-02,-3.448084695264697075e-03,-1.971364766359329224e-02,-4.021226777695119381e-04,6.518032401800155640e-03,8.643564651720225811e-04,-5.411690566688776016e-03,-1.893424987792968750e-02,-1.844731625169515610e-03,7.042291108518838882e-03,-1.159502658993005753e-02,8.542236173525452614e-04,-5.595952738076448441e-03,-1.189777627587318420e-02,2.492988947778940201e-03,-9.617001749575138092e-03,-1.363028958439826965e-02,-3.476635320112109184e-03,-9.155315347015857697e-03,1.244227401912212372e-02,-5.802212981507182121e-04,-2.286292053759098053e-02,3.187079215422272682e-03,2.097730897367000580e-02,-5.212884861975908279e-03,-6.489156512543559074e-04,-1.107024587690830231e-02,4.791616229340434074e-04,-2.395087853074073792e-02,5.962539464235305786e-03,1.382974907755851746e-02,-7.065267767757177353e-03,-1.096648629754781723e-02,-4.973919317126274109e-02,-1.549399923533201218e-02,6.054847314953804016e-02
1.960344985127449036e-02,-5.050420388579368591e-02,1.242143064737319946e-01,-1.632510423660278320e-01,1.343672908842563629e-02,1.341574341058731079e-01,-1.517915073782205582e-02,-6.043403223156929016e-02,1.828192546963691711e-02,-2.987835928797721863e-02,-8.800801634788513184e-02,-7.115836441516876221e-02,3.712014108896255493e-02,-4.006100073456764221e-02,-2.192136831581592560e-02,-1.299840807914733887e-01,5.088394507765769958e-02,1.104124858975410461e-01,6.112051755189895630e-02,1.397085040807723999e-01,-2.393837086856365204e-03,-8.487074077129364014e-02,-1.262295395135879517e-01,9.162340313196182251e-02,2.435591518878936768e-01,-3.868992999196052551e-02,-5.953906220383942127e-04,-8.298265747725963593e-03,-5.099549889564514160e-03,2.856133133172988892e-02,-7.473415881395339966e-02,-1.455036103725433350e-01,5.960640683770179749e-02,4.975935071706771851e-02,-2.747913636267185211e-02,8.264476060867309570e-02,7.018516212701797485e-02,-7.600117474794387817e-02,6.620984524488449097e-02,7.589800655841827393e-02,4.012842103838920593e-02,2.517962828278541565e-03,2.085237205028533936e-02,-6.546199321746826172e-02,1.582263270393013954e-03,-1.413015574216842651e-01,1.152642145752906799e-01,1.747388690710067749e-01,-6.938815861940383911e-02,8.134381473064422607e-02,1.056895852088928223e-01,-5.711605027318000793e-02,-4.082224145531654358e-02,-2.685508690774440765e-02,-4.377545416355133057e-02,-8.281625807285308838e-02,-1.442691385746002197e-01,-5.119495466351509094e-02,-1.218439266085624695e-01,-2.802761271595954895e-02,2.363744750618934631e-02,-1.762386411428451538e-02,5.707449838519096375e-02,9.489468485116958618e-02,2.182603478431701660e-01,-9.352654218673706055e-02,9.798026084899902344e-02,5.836568772792816162e-02,3.808990865945816040e-02,4.372587054967880249e-02,-1.211995631456375122e-01,-8.531536906957626343e-02,2.396281063556671143e-01,1.530166864395141602e-01,6.630393862724304199e-02,1.408574581146240234e-01,-8.672032505273818970e-02,2.120692282915115356e-02,-7.041332870721817017e-02,2.636783989146351814e-03,-9.394466131925582886e-02,2.794491499662399292e-02,7.803891599178314209e-02,1.758727617561817169e-02,7.021110504865646362e-02,8.117548376321792603e-02,-4.509410634636878967e-02,-9.426970779895782471e-02,-8.265292644500732422e-02,-4.664505831897258759e-03,1.624047756195068359e-01,1.020686700940132141e-01,-2.531106956303119659e-02,8.436627686023712158e-03,1.503193192183971405e-02,1.092825364321470261e-02,9.903497248888015747e-02,4.841200076043605804e-03,3.232651576399803162e-02,-1.263939142227172852e-01,-6.413884460926055908e-02,9.085489809513092041e-02,6.502685137093067169e-03,2.883486822247505188e-02,8.564588497392833233e-04,7.671711500734090805e-04,2.400315366685390472e-02,5.698478221893310547e-02,4.563672468066215515e-02,7.651578634977340698e-02,8.405934087932109833e-03,6.039679422974586487e-02,6.243640184402465820e-02,-6.232149526476860046e-02,-7.749757170677185059e-02,2.462151646614074707e-02,-1.782380230724811554e-02,1.387475989758968353e-03,-6.123384833335876465e-02,2.185967052355408669e-03,-1.392443329095840454e-01,-3.684175899252295494e-03,5.380387976765632629e-02,1.990502141416072845e-02,-3.060853481292724609e-02,-1.642355173826217651e-01,-1.972761936485767365e-02,1.895613670349121094e-01
3.918865695595741272e-03,2.244893833994865417e-02,5.648987740278244019e-02,-1.652040034532546997e-01,9.485055506229400635e-02,1.711381077766418457e-01,-2.082791365683078766e-02,-6.836652010679244995e-02,-6.382167339324951172e-02,1.626943796873092651e-02,-4.806539788842201233e-02,-1.842123456299304962e-02,3.322343528270721436e-02,-1.114755496382713318e-01,-6.389365345239639282e-02,-1.543512493371963501e-01,8.166426420211791992e-02,7.152917981147766113e-02,4.082209430634975433e-03,1.265753954648971558e-01,4.773454740643501282e-02,-1.123576238751411438e-01,-4.809929430484771729e-02,1.301688551902770996e-01,2.114693522453308105e-01,-5.358442664146423340e-02,-3.636433277279138565e-03,6.061180960386991501e-03,1.944552920758724213e-02,-4.644295200705528259e-02,3.055449202656745911e-02,-1.298786550760269165e-01,3.714282438158988953e-02,-1.507131964899599552e-03,-1.065255515277385712e-02,1.601035892963409424e-01,9.281998127698898315e-02,-6.443803757429122925e-02,2.743881195783615112e-02,2.239344269037246704e-02,3.861285373568534851e-02,-5.649950355291366577e-02,2.178237959742546082e-02,5.541173368692398071e-02,-3.088727593421936035e-02,-8.060242980718612671e-02,1.028016358613967896e-01,9.408928453922271729e-02,-1.554956659674644470e-02,1.225364282727241516e-01,-1.380871236324310303e-02,-7.758590579032897949e-02,-1.285546869039535522e-01,-6.170692294836044312e-02,-1.191465631127357483e-01,-7.412161678075790405e-02,-1.476175785064697266e-01,-1.478916406631469727e-01,-1.353769302368164062e-01,-6.931608915328979492e-02,-7.333903014659881592e-02,4.635002091526985168e-02,1.047298684716224670e-02,4.291135445237159729e-02,1.930284202098846436e-01,-4.342897608876228333e-02,1.393567323684692383e-01,6.669591367244720459e-02,2.294092811644077301e-02,6.200516596436500549e-02,-3.237918019294738770e-02,-8.358536660671234131e-02,2.223618477582931519e-01,1.488809436559677124e-01,5.134789273142814636e-02,5.080237984657287598e-02,-1.173990685492753983e-02,1.362882927060127258e-02,1.160799758508801460e-03,7.276303321123123169e-02,-5.041460320353507996e-02,-2.089443616569042206e-02,3.108131512999534607e-02,2.264972310513257980e-03,8.024638146162033081e-02,4.101792722940444946e-02,2.381085976958274841e-02,7.077086716890335083e-02,-4.441291559487581253e-03,1.035581715404987335e-02,1.616191864013671875e-01,1.028325408697128296e-01,-7.425229996442794800e-03,7.683503627777099609e-02,-6.949491333216428757e-03,-7.972725667059421539e-03,4.126067459583282471e-02,-2.380389161407947540e-02,7.125224173069000244e-02,-6.873661279678344727e-02,2.108011022210121155e-02,1.507689058780670166e-01,-6.721215788275003433e-03,7.335340231657028198e-02,2.703856676816940308e-02,-3.359667584300041199e-02,2.831184864044189453e-02,1.613870076835155487e-02,8.430747687816619873e-02,-8.182878606021404266e-03,-2.077128738164901733e-02,1.536534354090690613e-02,-1.247888281941413879e-01,-4.626922309398651123e-02,-3.095567040145397186e-02,8.930844813585281372e-02,6.235577538609504700e-02,-1.298360526561737061e-02,-1.239641383290290833e-02,8.443031460046768188e-02,-1.374104768037796021e-01,5.572179332375526428e-02,7.068027555942535400e-02,8.887445181608200073e-02,-4.116537794470787048e-02,-1.197634413838386536e-01,2.586762048304080963e-02,2.050790190696716309e-01
5.750853940844535828e-02,4.427590593695640564e-02,1.594875603914260864e-01,-8.152899146080017090e-02,7.806353271007537842e-02,5.001816898584365845e-02,5.886526778340339661e-02,5.019631609320640564e-02,-3.657809272408485413e-02,-3.281606361269950867e-02,-1.312877237796783447e-01,3.439261019229888916e-02,6.536234915256500244e-02,-3.726996481418609619e-02,8.610314130783081055e-02,-2.533992752432823181e-02,-3.009935840964317322e-03,2.375548891723155975e-02,5.667834077030420303e-03,5.209463834762573242e-02,6.358924321830272675e-03,-6.634479761123657227e-02,-1.429031491279602051e-01,1.987149864435195923e-01,2.167365849018096924e-01,-6.798249483108520508e-02,-3.622804954648017883e-02,5.710658617317676544e-03,2.601864375174045563e-02,-5.415381118655204773e-02,-5.466647073626518250e-02,-6.559558957815170288e-02,5.566032137721776962e-03,-3.285476565361022949e-02,-9.777770377695560455e-03,1.040568724274635315e-01,4.851727932691574097e-02,-7.707255333662033081e-02,-7.238108664751052856e-02,1.157220602035522461e-01,9.076941758394241333e-03,-1.580683863721787930e-03,2.928110957145690918e-02,-8.568815886974334717e-02,-1.285686343908309937e-01,-5.742744728922843933e-02,4.333730041980743408e-02,9.269748628139495850e-02,-4.355759918689727783e-02,1.547156460583209991e-02,5.465898290276527405e-02,-8.443477749824523926e-02,-9.414186328649520874e-02,-2.400714531540870667e-02,-4.741608723998069763e-02,-4.977659508585929871e-02,-9.229844063520431519e-02,-3.999548032879829407e-02,-1.785770654678344727e-01,-2.525805309414863586e-02,1.626651734113693237e-02,-4.524164646863937378e-02,8.007785677909851074e-02,8.447769284248352051e-02,1.926365792751312256e-01,-4.959513247013092041e-02,5.150985345244407654e-02,2.464689128100872040e-02,3.039966709911823273e-02,5.095740035176277161e-02,-6.650815904140472412e-02,-9.184551239013671875e-02,1.538291126489639282e-01,9.717053174972534180e-02,1.105149686336517334e-01,1.900494545698165894e-01,9.631842374801635742e-03,1.040184870362281799e-01,6.076454371213912964e-02,2.902699261903762817e-02,-1.003199368715286255e-01,-2.226798050105571747e-02,1.744167879223823547e-02,-8.136211894452571869e-03,1.447277218103408813e-01,2.757713571190834045e-02,2.228784747421741486e-02,8.375396579504013062e-02,-7.265974581241607666e-02,-9.114667773246765137e-02,9.447377175092697144e-02,2.759569138288497925e-02,-1.607981622219085693e-01,4.645455628633499146e-02,-9.951560758054256439e-03,1.237636152654886246e-02,5.821895971894264221e-02,1.071372777223587036e-01,4.336520284414291382e-02,-1.206972524523735046e-01,-9.778514504432678223e-03,1.025471240282058716e-01,2.425635792315006256e-02,4.348076879978179932e-02,3.703485056757926941e-02,-4.960107803344726562e-02,1.284936964511871338e-01,9.658117592334747314e-02,4.637113958597183228e-02,3.249466046690940857e-02,-5.066272988915443420e-02,7.801086455583572388e-02,4.540567100048065186e-02,7.811387069523334503e-03,-1.642145030200481415e-02,5.911435186862945557e-02,1.547347102314233780e-02,3.203966841101646423e-02,-3.950811922550201416e-02,2.999338321387767792e-02,-1.480170935392379761e-01,1.188761964440345764e-01,1.122917309403419495e-01,3.877175971865653992e-02,-3.384836763143539429e-02,-1.801905632019042969e-01,-3.265631571412086487e-02,1.370321065187454224e-01
3.156800288707017899e-03,2.333032526075839996e-02,5.870878323912620544e-02,-3.287069126963615417e-02,1.916340738534927368e-02,-1.976576633751392365e-03,9.889130480587482452e-03,-8.937418460845947266e-03,-1.361586898565292358e-02,-1.008044183254241943e-02,-8.893630653619766235e-02,1.025497447699308395e-03,3.614396601915359497e-02,-5.304071307182312012e-02,4.103631153702735901e-02,-4.988569766283035278e-02,1.553752925246953964e-02,6.250299513339996338e-02,-5.263010971248149872e-03,1.385510712862014771e-02,-1.836923649534583092e-03,-8.134565502405166626e-02,-5.358944833278656006e-02,7.173983007669448853e-02,6.428471952676773071e-02,-7.794966921210289001e-03,9.258988313376903534e-03,-3.500523045659065247e-02,-1.162766828201711178e-03,2.666014060378074646e-02,3.341732174158096313e-02,-8.112316578626632690e-02,2.895862050354480743e-02,1.902773603796958923e-02,5.554409697651863098e-03,4.546625539660453796e-02,5.478953011333942413e-03,-1.191321201622486115e-02,-1.384401973336935043e-02,-2.362097846344113350e-03,1.244961400516331196e-03,2.883153222501277924e-02,-1.265338901430368423e-02,2.251263475045561790e-03,-1.273884810507297516e-02,-2.650766074657440186e-02,5.395356193184852600e-02,6.196978315711021423e-02,-6.509137898683547974e-02,3.591342270374298096e-02,8.392791263759136200e-03,-3.753792494535446167e-02,7.398081943392753601e-03,-3.736913204193115234e-04,1.272847969084978104e-02,-4.169929027557373047e-02,-5.891216173768043518e-02,-1.547385752201080322e-02,-5.052436143159866333e-02,-5.134417675435543060e-03,1.056694332510232925e-02,-6.465135142207145691e-03,1.409231498837471008e-02,1.171532180160284042e-02,4.356919601559638977e-02,-1.194402202963829041e-02,3.830268606543540955e-02,-1.590399420820176601e-03,-2.288016490638256073e-02,-1.182644860818982124e-03,-2.203092910349369049e-02,5.855164956301450729e-03,9.171158820390701294e-02,6.087957322597503662e-02,3.990463912487030029e-02,3.316600620746612549e-02,-3.015950135886669159e-02,4.015121608972549438e-02,1.264191698282957077e-02,5.427873134613037109e-02,-3.607024624943733215e-02,1.739344187080860138e-02,-3.341127932071685791e-02,-4.823781922459602356e-02,8.019310981035232544e-02,2.558325231075286865e-02,-6.799459457397460938e-02,1.011676713824272156e-02,-3.084652125835418701e-02,1.340302918106317520e-02,4.366226866841316223e-02,1.780378259718418121e-02,-3.346456587314605713e-02,-3.676248481497168541e-03,-2.601492591202259064e-02,9.525040164589881897e-03,-1.746899820864200592e-02,7.802118547260761261e-03,1.694773137569427490e-02,-3.357747569680213928e-02,1.738185435533523560e-02,7.264804095029830933e-02,4.315087571740150452e-02,4.025401175022125244e-02,-2.256687497720122337e-03,-3.784429514780640602e-03,4.428179189562797546e-02,2.453519776463508606e-02,3.610530868172645569e-02,2.288132719695568085e-02,2.833007276058197021e-02,3.205559402704238892e-02,-4.647224768996238708e-02,-2.684168331325054169e-02,9.889874607324600220e-03,3.460609912872314453e-02,2.443038672208786011e-02,1.187849696725606918e-02,-1.599404774606227875e-02,2.789729833602905273e-02,-7.304212450981140137e-02,2.248941734433174133e-02,1.247695740312337875e-02,2.247943915426731110e-02,-4.194204695522785187e-03,-7.427135854959487915e-02,-7.035645656287670135e-03,1.188871264457702637e-01
1.618503220379352570e-02,-2.732687164098024368e-03,8.079684525728225708e-02,-1.473303884267807007e-01,5.606710165739059448e-02,1.066758856177330017e-01,5.705640465021133423e-02,-2.032262086868286133e-02,-3.464857861399650574e-02,6.601147819310426712e-03,-1.186521574854850769e-01,-1.585154095664620399e-03,2.577544189989566803e-02,-7.547516375780105591e-02,-1.635137386620044708e-02,-6.820980459451675415e-02,-2.543034590780735016e-02,1.210218816995620728e-01,8.527790755033493042e-02,6.365275382995605469e-02,4.829469695687294006e-02,-8.875688910484313965e-02,-7.066803425550460815e-02,8.767712861299514771e-02,1.709162741899490356e-01,-3.102167882025241852e-02,-4.605998098850250244e-02,-9.848138689994812012e-02,5.655047670006752014e-02,5.621157214045524597e-02,1.412535924464464188e-02,-1.086688712239265442e-01,4.334282875061035156e-02,6.674154847860336304e-02,5.158348008990287781e-03,9.719919413328170776e-02,4.000135697424411774e-03,-5.471472069621086121e-02,1.147091388702392578e-04,1.466839388012886047e-02,3.015181049704551697e-03,3.574269637465476990e-02,-3.781204670667648315e-02,-3.038668259978294373e-02,-4.935402423143386841e-02,-8.522465825080871582e-02,2.124701812863349915e-02,7.688205689191818237e-02,-3.175802156329154968e-02,9.334580600261688232e-02,-1.517980638891458511e-02,-3.502675518393516541e-02,-1.893389225006103516e-02,8.590575307607650757e-03,-6.869297008961439133e-03,2.491825073957443237e-02,-7.427852600812911987e-02,-5.848062783479690552e-02,-1.516843587160110474e-01,-4.898899793624877930e-02,-6.166066601872444153e-02,9.050965309143066406e-05,3.877345845103263855e-02,7.637587934732437134e-02,1.649974137544631958e-01,-1.719153299927711487e-02,1.703934557735919952e-02,-1.261830329895019531e-04,-2.422208432108163834e-03,7.899554073810577393e-02,-2.870649471879005432e-02,-3.707629861310124397e-03,2.071893215179443359e-01,1.246918365359306335e-01,1.255712062120437622e-01,7.377973198890686035e-02,-1.013023592531681061e-02,6.062367931008338928e-02,-5.294216424226760864e-02,5.603548884391784668e-02,-6.834097206592559814e-02,9.640450589358806610e-04,-1.315836422145366669e-02,5.427574738860130310e-03,1.199822276830673218e-01,2.641286514699459076e-02,-1.241226680576801300e-02,-5.047462508082389832e-02,-7.746911048889160156e-02,-1.542958244681358337e-02,9.305285662412643433e-02,8.711228519678115845e-02,-3.889986872673034668e-02,2.818216569721698761e-02,-2.164657227694988251e-02,1.846058666706085205e-02,-4.628064483404159546e-02,1.351643633097410202e-02,-5.953360348939895630e-03,-9.444113820791244507e-02,-7.786056492477655411e-03,6.748502701520919800e-02,4.540198296308517456e-02,8.770827203989028931e-02,-1.055155545473098755e-01,-1.339349523186683655e-02,3.613390773534774780e-02,-2.475682273507118225e-02,4.929335042834281921e-02,7.303752750158309937e-02,-1.351479720324277878e-02,1.150743663311004639e-01,1.059919246472418308e-03,-6.005205586552619934e-02,-4.365959763526916504e-02,-4.627903550863265991e-02,-1.383675169199705124e-02,6.291950494050979614e-02,-3.113758750259876251e-02,4.733615741133689880e-02,-5.709398165345191956e-02,6.188101693987846375e-02,7.815926522016525269e-02,4.689998924732208252e-02,-6.388421356678009033e-02,-1.356686800718307495e-01,2.775107882916927338e-02,1.704662293195724487e-01
6.033325195312500000e-02,8.081968873739242554e-02,7.227337360382080078e-02,-1.156732961535453796e-01,1.957405060529708862e-01,1.841669529676437378e-01,-7.878733426332473755e-02,-3.501728922128677368e-02,9.496871381998062134e-02,2.752675116062164307e-02,-9.404199570417404175e-02,1.070470660924911499e-01,3.287429362535476685e-02,-4.743529483675956726e-02,9.949034452438354492e-02,-1.867735572159290314e-02,3.898208588361740112e-02,1.084958910942077637e-01,6.214410811662673950e-02,6.223673000931739807e-02,8.098366111516952515e-02,-1.063313856720924377e-01,-5.082220956683158875e-02,1.353068500757217407e-01,2.553337514400482178e-01,-4.181787371635437012e-02,1.108454726636409760e-02,-7.001722604036331177e-02,2.292987890541553497e-02,-1.291065514087677002e-01,5.726304370909929276e-03,-1.511831022799015045e-02,1.587177067995071411e-02,-2.722249180078506470e-02,-4.111126065254211426e-02,7.707773894071578979e-02,4.494393616914749146e-02,-4.106516763567924500e-02,-2.097513992339372635e-03,1.177628114819526672e-01,6.757328659296035767e-02,3.616566583514213562e-02,-6.618803739547729492e-02,-4.928805306553840637e-02,-1.773937493562698364e-01,-6.988327205181121826e-02,2.367462217807769775e-02,-1.982229389250278473e-02,-5.695086345076560974e-02,1.028808206319808960e-01,3.798947110772132874e-02,-1.189493909478187561e-01,-9.825262427330017090e-02,-1.840606890618801117e-02,-2.766254544258117676e-02,-6.224999949336051941e-02,-8.100601285696029663e-02,-1.059269011020660400e-01,-2.312603294849395752e-01,-3.539456799626350403e-02,-6.126223132014274597e-02,-4.106276109814643860e-02,5.490138381719589233e-02,8.180049061775207520e-02,2.068689912557601929e-01,1.107191480696201324e-02,2.335323207080364227e-02,1.009216234087944031e-01,5.218129605054855347e-03,6.478039920330047607e-02,-2.264163084328174591e-02,-9.451380372047424316e-02,2.435445785522460938e-01,1.309998780488967896e-01,-8.113861829042434692e-02,1.186387836933135986e-01,4.678244236856698990e-03,8.785995095968246460e-02,6.571117043495178223e-02,1.412097662687301636e-01,-5.394907295703887939e-02,-4.312032833695411682e-02,-8.603699505329132080e-02,3.088394366204738617e-02,2.945163846015930176e-02,-7.023035734891891479e-02,-4.352776333689689636e-02,1.387289259582757950e-02,-1.383978277444839478e-01,-5.507662519812583923e-02,1.671196520328521729e-01,7.827338576316833496e-02,-1.169864684343338013e-01,4.224641621112823486e-02,-6.748977303504943848e-02,-1.020029373466968536e-02,8.716057986021041870e-02,1.612737476825714111e-01,1.622808128595352173e-01,-4.173415899276733398e-02,1.212185714393854141e-02,1.191062629222869873e-01,-6.805226206779479980e-02,-2.670463174581527710e-02,-3.064923733472824097e-02,-2.436238899827003479e-02,1.196282804012298584e-01,3.609202802181243896e-02,3.051343373954296112e-02,1.504002721048891544e-03,1.475063245743513107e-02,7.379879057407379150e-02,1.042509302496910095e-01,-1.612910628318786621e-02,-2.245814166963100433e-02,2.185476198792457581e-02,3.884189948439598083e-02,-1.492824312299489975e-02,-3.063211590051651001e-02,4.120271652936935425e-02,-1.542547196149826050e-01,9.109757840633392334e-02,8.882250636816024780e-02,2.034711092710494995e-02,-1.511728465557098389e-01,-1.987773329019546509e-01,-2.037106081843376160e-02,1.729209274053573608e-01
-2.444885298609733582e-02,-8.601543377153575420e-04,6.866646558046340942e-02,-7.343829423189163208e-02,1.165592968463897705e-01,6.293404847383499146e-02,-6.685782223939895630e-03,-5.358882248401641846e-03,-5.545975640416145325e-03,4.031248390674591064e-03,-1.044334992766380310e-01,-4.219650104641914368e-02,8.455774933099746704e-02,-6.572742760181427002e-02,6.857278943061828613e-02,-5.547237396240234375e-02,-1.256173197180032730e-02,1.147710755467414856e-01,-1.354232989251613617e-02,9.621710330247879028e-02,3.561643511056900024e-02,-9.954847395420074463e-02,-9.593511372804641724e-02,1.469590663909912109e-01,1.733448654413223267e-01,6.560060381889343262e-02,5.175248160958290100e-02,-1.128374948166310787e-03,-9.001100435853004456e-03,-1.789083518087863922e-02,-5.319845676422119141e-02,-1.530343890190124512e-01,9.508114308118820190e-03,1.171931531280279160e-02,-1.840410288423299789e-03,1.155623570084571838e-01,3.607411310076713562e-02,-7.610249519348144531e-02,2.783464081585407257e-02,5.227596312761306763e-02,3.283946216106414795e-02,2.786635607481002808e-02,4.499669745564460754e-02,-2.611379697918891907e-02,-6.946708261966705322e-02,-8.177867531776428223e-02,1.523051112890243530e-01,1.620334684848785400e-01,-7.930396241135895252e-04,7.659488171339035034e-02,1.481472142040729523e-02,-9.986820816993713379e-02,-1.055552139878273010e-01,-5.748141929507255554e-02,-3.264538943767547607e-02,-1.066562235355377197e-01,-7.370264083147048950e-02,-8.090601116418838501e-02,-1.806172877550125122e-01,-4.625251516699790955e-02,-1.685334369540214539e-02,-3.899532556533813477e-02,7.872278988361358643e-02,8.517438918352127075e-02,1.757346689701080322e-01,-9.163005650043487549e-02,1.278710663318634033e-01,7.075924426317214966e-02,4.701012745499610901e-03,4.935714602470397949e-02,-4.229223728179931641e-02,-3.743584826588630676e-02,2.547437250614166260e-01,1.419527232646942139e-01,1.083810105919837952e-01,1.501288563013076782e-01,-3.889962658286094666e-02,4.890313372015953064e-02,-1.554506830871105194e-02,5.019902018830180168e-04,1.639394834637641907e-02,6.005803868174552917e-02,1.744143851101398468e-02,1.229054294526576996e-02,1.519416570663452148e-01,7.439970970153808594e-02,2.004119381308555603e-02,-3.735165670514106750e-02,-1.039561182260513306e-01,-6.820870097726583481e-03,1.461706161499023438e-01,8.090555667877197266e-02,2.751334942877292633e-02,2.802034281194210052e-02,-5.630256980657577515e-02,-4.366041626781225204e-03,2.271702140569686890e-02,3.305779770016670227e-02,1.015502959489822388e-02,-5.181257799267768860e-02,-4.468454793095588684e-02,6.942787766456604004e-02,-2.265214361250400543e-02,-1.230696123093366623e-02,-1.587346754968166351e-02,-4.287746921181678772e-02,4.622551053762435913e-02,-1.614251360297203064e-02,-1.185564137995243073e-02,-2.749390527606010437e-02,1.542558986693620682e-02,5.195987969636917114e-02,-4.213414341211318970e-02,-4.029552266001701355e-02,-1.830617524683475494e-02,8.192925900220870972e-02,2.348984824493527412e-03,-1.387793105095624924e-02,-7.245744764804840088e-02,5.399706587195396423e-02,-1.094458624720573425e-01,2.382870204746723175e-02,3.828467801213264465e-02,5.790536478161811829e-02,8.590128272771835327e-03,-1.102671548724174500e-01,4.957081377506256104e-02,2.431316226720809937e-01
-1.382767222821712494e-03,5.054361745715141296e-02,1.031233593821525574e-01,-1.103793531656265259e-01,1.286118626594543457e-01,8.853879570960998535e-02,-2.052087336778640747e-02,-1.873315498232841492e-02,5.122970417141914368e-02,7.762255519628524780e-02,-1.156660318374633789e-01,1.682015508413314819e-02,4.871139675378799438e-02,-2.043948881328105927e-02,6.379514187574386597e-02,-8.773121237754821777e-02,2.990057319402694702e-02,7.659369707107543945e-02,-3.039257787168025970e-02,6.240345072001218796e-03,-1.230386178940534592e-02,-1.059769839048385620e-01,-8.561443537473678589e-02,1.822991818189620972e-01,1.874473094940185547e-01,-9.766177274286746979e-03,9.962942451238632202e-03,2.580605819821357727e-02,3.470066562294960022e-02,3.811689838767051697e-02,-2.549259550869464874e-02,-1.257698684930801392e-01,9.775206446647644043e-03,-5.604957416653633118e-02,-6.804509088397026062e-03,9.464227408170700073e-02,5.549988523125648499e-02,-1.908097229897975922e-02,3.336834907531738281e-02,5.619778856635093689e-02,5.461548920720815659e-03,-5.102793872356414795e-02,2.542082034051418304e-02,-4.551116377115249634e-02,-8.870352059602737427e-02,-5.489103496074676514e-02,1.571239084005355835e-01,2.039615362882614136e-01,6.633340567350387573e-02,2.571781352162361145e-02,7.768824696540832520e-02,-1.102071776986122131e-01,-1.064973548054695129e-01,-4.805438686162233353e-03,7.223747670650482178e-03,-6.794021278619766235e-02,-1.057725399732589722e-01,-4.483201354742050171e-02,-1.156152188777923584e-01,-1.588318124413490295e-02,-2.877653576433658600e-02,-3.130625188350677490e-02,5.709653720259666443e-02,1.557194441556930542e-02,2.038199156522750854e-01,-1.009153723716735840e-01,8.526062965393066406e-02,6.740469485521316528e-02,4.817419126629829407e-02,9.727879613637924194e-02,3.308923542499542236e-02,-4.548760876059532166e-02,1.769355982542037964e-01,1.693122386932373047e-01,1.603641808032989502e-01,1.619548052549362183e-01,-4.088528826832771301e-02,6.054374948143959045e-02,-3.889834880828857422e-02,-3.115562722086906433e-02,-2.924403874203562737e-03,-3.877545148134231567e-02,2.627783454954624176e-03,-2.026783674955368042e-02,1.692450344562530518e-01,-2.505811862647533417e-02,-8.194084279239177704e-03,-3.071822226047515869e-02,-7.822075486183166504e-02,-2.727541141211986542e-02,8.206021785736083984e-02,-8.348954841494560242e-03,-6.447545439004898071e-02,4.536020010709762573e-02,-1.742818020284175873e-02,-2.919605700299143791e-03,4.830010980367660522e-02,3.445988520979881287e-02,-3.743849694728851318e-02,-1.447434425354003906e-01,-1.039843335747718811e-01,7.144849747419357300e-02,-4.839980229735374451e-02,1.527327485382556915e-02,5.901327356696128845e-03,-6.685962527990341187e-02,3.286289423704147339e-02,6.973423808813095093e-02,3.198750317096710205e-02,-6.655922159552574158e-03,-6.295274198055267334e-02,-3.543034195899963379e-03,-4.687126353383064270e-02,2.383740060031414032e-02,-1.200457196682691574e-02,6.821475923061370850e-02,4.759443923830986023e-02,6.074058264493942261e-02,-7.382101565599441528e-02,1.011928617954254150e-01,-1.063812077045440674e-01,4.532221704721450806e-02,7.618809491395950317e-02,4.631977900862693787e-02,-3.536968305706977844e-02,-1.661654561758041382e-01,3.774124383926391602e-02,2.044935673475265503e-01
2.523288689553737640e-02,1.605015248060226440e-02,5.256509035825729370e-02,-1.408147513866424561e-01,1.103828847408294678e-01,7.995269447565078735e-02,1.090444531291723251e-02,2.670299634337425232e-02,-3.446158394217491150e-02,-1.351378392428159714e-02,-9.308844804763793945e-02,-5.775769054889678955e-02,1.572422496974468231e-02,-9.699305891990661621e-02,1.265091635286808014e-02,-5.112851783633232117e-02,5.124450474977493286e-02,1.152551323175430298e-01,2.679513767361640930e-02,1.665271259844303131e-02,3.464684588834643364e-03,-4.062763229012489319e-02,-6.368900090456008911e-02,1.311569213867187500e-01,1.901022642850875854e-01,-2.518094517290592194e-02,-2.891663648188114166e-02,1.944817975163459778e-02,1.111664157360792160e-02,3.125182539224624634e-02,-1.464449893683195114e-02,-9.508261829614639282e-02,-2.310135960578918457e-02,1.870494149625301361e-02,1.504181534983217716e-03,9.918250888586044312e-02,9.115472435951232910e-03,-2.808600477874279022e-02,5.538164079189300537e-02,5.025934055447578430e-02,3.882330283522605896e-02,5.063318461179733276e-02,7.154074031859636307e-03,-8.040764182806015015e-02,-1.138473004102706909e-01,-1.140778437256813049e-01,4.099882394075393677e-02,1.388118714094161987e-01,-2.107534557580947876e-02,6.357798725366592407e-02,6.547392159700393677e-02,-3.574176877737045288e-02,-1.029878556728363037e-01,1.694716513156890869e-02,-4.841176047921180725e-02,-4.066051170229911804e-02,-7.183844596147537231e-02,-3.495594486594200134e-02,-1.435157954692840576e-01,-3.917077556252479553e-03,-2.900210022926330566e-02,-1.517483126372098923e-02,5.031585693359375000e-02,4.027433320879936218e-02,1.801483929157257080e-01,-2.814246527850627899e-02,4.447759687900543213e-02,5.927296727895736694e-02,2.792040444910526276e-02,1.821155473589897156e-02,-1.461440324783325195e-02,-1.763959415256977081e-02,2.037454843521118164e-01,1.545334756374359131e-01,1.053939461708068848e-01,1.225389838218688965e-01,1.206500269472599030e-02,4.060216248035430908e-02,-2.506042132154107094e-03,2.881631441414356232e-02,-8.796856552362442017e-02,-1.255481876432895660e-02,2.015392109751701355e-02,-2.756171301007270813e-02,8.674620836973190308e-02,1.184005755931138992e-02,7.685091812163591385e-03,-3.143799677491188049e-02,-9.597122669219970703e-02,-4.936621338129043579e-02,9.177109599113464355e-02,4.968684166669845581e-02,-6.741646677255630493e-02,5.199257656931877136e-02,-5.799916759133338928e-02,4.763566423207521439e-03,1.908726058900356293e-02,-1.043527852743864059e-03,-1.596538815647363663e-03,-8.287902921438217163e-02,-3.946613520383834839e-02,8.427883684635162354e-02,-2.161913737654685974e-02,2.961537102237343788e-03,-7.982173003256320953e-03,-3.380511701107025146e-02,2.231245301663875580e-02,-2.098800055682659149e-02,1.913352496922016144e-02,3.465703129768371582e-02,2.900221757590770721e-02,8.839600533246994019e-02,3.995391353964805603e-02,-2.612148039042949677e-02,-4.647519439458847046e-03,6.283252686262130737e-02,-1.252439618110656738e-02,1.763551309704780579e-02,2.018135786056518555e-02,4.272977635264396667e-02,-1.095059067010879517e-01,7.980436086654663086e-02,8.205841481685638428e-02,1.560003962367773056e-02,-5.656063929200172424e-02,-1.396150738000869751e-01,1.023828797042369843e-02,1.706167459487915039e-01
5.544574931263923645e-03,3.206152468919754028e-03,3.322906047105789185e-02,-4.492344707250595093e-02,3.284243866801261902e-02,1.706538721919059753e-02,-6.240136921405792236e-03,-2.047327347099781036e-03,-4.000395536422729492e-02,3.025134792551398277e-03,-3.722231462597846985e-02,-2.055358141660690308e-02,4.425884224474430084e-03,-2.441087923943996429e-02,-2.207215875387191772e-03,-3.036558628082275391e-04,1.885292585939168930e-03,2.453501895070075989e-02,6.349864881485700607e-03,1.136462576687335968e-02,6.269700825214385986e-03,-1.529043726623058319e-02,-2.680064737796783447e-02,3.410907834768295288e-02,5.928719788789749146e-02,7.537007331848144531e-05,-1.687435549683868885e-03,-1.484940573573112488e-02,-3.120829118415713310e-03,6.209948565810918808e-03,-2.333270944654941559e-02,-4.033946990966796875e-02,-6.192922592163085938e-05,-1.202388200908899307e-02,-1.294334884732961655e-02,2.794985659420490265e-02,9.472503326833248138e-03,-1.791478879749774933e-02,6.745413877069950104e-03,2.769730985164642334e-03,-2.795003354549407959e-03,-4.105157218873500824e-03,-1.148283481597900391e-02,-1.931677386164665222e-02,-2.052170783281326294e-02,-4.552945494651794434e-02,2.462371811270713806e-02,3.717686608433723450e-02,-1.648722449317574501e-03,1.685927249491214752e-02,5.250703543424606323e-03,-1.876875758171081543e-02,-2.398451045155525208e-02,-6.547654513269662857e-03,-1.881615631282329559e-02,-1.495821774005889893e-02,-3.988428413867950439e-02,-6.470738444477319717e-03,-6.307691335678100586e-02,1.639508083462715149e-02,1.314227469265460968e-02,-6.523009389638900757e-03,1.069680787622928619e-02,3.337400499731302261e-03,5.608537420630455017e-02,-2.626091986894607544e-02,5.715099163353443146e-03,6.259150803089141846e-03,-1.076162047684192657e-02,-4.876336082816123962e-03,-3.358678659424185753e-03,-1.819886267185211182e-02,6.703185290098190308e-02,3.619742393493652344e-02,4.201363399624824524e-02,4.373940452933311462e-02,-6.881693843752145767e-03,5.250137299299240112e-03,-8.701976621523499489e-04,-9.056319482624530792e-03,-1.749035902321338654e-02,-1.176124066114425659e-02,-8.140442892909049988e-03,-2.919948846101760864e-02,2.107209712266921997e-02,-7.984408177435398102e-03,-1.663269102573394775e-02,-8.121699094772338867e-03,-1.602318510413169861e-02,-8.633517660200595856e-03,4.088570550084114075e-02,1.889948360621929169e-02,-3.092397935688495636e-03,1.903393305838108063e-02,-1.524190139025449753e-02,1.264007110148668289e-02,8.957681129686534405e-04,1.050484180450439453e-02,1.050931122153997421e-02,-2.290500514209270477e-02,-1.100123114883899689e-02,2.093545347452163696e-02,4.490016726776957512e-04,1.049447152763605118e-02,-1.435717474669218063e-02,-9.240660816431045532e-03,2.270933799445629120e-02,-5.112901329994201660e-03,3.780763596296310425e-03,1.270788908004760742e-02,-1.262904424220323563e-02,2.205073833465576172e-04,-4.300656728446483612e-03,-9.624452330172061920e-03,-1.545502711087465286e-02,8.715914562344551086e-03,5.384384421631693840e-04,-4.487126599997282028e-03,-7.924211211502552032e-03,1.539880409836769104e-02,-4.037746787071228027e-02,2.706626057624816895e-02,1.822067052125930786e-02,1.479266793467104435e-03,-2.113962918519973755e-02,-5.370572954416275024e-02,-1.157807093113660812e-02,7.154444605112075806e-02
6.289049983024597168e-02,3.188532590866088867e-02,1.286413669586181641e-01,-1.455861181020736694e-01,8.644234389066696167e-02,-5.304316058754920959e-03,6.471268087625503540e-02,3.702938556671142578e-04,-6.719457451254129410e-03,6.014840304851531982e-02,-1.172425225377082825e-01,-3.601356409490108490e-03,7.973863184452056885e-02,-9.542549401521682739e-02,1.118909120559692383e-01,-7.399980723857879639e-02,-5.616614967584609985e-02,1.248874068260192871e-01,1.340851094573736191e-02,8.340556174516677856e-02,1.094929222017526627e-02,-1.357720494270324707e-01,-1.708544641733169556e-01,2.224866598844528198e-01,2.500952184200286865e-01,-6.834186613559722900e-02,-3.820686042308807373e-02,5.818658042699098587e-03,2.447622455656528473e-02,-5.207656696438789368e-02,-4.909165948629379272e-02,3.189473599195480347e-02,-2.009985037147998810e-03,4.756080731749534607e-02,9.189027547836303711e-02,1.056119352579116821e-01,3.545472398400306702e-02,-9.320136159658432007e-02,-1.399178244173526764e-02,1.361148506402969360e-01,3.790212795138359070e-02,1.237621251493692398e-02,5.941503867506980896e-02,-6.918834894895553589e-02,-1.433951109647750854e-01,-1.300247162580490112e-01,9.557372890412807465e-03,6.524836272001266479e-02,-6.043032184243202209e-02,5.327495560050010681e-02,6.802648305892944336e-02,5.884101614356040955e-03,-4.847211763262748718e-02,1.923285052180290222e-02,-1.950681023299694061e-02,-1.166003420948982239e-01,-6.506226956844329834e-02,-3.589246794581413269e-02,-1.762850731611251831e-01,1.315034925937652588e-02,3.740251436829566956e-02,-4.057684168219566345e-02,1.333357393741607666e-01,6.117351353168487549e-02,1.664805114269256592e-01,4.461049567908048630e-03,8.464329689741134644e-02,5.561246350407600403e-02,9.550250135362148285e-03,3.934181109070777893e-02,-4.822735488414764404e-02,-8.493976294994354248e-02,2.522411048412322998e-01,1.800456345081329346e-01,7.407737895846366882e-03,2.134763598442077637e-01,5.612399429082870483e-02,1.302717030048370361e-01,-6.040930747985839844e-05,8.480668812990188599e-02,-9.034407883882522583e-02,-4.204307682812213898e-03,1.603850163519382477e-02,2.246710844337940216e-02,1.880708038806915283e-01,1.314638648182153702e-02,-2.071155607700347900e-02,6.212899833917617798e-02,-3.917741030454635620e-02,-3.539912030100822449e-02,1.074333041906356812e-01,1.597862988710403442e-01,-4.408007115125656128e-02,4.483213275671005249e-02,-4.876853898167610168e-02,3.046600148081779480e-02,-7.466075476258993149e-04,1.190320923924446106e-01,6.525382399559020996e-02,-9.900416433811187744e-02,-4.610366746783256531e-02,8.620489388704299927e-02,9.893770329654216766e-04,-2.337950095534324646e-02,-9.307150542736053467e-02,-1.052371561527252197e-01,1.085055917501449585e-01,5.723935738205909729e-02,6.013350188732147217e-02,5.650211870670318604e-02,2.364587597548961639e-02,1.220180094242095947e-01,-4.199330694973468781e-03,-3.911200538277626038e-02,2.218385972082614899e-02,4.740258678793907166e-02,5.037920083850622177e-03,1.528292987495660782e-02,-1.951032318174839020e-02,9.985620155930519104e-03,-2.149268984794616699e-01,7.986892014741897583e-02,9.350808709859848022e-02,4.663910344243049622e-02,6.411195732653141022e-03,-1.681092083454132080e-01,1.568442024290561676e-02,9.100178629159927368e-02
4.705685004591941833e-02,4.603144247084856033e-03,8.234243839979171753e-02,-8.838695287704467773e-02,7.375288009643554688e-02,1.208622679114341736e-01,-4.056371748447418213e-03,-6.850077211856842041e-02,-8.795630186796188354e-03,-5.889573320746421814e-02,-1.335650831460952759e-01,-4.431320726871490479e-02,1.302299741655588150e-02,8.520902134478092194e-03,4.370350018143653870e-02,-9.499219059944152832e-02,2.217557048425078392e-03,8.209183812141418457e-02,9.007704257965087891e-02,5.146862566471099854e-02,-3.013362549245357513e-02,-4.942011088132858276e-02,-7.671354711055755615e-02,2.002912908792495728e-01,2.351155430078506470e-01,1.005475409328937531e-02,-3.009212017059326172e-02,7.003132253885269165e-03,4.454928264021873474e-02,-2.833480574190616608e-02,-2.870458923280239105e-02,-3.898586332798004150e-02,1.094011403620243073e-02,-1.370513904839754105e-02,-3.188029676675796509e-02,1.596835553646087646e-01,1.490323990583419800e-01,-4.289332404732704163e-02,2.124463580548763275e-02,1.249846592545509338e-01,5.989534780383110046e-02,-8.280276507139205933e-02,3.255289420485496521e-02,-4.032515734434127808e-02,-6.956946104764938354e-02,-1.331928670406341553e-01,3.141361102461814880e-02,1.113314330577850342e-01,-3.804571554064750671e-02,-5.449083819985389709e-02,-8.074345998466014862e-03,-1.271819025278091431e-01,-7.982014864683151245e-02,-7.611603941768407822e-03,2.624862827360630035e-03,-4.211242869496345520e-02,-1.021199449896812439e-01,-6.750318408012390137e-02,-1.547416448593139648e-01,-2.025544643402099609e-02,3.750663716346025467e-03,-1.918143033981323242e-02,8.537823706865310669e-02,5.591567605733871460e-02,1.745403110980987549e-01,-7.476238161325454712e-02,7.664015144109725952e-02,1.077431216835975647e-01,2.162259444594383240e-02,7.058200240135192871e-02,2.648264542222023010e-02,-5.175301060080528259e-02,2.336492091417312622e-01,1.421743035316467285e-01,9.103982895612716675e-02,8.343929797410964966e-02,-3.579799458384513855e-02,3.631605952978134155e-02,6.212398409843444824e-02,3.062610141932964325e-02,-5.457994341850280762e-02,2.318306453526020050e-02,-2.223857864737510681e-02,-4.161860793828964233e-02,1.556409448385238647e-01,8.624048531055450439e-02,1.153161562979221344e-02,2.542960271239280701e-02,-6.925214082002639771e-02,-5.553791671991348267e-02,1.146278604865074158e-01,6.442426890134811401e-02,3.590002655982971191e-02,4.054708778858184814e-02,1.825344190001487732e-02,3.639537468552589417e-02,1.027216985821723938e-01,9.198959916830062866e-02,8.281905204057693481e-03,-9.917660057544708252e-02,-2.146679908037185669e-02,1.363002806901931763e-01,1.280714385211467743e-02,3.027121536433696747e-02,5.664755776524543762e-02,-9.519712626934051514e-02,9.540698677301406860e-02,5.293200165033340454e-02,7.068819552659988403e-02,5.522301048040390015e-02,-2.661311812698841095e-02,7.162393629550933838e-02,3.420457243919372559e-02,1.310615916736423969e-03,1.737657934427261353e-02,1.053440049290657043e-01,-5.669521167874336243e-02,-3.484949935227632523e-03,-6.499502807855606079e-02,6.670357286930084229e-02,-1.243947446346282959e-01,1.286758184432983398e-01,1.608241200447082520e-01,8.070623874664306641e-02,1.593344472348690033e-02,-1.687045991420745850e-01,4.362476244568824768e-02,1.269787102937698364e-01
6.729979068040847778e-02,9.516768157482147217e-02,9.371490031480789185e-02,-1.158473864197731018e-01,9.486706554889678955e-02,8.622057735919952393e-02,1.285788975656032562e-02,-3.502005711197853088e-02,-4.830040782690048218e-02,-2.460072562098503113e-02,-1.194115877151489258e-01,3.268608450889587402e-02,1.139807701110839844e-01,-1.127614974975585938e-01,7.643735408782958984e-02,-7.084743678569793701e-02,-3.360019763931632042e-03,1.260304152965545654e-01,4.155107587575912476e-02,7.867471314966678619e-03,2.801492623984813690e-02,-9.643370658159255981e-02,-8.589482307434082031e-02,1.788056194782257080e-01,2.068606764078140259e-01,2.403940074145793915e-03,-6.759957224130630493e-02,-3.263795003294944763e-02,2.836059406399726868e-02,7.394507061690092087e-03,7.038790732622146606e-02,-1.351213753223419189e-01,3.005972132086753845e-02,4.304730147123336792e-02,-2.078159153461456299e-02,1.127455979585647583e-01,-2.315295115113258362e-02,-6.150248274207115173e-02,1.356515288352966309e-02,8.765651285648345947e-02,1.154212877154350281e-01,3.875792399048805237e-02,9.008640423417091370e-03,-3.163309767842292786e-02,-9.493173658847808838e-02,-7.430988550186157227e-02,6.319764256477355957e-02,1.083514094352722168e-01,-1.286024749279022217e-01,9.032537788152694702e-02,5.354615300893783569e-02,-3.686815500259399414e-02,-1.195051595568656921e-01,-2.204239740967750549e-02,7.658897433429956436e-03,-5.006554350256919861e-02,-5.999853834509849548e-02,-6.830424815416336060e-02,-1.345979124307632446e-01,-3.525058925151824951e-02,-3.470587730407714844e-02,-4.254866763949394226e-02,5.440653115510940552e-02,6.757005304098129272e-02,1.979494839906692505e-01,4.055946692824363708e-02,1.165084242820739746e-01,-7.699485868215560913e-03,-1.619539968669414520e-02,7.990732789039611816e-02,-3.808800503611564636e-02,-8.448321372270584106e-02,2.412209659814834595e-01,1.525721102952957153e-01,9.237701445817947388e-02,1.311733275651931763e-01,-1.577931828796863556e-02,9.655734896659851074e-02,9.757052361965179443e-02,1.081244349479675293e-01,-7.472003251314163208e-02,3.808282688260078430e-02,4.105511307716369629e-02,-2.804622240364551544e-02,1.291939765214920044e-01,1.112802512943744659e-02,-5.356380715966224670e-02,-2.850933745503425598e-02,-1.279635727405548096e-01,-1.173570379614830017e-01,7.171078026294708252e-02,7.091046869754791260e-02,-6.335235387086868286e-02,3.007335774600505829e-02,-1.115436665713787079e-02,3.965684212744235992e-03,5.489706993103027344e-02,2.380466461181640625e-02,7.897921651601791382e-02,-1.904808357357978821e-02,-4.932035692036151886e-03,1.187801435589790344e-01,-9.703479707241058350e-03,1.088978350162506104e-02,-2.746525593101978302e-02,-5.410329252481460571e-02,1.194854751229286194e-01,7.039850950241088867e-02,4.393429309129714966e-02,-6.075426470488309860e-03,2.320489659905433655e-02,9.584083408117294312e-02,1.183928269892930984e-02,-7.396136969327926636e-02,-3.403344005346298218e-02,1.999534666538238525e-02,4.749860242009162903e-02,4.707041010260581970e-02,-3.913289308547973633e-02,2.096792683005332947e-02,-1.437059789896011353e-01,1.318538188934326172e-01,8.051884174346923828e-02,2.518955245614051819e-02,-2.089678868651390076e-02,-1.398568302392959595e-01,3.923834860324859619e-02,1.953102648258209229e-01
7.705702632665634155e-02,5.159943550825119019e-02,1.489353328943252563e-01,-1.110138595104217529e-01,8.202360570430755615e-02,8.292473107576370239e-02,3.347108140587806702e-02,5.399329587817192078e-02,-3.008178807795047760e-02,-6.996576674282550812e-03,-1.238616555929183960e-01,-2.947992645204067230e-02,1.768094673752784729e-02,-1.082873120903968811e-01,5.686352401971817017e-02,-1.156267896294593811e-01,3.341264650225639343e-02,9.301964193582534790e-02,-4.724942147731781006e-02,3.779642283916473389e-02,1.255774032324552536e-02,-9.104651957750320435e-02,-1.218796893954277039e-01,1.042072698473930359e-01,2.247130274772644043e-01,8.321062661707401276e-03,2.690625190734863281e-02,-3.105127252638339996e-02,-3.588321059942245483e-02,8.954418450593948364e-02,-2.137961052358150482e-02,-1.569186598062515259e-01,6.493575125932693481e-02,-5.038904026150703430e-03,2.221108414232730865e-02,1.165108159184455872e-01,3.472698107361793518e-02,-1.101733073592185974e-01,4.633557051420211792e-02,7.079387456178665161e-02,-3.499931097030639648e-02,-2.167364954948425293e-02,-2.851228229701519012e-02,-7.352411001920700073e-02,-2.892190776765346527e-02,-1.338202953338623047e-01,1.175994575023651123e-01,1.727245002985000610e-01,-2.721554972231388092e-02,1.245263442397117615e-01,1.245438233017921448e-01,-9.490811079740524292e-02,-8.697400987148284912e-02,-3.172619640827178955e-02,-8.328178524971008301e-02,-1.022564992308616638e-01,-7.941763848066329956e-02,-3.706975653767585754e-02,-1.576365977525711060e-01,-2.514794468879699707e-02,2.633147500455379486e-02,-4.286030307412147522e-02,-1.136391772888600826e-03,3.154041618108749390e-02,1.432230025529861450e-01,-3.236357867717742920e-02,1.223886236548423767e-01,1.891935430467128754e-02,-5.351385101675987244e-02,5.232047289609909058e-03,-2.141711302101612091e-02,-7.208696007728576660e-02,2.238717377185821533e-01,1.393856555223464966e-01,1.722457259893417358e-01,1.677909195423126221e-01,-1.190400496125221252e-02,7.470367103815078735e-02,7.251102477312088013e-02,-4.013337660580873489e-03,-9.941380470991134644e-02,3.991079702973365784e-02,7.624983787536621094e-02,-2.135252952575683594e-02,3.846953809261322021e-02,6.276107393205165863e-03,-3.694553300738334656e-02,-8.386677503585815430e-02,-7.340394705533981323e-02,-1.442356128245592117e-02,1.930137872695922852e-01,1.126829534769058228e-01,-4.813375696539878845e-02,2.944639418274164200e-03,-7.478051632642745972e-02,2.480209432542324066e-02,1.342731714248657227e-01,3.291353210806846619e-02,4.629268497228622437e-02,-1.464377790689468384e-01,7.620633114129304886e-03,8.623205125331878662e-02,-8.321936428546905518e-02,8.685369975864887238e-03,4.585322923958301544e-03,-1.160885114222764969e-02,5.508264899253845215e-02,-3.530675917863845825e-02,-1.458460837602615356e-02,4.477235302329063416e-02,1.577797718346118927e-02,7.050256431102752686e-02,-2.138899080455303192e-02,-3.208027407526969910e-02,-1.398731302469968796e-02,6.942024827003479004e-02,3.323813900351524353e-02,2.947449684143066406e-04,-3.022893704473972321e-02,3.244333341717720032e-02,-1.619626432657241821e-01,5.692053586244583130e-02,1.029006540775299072e-01,9.011381305754184723e-03,-1.984712667763233185e-03,-1.660681962966918945e-01,1.652680337429046631e-02,2.007442861795425415e-01
5.690460652112960815e-02,2.048631757497787476e-02,1.593800038099288940e-01,-1.421555280685424805e-01,7.842193543910980225e-02,5.198641866445541382e-02,4.956445470452308655e-02,-8.609528653323650360e-03,-2.656150609254837036e-02,7.447580248117446899e-02,-1.306673586368560791e-01,5.794347822666168213e-02,7.410914450883865356e-02,-4.300211369991302490e-02,2.327569946646690369e-02,-7.946704328060150146e-02,8.172776550054550171e-03,1.001701802015304565e-01,2.449216134846210480e-02,6.979820877313613892e-02,2.907469309866428375e-02,-1.791612990200519562e-02,-1.722890585660934448e-01,2.014202028512954712e-01,2.477051317691802979e-01,-5.724078416824340820e-02,-2.803434059023857117e-02,-2.538555487990379333e-02,4.127528145909309387e-02,-4.965292662382125854e-02,-4.465361684560775757e-02,-3.134769946336746216e-02,2.972052060067653656e-02,-3.988580405712127686e-02,2.350135706365108490e-02,1.202854514122009277e-01,8.813256770372390747e-02,-6.142472475767135620e-02,-4.817115887999534607e-02,1.227500885725021362e-01,4.986351355910301208e-02,1.198323722928762436e-02,-1.811276189982891083e-02,-1.015839800238609314e-01,-1.913180053234100342e-01,-1.330473423004150391e-01,2.751236781477928162e-02,8.521137386560440063e-02,-8.538090437650680542e-02,1.325127203017473221e-02,7.030734419822692871e-02,-5.655698478221893311e-02,-1.180208697915077209e-01,-2.503559924662113190e-02,-7.403456419706344604e-02,-5.310861766338348389e-02,-8.821932971477508545e-02,-9.533253312110900879e-02,-1.819279938936233521e-01,-4.623011872172355652e-02,-3.359027579426765442e-02,-3.302341327071189880e-02,8.558367192745208740e-02,9.960108250379562378e-02,1.939903348684310913e-01,-6.080623343586921692e-02,5.876138806343078613e-02,8.734615892171859741e-02,4.310893267393112183e-02,7.116429507732391357e-02,-5.232449993491172791e-02,-8.762454986572265625e-02,2.251655608415603638e-01,1.172024607658386230e-01,7.658892869949340820e-02,1.598307043313980103e-01,6.808096915483474731e-02,1.068367734551429749e-01,1.404783036559820175e-02,9.437284618616104126e-02,-4.837316274642944336e-02,-3.077747114002704620e-02,1.366804260760545731e-02,2.490038238465785980e-02,1.192697212100028992e-01,-1.166168414056301117e-02,-2.334947697818279266e-03,-3.603233955800533295e-03,-5.068600550293922424e-02,-3.599696606397628784e-02,1.310282200574874878e-01,8.472451567649841309e-02,-1.126340627670288086e-01,5.266845226287841797e-02,-1.923368126153945923e-02,-1.564121618866920471e-02,7.138720899820327759e-02,4.521345719695091248e-02,5.068416893482208252e-02,-9.160755574703216553e-02,-8.555056899785995483e-02,1.040232330560684204e-01,-6.533353775739669800e-02,-5.198484286665916443e-02,-8.443344384431838989e-02,-1.424567401409149170e-01,8.672925829887390137e-02,2.419887110590934753e-02,2.689860016107559204e-02,3.607700392603874207e-02,2.777988091111183167e-02,8.095971494913101196e-02,-2.879576757550239563e-02,-3.713380545377731323e-02,-3.870822861790657043e-02,2.160049043595790863e-02,-2.208117954432964325e-02,9.552275761961936951e-03,-2.946352027356624603e-02,2.507122233510017395e-02,-1.620527952909469604e-01,9.516960382461547852e-02,6.110474839806556702e-02,9.106233716011047363e-03,-5.556807294487953186e-02,-1.721549332141876221e-01,1.174793317914009094e-01,1.460175812244415283e-01
