2.809348143637180328e-02,1.729476638138294220e-02,7.154461462050676346e-03,-5.147899687290191650e-02,1.226098462939262390e-02,3.169279173016548157e-02,-2.053085342049598694e-02,-3.061150945723056793e-02,-3.298548609018325806e-02,-9.376607835292816162e-03,-3.169303014874458313e-02,-1.447725389152765274e-02,-3.604393452405929565e-02,-1.789604872465133667e-02,1.065079681575298309e-02,-9.516874328255653381e-03,1.799806207418441772e-02,-1.363347750157117844e-02,-1.783348433673381805e-02,6.057396065443754196e-03,-2.683997154235839844e-04,-1.823842711746692657e-02,-1.130580343306064606e-02,2.003708481788635254e-02,4.818580579012632370e-03,-2.616523019969463348e-02,-6.299829110503196716e-03,-7.673768326640129089e-03,-1.885214261710643768e-02,1.676676794886589050e-03,-9.255859069526195526e-03,-4.091992229223251343e-02,-5.287716630846261978e-03,1.479636784642934799e-02,-1.744060404598712921e-02,5.255620460957288742e-03,-1.092524360865354538e-02,-3.385899960994720459e-02,-1.466723158955574036e-02,6.390304770320653915e-03,1.817254116758704185e-03,-2.854089997708797455e-02,-5.529913119971752167e-03,-4.977125208824872971e-03,-7.672724779695272446e-03,-1.055570784956216812e-02,-1.074293535202741623e-02,1.012183260172605515e-02,-1.419609598815441132e-02,-1.695333048701286316e-03,-8.947729133069515228e-03,-2.215487509965896606e-02,-2.075945958495140076e-02,-9.215510450303554535e-03,2.820634096860885620e-02,1.683621294796466827e-02,-2.131755836308002472e-02,-2.374047785997390747e-02,-4.394017904996871948e-02,-1.056354586035013199e-02,4.319342784583568573e-03,-3.271832689642906189e-02,-4.768573213368654251e-03,-2.379957027733325958e-02,-9.011026122607290745e-04,-1.727599650621414185e-02,5.600780714303255081e-03,-5.742187611758708954e-03,9.007388725876808167e-03,4.054902493953704834e-02,-2.009478397667407990e-03,-3.163628652691841125e-02,3.844469040632247925e-02,2.124746516346931458e-02,2.810854837298393250e-02,1.416993606835603714e-02,-2.248536795377731323e-02,1.992960087954998016e-02,-5.572946742177009583e-03,1.012891065329313278e-03,-1.926931366324424744e-02,-3.200703859329223633e-02,-1.769581250846385956e-02,1.179607398808002472e-02,1.728490553796291351e-02,8.980628103017807007e-03,-1.789193972945213318e-02,-1.552972383797168732e-02,-3.248498216271400452e-02,-4.223171621561050415e-03,2.020572684705257416e-02,2.897911146283149719e-02,-1.477357558906078339e-02,-4.444867838174104691e-03,-1.744596846401691437e-02,-3.862658981233835220e-03,-5.302169825881719589e-03,-9.740849025547504425e-03,7.115272339433431625e-03,-1.260678656399250031e-02,-1.090734731405973434e-03,1.908577047288417816e-02,2.653115987777709961e-02,9.704105556011199951e-03,3.643035888671875000e-04,-2.554492466151714325e-02,4.734694084618240595e-04,-3.668082412332296371e-03,1.958480291068553925e-02,1.223937980830669403e-02,9.346302831545472145e-04,1.772071979939937592e-02,8.908208692446351051e-04,8.824238553643226624e-03,1.809768564999103546e-02,-7.646202109754085541e-03,2.283354848623275757e-02,1.680165156722068787e-02,-2.976223453879356384e-02,-9.191330755129456520e-04,-2.809363044798374176e-02,2.214200794696807861e-02,2.615534327924251556e-02,2.088353037834167480e-02,-1.650547049939632416e-02,-4.788384214043617249e-02,-1.115436665713787079e-02,6.330503523349761963e-02
2.284197695553302765e-02,2.608416602015495300e-02,3.884504083544015884e-03,-3.210055083036422729e-02,3.405885072425007820e-03,7.696893066167831421e-03,-1.788928918540477753e-02,-2.518153935670852661e-02,-1.230582874268293381e-02,9.023450314998626709e-03,1.150071620941162109e-04,-7.759146392345428467e-03,-2.336887083947658539e-02,-1.462209131568670273e-02,9.096936322748661041e-03,-2.286175638437271118e-02,-8.926182985305786133e-03,2.436947822570800781e-02,-1.527145877480506897e-02,-5.542607977986335754e-03,1.116841565817594528e-03,-4.594859667122364044e-03,-2.670102519914507866e-03,1.781859062612056732e-02,6.941503845155239105e-03,-9.170183911919593811e-03,4.049635957926511765e-03,7.811864372342824936e-03,-1.946208300068974495e-03,1.522929687052965164e-02,-7.322179619222879410e-03,-3.918496891856193542e-02,1.354604028165340424e-03,3.173191333189606667e-03,-2.896356768906116486e-02,-2.695643110200762749e-03,1.165679842233657837e-02,-1.349048316478729248e-02,-2.662643231451511383e-02,1.230913680046796799e-02,7.521426305174827576e-03,-1.639961078763008118e-02,-8.021033369004726410e-03,2.313460456207394600e-03,-2.450043801218271255e-03,-9.810877032577991486e-03,1.933870138600468636e-03,1.006831321865320206e-02,3.877232782542705536e-03,2.899072133004665375e-03,-6.566787138581275940e-03,-2.213202975690364838e-02,-2.196459099650382996e-02,1.034794934093952179e-02,2.073568664491176605e-02,-2.572649857029318810e-03,-4.094219766557216644e-03,-2.092508599162101746e-02,-2.809485234320163727e-02,-5.766416899859905243e-03,-2.646662294864654541e-02,-1.420300919562578201e-02,2.110656583681702614e-03,-2.561047486960887909e-02,1.542621571570634842e-02,-1.345985103398561478e-02,-7.083655335009098053e-03,3.159482497721910477e-03,1.339978072792291641e-02,2.393238432705402374e-02,-5.140675697475671768e-03,-3.079766035079956055e-02,2.744161151349544525e-02,2.619784511625766754e-02,3.354499861598014832e-02,1.962799765169620514e-02,-6.932742893695831299e-03,1.774100773036479950e-02,1.028739754110574722e-02,7.257482036948204041e-03,-1.603063568472862244e-02,-6.839632987976074219e-05,1.507817418314516544e-03,1.257436722517013550e-02,1.242945902049541473e-02,-1.441804971545934677e-02,-1.160524692386388779e-02,-1.158459670841693878e-02,-3.300248458981513977e-02,-4.057443514466285706e-02,2.079841215163469315e-03,1.140008587390184402e-02,-2.068796195089817047e-02,-5.175990983843803406e-03,-1.313253119587898254e-02,-9.278507903218269348e-03,5.984532646834850311e-03,-8.499619434587657452e-04,-2.163648605346679688e-05,-2.025869674980640411e-03,-1.912103965878486633e-02,5.425340030342340469e-03,9.255919605493545532e-03,2.369578229263424873e-03,-5.792973679490387440e-04,-3.047577105462551117e-02,1.169505994766950607e-02,-1.510381698608398438e-04,2.111669862642884254e-03,2.101347036659717560e-02,2.221610164269804955e-03,1.348094828426837921e-02,4.687751177698373795e-03,1.046237908303737640e-02,2.381255850195884705e-02,-2.066892758011817932e-02,5.983966402709484100e-03,-5.320915486663579941e-03,-6.517644971609115601e-03,3.589405911043286324e-03,-2.516757138073444366e-02,7.573310285806655884e-03,4.219715017825365067e-03,3.481440246105194092e-02,2.162333577871322632e-03,-2.989825233817100525e-02,-1.451524160802364349e-02,6.411055475473403931e-02
9.232934564352035522e-02,1.433779299259185791e-01,-5.158778652548789978e-02,-1.227257400751113892e-01,1.151703596115112305e-01,1.097914725542068481e-01,-1.903531490825116634e-03,-7.365749776363372803e-02,-5.260702222585678101e-02,-1.753802970051765442e-02,-6.423585861921310425e-02,-3.347060456871986389e-02,-6.603091955184936523e-02,-1.016408577561378479e-01,8.814706653356552124e-02,-9.551813453435897827e-02,-1.191708538681268692e-02,3.727706894278526306e-02,-7.651074975728988647e-02,-4.503487609326839447e-03,-1.075598690658807755e-02,-1.215534135699272156e-01,-6.682022660970687866e-02,1.692397594451904297e-01,9.386351704597473145e-02,-3.656070679426193237e-02,-1.101070642471313477e-02,4.630767554044723511e-02,4.776181280612945557e-02,6.280850619077682495e-02,-2.546284347772598267e-02,-1.740343272686004639e-01,-7.188507914543151855e-02,5.728974193334579468e-02,-3.655029460787773132e-02,4.738388210535049438e-02,-3.504785522818565369e-02,-3.468813374638557434e-02,-9.179113805294036865e-02,2.577085606753826141e-02,-6.954668206162750721e-04,-5.436656624078750610e-02,-3.855875879526138306e-02,-6.072520045563578606e-04,-5.353164300322532654e-02,-7.816539704799652100e-02,-2.011200599372386932e-02,7.190956920385360718e-02,-1.847807504236698151e-02,9.313163347542285919e-03,1.255073770880699158e-02,-3.447283431887626648e-02,-4.250589758157730103e-03,7.104348391294479370e-02,2.204579301178455353e-02,-2.860835986211895943e-03,-8.160786330699920654e-02,-9.691272675991058350e-02,-1.882799118757247925e-01,-1.043189913034439087e-01,-2.882084250450134277e-02,-6.850195676088333130e-02,-3.024927154183387756e-02,-6.526842713356018066e-02,1.359119117259979248e-01,-4.776315018534660339e-02,1.031440347433090210e-01,7.306563854217529297e-02,1.177383437752723694e-01,2.096391767263412476e-01,5.422833934426307678e-02,-1.239616945385932922e-01,2.003454416990280151e-01,2.079751789569854736e-01,1.887745261192321777e-01,9.334784001111984253e-02,-8.787156641483306885e-02,6.545778363943099976e-02,8.884058892726898193e-02,1.091533899307250977e-01,-1.430110782384872437e-01,-1.002975627779960632e-01,-1.997467316687107086e-02,8.167532831430435181e-02,1.377428472042083740e-01,6.640930473804473877e-02,5.389915406703948975e-02,-1.110374345444142818e-03,-2.156341373920440674e-01,-5.099479109048843384e-02,9.485158324241638184e-02,9.276647120714187622e-02,-9.279108792543411255e-02,2.992805838584899902e-02,1.409529615193605423e-02,-2.195220068097114563e-02,7.325665652751922607e-02,3.795769065618515015e-02,1.484335772693157196e-02,5.339002236723899841e-02,-6.452112644910812378e-02,1.318446733057498932e-02,-5.649825185537338257e-02,-1.253595761954784393e-02,1.031182706356048584e-01,-5.242248997092247009e-02,9.085017442703247070e-02,1.084211617708206177e-01,4.358419403433799744e-02,9.016022831201553345e-02,1.157202348113059998e-01,1.058664023876190186e-01,-1.814393210224807262e-03,-5.122854840010404587e-03,1.944013498723506927e-02,-3.085068613290786743e-02,4.583229869604110718e-02,-2.213310264050960541e-02,-8.820504695177078247e-02,6.905997544527053833e-02,-9.275820106267929077e-02,1.605602651834487915e-01,9.601715207099914551e-02,1.106140911579132080e-01,4.869162663817405701e-02,-1.734987199306488037e-01,-3.364353626966476440e-02,1.742401272058486938e-01
1.225249096751213074e-02,7.942896336317062378e-03,2.214517444372177124e-03,-4.609587416052818298e-02,1.061903126537799835e-02,2.194207161664962769e-02,-2.632015384733676910e-03,-1.424692943692207336e-02,-3.104348666965961456e-03,5.592913832515478134e-03,-1.144189201295375824e-02,1.046970859169960022e-02,-7.803757674992084503e-03,-4.873326513916254044e-03,1.843076571822166443e-02,-1.619581691920757294e-02,-2.687390893697738647e-02,-4.189525730907917023e-03,-6.135535426437854767e-03,5.535456351935863495e-03,-1.525069028139114380e-02,-2.273822948336601257e-02,-1.179604511708021164e-02,1.227594166994094849e-02,3.081614896655082703e-02,-5.326458718627691269e-03,-4.258725792169570923e-03,5.191219504922628403e-03,8.742974139750003815e-03,-3.352820873260498047e-02,-1.767782378010451794e-03,-1.119963079690933228e-02,-3.787737805396318436e-03,1.098463311791419983e-02,-1.063912641257047653e-03,1.694001629948616028e-02,1.416653953492641449e-02,-2.426871657371520996e-02,2.292688470333814621e-03,1.487015397287905216e-03,-1.288652420043945312e-04,1.179568748921155930e-02,-1.029362622648477554e-02,4.098481032997369766e-03,9.396216832101345062e-03,-9.089456871151924133e-03,1.753811724483966827e-02,1.817145384848117828e-02,-4.324051085859537125e-03,-1.264909841120243073e-02,1.537201739847660065e-02,-8.025741204619407654e-03,-8.013246115297079086e-04,-7.047327701002359390e-03,-1.216127909719944000e-02,-5.308071617037057877e-03,-6.818754132837057114e-03,-1.864029467105865479e-02,-3.834488242864608765e-02,-1.165405660867691040e-02,-1.372099202126264572e-02,-8.980180136859416962e-03,-4.737877752631902695e-03,-3.056784393265843391e-03,1.605831645429134369e-02,-1.632896810770034790e-02,5.933095235377550125e-03,-5.585105624049901962e-03,-5.167825613170862198e-03,2.371813403442502022e-03,-2.912731282413005829e-02,-2.815604582428932190e-02,2.398224361240863800e-02,1.223109662532806396e-02,-7.457731408067047596e-04,1.872394979000091553e-02,-1.821119710803031921e-02,1.587558351457118988e-02,9.181567467749118805e-03,3.913024440407752991e-03,-2.193453535437583923e-02,-1.215243060141801834e-02,-6.239809095859527588e-03,1.072544325143098831e-02,2.612249366939067841e-02,-1.533936150372028351e-02,2.055105287581682205e-03,1.998958177864551544e-03,-1.401657424867153168e-02,-2.811146713793277740e-02,-3.735554404556751251e-03,1.924360543489456177e-02,-1.778760552406311035e-02,5.258213263005018234e-03,-1.130881253629922867e-02,-1.280946936458349228e-02,-6.274974439293146133e-03,1.602469244971871376e-03,-2.689070627093315125e-02,-2.779351733624935150e-02,-2.645947597920894623e-02,2.241915091872215271e-02,2.076699398458003998e-02,1.151239499449729919e-02,4.715168848633766174e-03,-2.141011320054531097e-02,2.272333484143018723e-03,5.914112087339162827e-03,1.485823304392397404e-03,2.248283009976148605e-03,-9.446904994547367096e-03,-1.626579323783516884e-03,1.534752547740936279e-02,-7.756946142762899399e-04,-7.952879182994365692e-03,-3.043503686785697937e-02,1.096562203019857407e-02,1.233416702598333359e-02,-1.199661660939455032e-02,6.147277075797319412e-03,-2.485466375946998596e-02,6.599508691579103470e-03,4.977839998900890350e-03,1.325973402708768845e-02,-1.572261750698089600e-02,-4.419759288430213928e-02,-7.144835311919450760e-03,5.731884390115737915e-02
1.026286631822586060e-01,8.192659914493560791e-02,4.314484074711799622e-02,-1.993075013160705566e-01,-8.300559595227241516e-03,2.773486310616135597e-03,-5.476630106568336487e-02,1.121709216386079788e-02,6.693834066390991211e-02,1.699581742286682129e-02,5.441360920667648315e-02,-1.247666403651237488e-01,-1.202138662338256836e-01,-8.150705695152282715e-02,1.154355406761169434e-01,-8.875135332345962524e-02,-5.765760783106088638e-03,9.918733686208724976e-02,2.853869646787643433e-02,1.472954601049423218e-01,1.447185724973678589e-01,-1.674471423029899597e-03,-7.430908083915710449e-02,2.525998950004577637e-01,2.082895040512084961e-01,-2.911620400846004486e-02,-2.676118910312652588e-02,3.002306446433067322e-03,-1.602047309279441833e-02,9.997421503067016602e-02,9.699506312608718872e-02,-9.582642465829849243e-02,2.210284918546676636e-01,1.251837760210037231e-01,-9.146668016910552979e-02,2.897917106747627258e-02,5.375045537948608398e-02,-6.075423955917358398e-02,-6.474220007658004761e-02,4.538729414343833923e-02,3.156938776373863220e-02,1.633388362824916840e-02,-3.442458063364028931e-02,-1.911207474768161774e-02,-5.548597872257232666e-02,-1.099517419934272766e-01,-4.544133320450782776e-02,2.304962091147899628e-02,-1.771294325590133667e-02,-3.296530246734619141e-02,-3.476791083812713623e-02,-9.769783914089202881e-02,-4.150144755840301514e-02,8.176703751087188721e-02,-4.048731550574302673e-02,-7.144908607006072998e-02,-1.206193119287490845e-01,-5.546542350202798843e-03,-8.907358348369598389e-02,4.084117244929075241e-03,2.013146877288818359e-04,1.040080264210700989e-01,-8.349670097231864929e-03,6.102176383137702942e-02,3.481333330273628235e-02,-3.263548016548156738e-02,-1.140136737376451492e-02,4.394348338246345520e-02,1.351878941059112549e-01,1.082757487893104553e-01,-7.219071686267852783e-02,-1.382476240396499634e-01,1.871393024921417236e-01,8.114484697580337524e-02,5.232176557183265686e-02,1.150766387581825256e-01,-1.646278658881783485e-03,4.796549677848815918e-02,-9.138892590999603271e-02,4.657808318734169006e-02,4.726381227374076843e-02,-1.260741949081420898e-01,5.413061473518610001e-03,4.470349848270416260e-02,-6.983952969312667847e-02,-9.957119077444076538e-02,-6.190637126564979553e-02,-4.091075807809829712e-02,-2.078830599784851074e-01,-7.445887476205825806e-02,1.473650187253952026e-01,1.170059069991111755e-01,-1.744733937084674835e-02,6.052926648408174515e-03,-8.766207844018936157e-02,-6.015897914767265320e-02,1.806449890136718750e-02,1.360058933496475220e-01,-2.859140373766422272e-02,7.637053728103637695e-03,2.580841258168220520e-02,-3.378073871135711670e-02,9.566521644592285156e-02,3.391570597887039185e-02,8.982884883880615234e-02,2.463551238179206848e-02,1.618534773588180542e-01,9.445410221815109253e-02,4.849467799067497253e-02,1.209847331047058105e-01,5.036020651459693909e-02,9.437884390354156494e-02,7.144775986671447754e-02,-1.102223321795463562e-01,1.707429438829421997e-02,6.042782589793205261e-02,2.741978131234645844e-02,2.338754385709762573e-02,-1.991199329495429993e-02,5.041207745671272278e-02,-1.707956492900848389e-01,3.291359171271324158e-02,-7.315515726804733276e-02,6.874210387468338013e-02,-2.155276946723461151e-02,-1.933303177356719971e-01,-4.080109298229217529e-02,3.646076843142509460e-02
2.419997379183769226e-02,1.218371745198965073e-02,2.208573929965496063e-02,-4.784587398171424866e-02,-8.993382565677165985e-03,8.108318783342838287e-03,-1.285075326450169086e-03,-1.405858621001243591e-02,8.527633617632091045e-04,1.263038534671068192e-02,-1.080930233001708984e-04,-1.380159053951501846e-02,-2.669948339462280273e-02,-1.829145126976072788e-03,1.555761136114597321e-02,-4.396436363458633423e-02,-8.229397237300872803e-03,3.827046137303113937e-03,-4.396648146212100983e-03,2.547231316566467285e-02,2.578476257622241974e-02,-8.588490076363086700e-03,-1.509733218699693680e-02,5.997421592473983765e-02,2.803320996463298798e-02,1.981556415557861328e-04,2.141352975741028786e-03,1.603045687079429626e-02,-8.612389676272869110e-03,1.116905733942985535e-02,6.165366619825363159e-03,-3.742325678467750549e-02,1.709926128387451172e-02,-1.642523566260933876e-03,-2.550185471773147583e-02,2.198722958564758301e-02,2.796185761690139771e-02,-1.536590978503227234e-02,-1.085938885807991028e-02,-1.239209668710827827e-03,-1.448838738724589348e-03,-2.291945181787014008e-02,-1.944165490567684174e-02,-8.547663688659667969e-03,1.640616334043443203e-03,-4.218885675072669983e-02,5.813710857182741165e-03,1.729729957878589630e-02,2.058239094913005829e-02,4.317077808082103729e-03,1.507024932652711868e-02,-1.522339787334203720e-02,-2.013303712010383606e-02,1.724414899945259094e-02,-2.702546119689941406e-02,-2.125631272792816162e-02,-2.049302123486995697e-02,-1.970405317842960358e-02,-3.847415000200271606e-02,-1.735715079121291637e-03,-1.166716776788234711e-02,3.762554610148072243e-03,-9.858705103397369385e-03,-1.185948587954044342e-02,3.180208802223205566e-02,-5.343356169760227203e-03,4.553792532533407211e-03,1.733841188251972198e-02,4.385353066027164459e-03,1.426704134792089462e-02,6.183694116771221161e-03,-5.127652548253536224e-03,4.398601874709129333e-02,3.505077958106994629e-02,2.943957969546318054e-02,1.740214228630065918e-02,-5.682287272065877914e-03,1.651261933147907257e-02,-4.878571256995201111e-03,-1.579537615180015564e-02,6.899663712829351425e-03,-7.907373830676078796e-03,2.209629863500595093e-03,-1.058860681951045990e-02,-4.868208197876811028e-04,-2.654959261417388916e-02,-2.823591418564319611e-02,-3.355758264660835266e-03,-3.576082363724708557e-02,-4.253846406936645508e-02,-2.513224491849541664e-03,8.766783401370048523e-03,-1.521443016827106476e-02,1.429318333975970745e-03,9.099241578951478004e-04,-8.261462673544883728e-03,3.380482271313667297e-02,-4.839897155761718750e-05,-1.343804039061069489e-02,-8.136479184031486511e-03,-2.563016116619110107e-02,4.875658778473734856e-04,6.375226192176342010e-03,2.072385884821414948e-02,3.409336134791374207e-02,-9.539701975882053375e-03,2.483634836971759796e-02,7.392761763185262680e-04,-1.086505223065614700e-02,1.762013696134090424e-02,-1.690777763724327087e-02,-1.048287935554981232e-02,-5.830638576298952103e-03,-2.169718220829963684e-02,-1.407563686370849609e-04,2.220869064331054688e-04,1.880526542663574219e-04,-1.071987021714448929e-02,-1.028459705412387848e-02,2.712513692677021027e-02,-4.418887570500373840e-02,1.425804384052753448e-02,-1.131098810583353043e-02,-1.579432166181504726e-03,-1.706079766154289246e-02,-3.852334246039390564e-02,-1.108153909444808960e-02,7.025112211704254150e-02
8.059997856616973877e-02,1.728846132755279541e-01,9.207735955715179443e-02,-1.523675769567489624e-01,9.584788233041763306e-03,1.638203114271163940e-02,-3.644471988081932068e-02,-1.124998852610588074e-01,1.591144478879868984e-03,-2.339344285428524017e-02,-8.538363873958587646e-02,-4.932947084307670593e-02,-3.136323764920234680e-02,-1.707033254206180573e-02,5.198413133621215820e-02,-8.352956175804138184e-02,6.655106693506240845e-02,7.017707079648971558e-02,-3.937406837940216064e-02,-4.374979762360453606e-04,4.361072555184364319e-02,-8.379143662750720978e-03,1.936771348118782043e-02,1.237034276127815247e-01,2.913817949593067169e-02,-5.655998364090919495e-02,-2.422931231558322906e-02,1.368374470621347427e-02,-3.454551799222826958e-03,8.064187318086624146e-02,-2.964021451771259308e-02,-1.923309564590454102e-01,-1.821465231478214264e-02,-6.833743769675493240e-03,-1.013080328702926636e-01,2.701750956475734711e-02,3.074921853840351105e-02,-4.876434803009033203e-02,-6.346424669027328491e-02,9.228231012821197510e-02,2.606694959104061127e-02,-9.001296013593673706e-02,-7.571402471512556076e-03,-2.486231736838817596e-02,-1.521052699536085129e-02,-9.872256964445114136e-02,1.652778498828411102e-02,1.648190021514892578e-01,3.669393714517354965e-03,7.592225074768066406e-02,4.807384312152862549e-02,-1.608590781688690186e-01,-5.447680875658988953e-02,3.203183412551879883e-02,2.884200774133205414e-03,-3.434331715106964111e-02,-6.717716902494430542e-02,-5.988777056336402893e-02,-1.581978499889373779e-01,-6.826532538980245590e-03,-9.667750447988510132e-03,-6.524566560983657837e-02,8.557884022593498230e-03,-5.620875209569931030e-02,1.138233691453933716e-01,-6.064019352197647095e-02,8.539243042469024658e-02,-3.084113122895359993e-03,2.763782814145088196e-02,1.176166012883186340e-01,-1.966592855751514435e-03,-1.223744675517082214e-01,1.768552213907241821e-01,1.480559706687927246e-01,1.682127863168716431e-01,1.233705207705497742e-01,-4.242146387696266174e-02,9.471236169338226318e-02,5.393813923001289368e-02,5.455976724624633789e-02,-4.750365391373634338e-02,-6.067510694265365601e-02,-1.148828864097595215e-02,1.074848100543022156e-01,8.336376398801803589e-02,-1.713009737432003021e-02,-1.138995494693517685e-02,-2.485856413841247559e-02,-1.576922386884689331e-01,-1.430336385965347290e-01,3.670496866106987000e-02,8.995454013347625732e-02,-2.817709930241107941e-02,1.880891621112823486e-02,-5.110614001750946045e-02,-3.879559785127639771e-02,8.471128344535827637e-02,8.609646931290626526e-03,1.335440874099731445e-01,-1.593225263059139252e-02,-4.207378625869750977e-02,5.205822736024856567e-02,1.079726964235305786e-01,9.391836822032928467e-02,2.930683456361293793e-02,-7.805921137332916260e-02,6.481990218162536621e-02,5.056624114513397217e-02,7.707595825195312500e-02,1.443606913089752197e-01,1.204661838710308075e-02,3.968314081430435181e-02,-6.659123301506042480e-02,1.556705683469772339e-02,8.273521810770034790e-02,-2.154088392853736877e-02,4.782247543334960938e-02,1.379968319088220596e-02,-8.501104265451431274e-02,-1.038910262286663055e-02,-1.659096926450729370e-01,7.300841808319091797e-02,4.505885764956474304e-02,1.016690060496330261e-01,1.579779013991355896e-02,-1.622080355882644653e-01,-2.782957814633846283e-02,1.798551976680755615e-01
-5.081817973405122757e-03,6.409624963998794556e-02,1.294847205281257629e-02,-1.937659084796905518e-01,1.272156741470098495e-02,1.181962937116622925e-01,-3.399956226348876953e-02,-3.647523000836372375e-02,6.916384398937225342e-02,9.334610402584075928e-02,-4.319849982857704163e-02,-9.488327801227569580e-02,-4.836237058043479919e-02,-3.660201653838157654e-02,1.239823922514915466e-01,-3.783195838332176208e-02,3.231347352266311646e-02,1.207672134041786194e-01,1.266797631978988647e-01,7.021274417638778687e-02,3.781924396753311157e-02,-2.777234464883804321e-02,-6.244715303182601929e-02,2.049132734537124634e-01,1.330143362283706665e-01,5.132600199431180954e-03,6.598828732967376709e-02,2.993088401854038239e-02,5.554856732487678528e-03,-3.998738899827003479e-02,-2.464301697909832001e-02,-1.523668766021728516e-01,2.278234343975782394e-03,-1.248890627175569534e-02,-7.684899866580963135e-02,6.969624757766723633e-02,1.249766200780868530e-01,-1.660425961017608643e-01,-1.050180289894342422e-02,6.602369248867034912e-02,-4.257440194487571716e-02,1.093633007258176804e-02,-9.744020551443099976e-02,-4.398708790540695190e-02,-7.274667173624038696e-02,-1.351536214351654053e-01,6.958826631307601929e-02,1.294665336608886719e-01,5.059207230806350708e-02,3.142882883548736572e-02,3.607637807726860046e-02,-7.365853339433670044e-02,-1.706347987055778503e-02,-5.625068675726652145e-03,-1.096118241548538208e-02,-1.712261885404586792e-02,-2.571879513561725616e-02,-6.577698886394500732e-02,-1.725343167781829834e-01,-3.719886019825935364e-02,-1.784599944949150085e-02,-1.428462099283933640e-02,-7.501190155744552612e-02,2.798726037144660950e-02,2.229606807231903076e-01,7.730124052613973618e-04,2.549849264323711395e-02,1.343381032347679138e-02,1.925018616020679474e-02,1.108757779002189636e-01,4.878778010606765747e-02,-4.877864941954612732e-02,2.057478874921798706e-01,2.087177038192749023e-01,4.028359055519104004e-02,7.471324503421783447e-02,-1.105489432811737061e-01,-2.415750175714492798e-02,5.581074208021163940e-02,7.335666567087173462e-02,-2.659906074404716492e-02,-8.026600629091262817e-02,-1.580500043928623199e-02,3.350600600242614746e-02,1.309692044742405415e-03,-1.915458589792251587e-02,-5.769222229719161987e-02,8.979494683444499969e-03,-1.091370508074760437e-01,-3.192161768674850464e-02,1.124901324510574341e-01,9.975573420524597168e-02,-9.617162495851516724e-02,3.775288164615631104e-02,-3.325912728905677795e-02,-3.071068972349166870e-02,1.083234548568725586e-01,1.089554876089096069e-01,-3.693306446075439453e-02,1.081153284758329391e-02,-9.754406288266181946e-03,4.913901910185813904e-02,2.085201255977153778e-02,4.123701900243759155e-02,1.481014043092727661e-01,3.044691868126392365e-02,9.780523180961608887e-02,5.438100546598434448e-02,5.594354495406150818e-02,5.402773246169090271e-02,9.826057404279708862e-02,7.017760723829269409e-02,-3.597422502934932709e-03,1.399655081331729889e-02,7.576176524162292480e-02,-5.671308562159538269e-02,7.674749195575714111e-02,9.874854236841201782e-02,3.912869095802307129e-02,7.062505930662155151e-02,-1.114750877022743225e-01,1.382501870393753052e-01,7.054921239614486694e-02,2.172289937734603882e-01,8.263567090034484863e-02,-6.635448429733514786e-03,-4.653489962220191956e-02,1.877423673868179321e-01
2.771111391484737396e-02,1.988860778510570526e-02,5.035481974482536316e-02,-1.690449267625808716e-01,8.531320840120315552e-02,1.196623072028160095e-01,-5.181344226002693176e-02,-8.250112831592559814e-02,6.233971565961837769e-02,3.376364707946777344e-02,-7.987923920154571533e-03,6.458476930856704712e-02,8.553654700517654419e-02,-6.629230082035064697e-02,4.746668972074985504e-03,-1.559277772903442383e-01,6.287352740764617920e-02,8.684192597866058350e-02,7.654748111963272095e-02,1.726136058568954468e-01,5.176790431141853333e-02,-1.235484853386878967e-01,-6.846748292446136475e-02,1.361604183912277222e-01,2.485719323158264160e-01,4.889442399144172668e-02,7.222952693700790405e-02,-2.248462056741118431e-03,-3.928324952721595764e-02,2.789000235497951508e-02,4.353644791990518570e-03,-1.540921032428741455e-01,7.749371230602264404e-03,-4.110822454094886780e-02,1.766819506883621216e-02,1.588523685932159424e-01,8.779024332761764526e-02,-7.783947885036468506e-02,-2.156316675245761871e-02,5.200790986418724060e-02,7.337919622659683228e-02,-4.550839588046073914e-02,1.583062298595905304e-02,-5.382397398352622986e-02,-8.190083503723144531e-02,-8.131187409162521362e-02,1.323979794979095459e-01,1.569058597087860107e-01,-5.731460079550743103e-02,9.040424227714538574e-02,1.242916062474250793e-01,-6.825967133045196533e-02,-7.068066298961639404e-02,-1.769891194999217987e-02,-6.324899196624755859e-02,-8.858343958854675293e-02,-1.358687877655029297e-01,-1.129077672958374023e-01,-1.772218793630599976e-01,-4.564651474356651306e-02,-7.370099425315856934e-03,5.772397294640541077e-02,-6.078168004751205444e-02,2.917766571044921875e-02,2.228626310825347900e-01,-3.491795808076858521e-02,9.447209537029266357e-02,6.843239814043045044e-02,-5.613970756530761719e-02,1.269129812717437744e-01,-2.907231263816356659e-02,-4.029680043458938599e-02,2.255268543958663940e-01,1.530811637639999390e-01,1.296090185642242432e-01,1.352009922266006470e-01,-1.373729016631841660e-02,2.784545347094535828e-02,-6.636196374893188477e-02,2.901704609394073486e-02,-6.993445754051208496e-02,-7.685963064432144165e-02,1.986081339418888092e-02,-6.873260717839002609e-03,7.720065861940383911e-02,1.272792816162109375e-01,1.719632931053638458e-02,1.212436053901910782e-02,-1.158662438392639160e-01,-5.905946251004934311e-03,1.776743084192276001e-01,9.313688427209854126e-02,-1.690211705863475800e-02,6.428807228803634644e-02,-3.969274833798408508e-02,-1.588219776749610901e-02,5.990553274750709534e-02,5.160583183169364929e-03,4.978984966874122620e-02,-1.291517168283462524e-01,-5.844439566135406494e-02,4.920365661382675171e-02,-4.597590863704681396e-02,-7.223360240459442139e-03,-5.659161834046244621e-04,-5.740983039140701294e-02,-2.024737186729907990e-03,4.037519916892051697e-02,6.746209412813186646e-02,2.781596966087818146e-02,-3.191566467285156250e-02,2.264794521033763885e-02,-1.893279608339071274e-03,-2.618074603378772736e-02,-6.742553319782018661e-03,9.043356776237487793e-02,1.199337244033813477e-01,3.462961316108703613e-02,-7.156641781330108643e-02,9.094707667827606201e-02,-6.516204029321670532e-02,5.557777360081672668e-03,4.632323235273361206e-02,9.146144986152648926e-02,-1.450061332434415817e-02,-1.660314351320266724e-01,-2.821155451238155365e-02,2.201731204986572266e-01
6.333982944488525391e-02,9.237597882747650146e-02,7.150026410818099976e-02,-1.763109862804412842e-01,-6.023393198847770691e-02,6.196452677249908447e-02,-4.850199911743402481e-03,5.793433263897895813e-02,4.772543325088918209e-04,-5.985760316252708435e-02,1.797202229499816895e-02,-1.682069897651672363e-01,-1.186674982309341431e-01,-7.004712242633104324e-03,7.124757766723632812e-02,-1.127521470189094543e-01,-6.246917694807052612e-02,1.200145259499549866e-01,1.263288706541061401e-01,1.287223547697067261e-01,8.504068851470947266e-02,-5.032183229923248291e-02,1.946349255740642548e-02,2.736464142799377441e-01,1.986064612865447998e-01,2.258187718689441681e-02,8.029795438051223755e-02,7.616580277681350708e-02,1.101708412170410156e-02,5.716996639966964722e-02,2.638284675776958466e-02,-5.780028551816940308e-02,1.940860003232955933e-01,8.606979995965957642e-02,-5.418195575475692749e-02,3.177900100126862526e-03,8.639486879110336304e-02,-1.305338442325592041e-01,-1.557817123830318451e-02,4.410627484321594238e-02,-5.706808343529701233e-02,-4.616326466202735901e-02,6.314895302057266235e-02,2.514025755226612091e-02,-3.618772327899932861e-02,-7.763792574405670166e-02,-1.293487995862960815e-01,3.720061853528022766e-02,8.452387154102325439e-02,2.973365038633346558e-02,1.087296232581138611e-01,-1.217899248003959656e-01,6.315527856349945068e-02,1.326699256896972656e-01,3.777502849698066711e-02,4.356476012617349625e-03,-6.160537898540496826e-02,-3.857536241412162781e-02,-1.204416751861572266e-01,-5.156708881258964539e-03,-3.303335234522819519e-02,1.264566779136657715e-01,1.003950368613004684e-03,-1.998272724449634552e-03,1.286598592996597290e-01,-3.964815288782119751e-02,-1.530947815626859665e-02,5.047206580638885498e-02,9.213117510080337524e-02,1.415429562330245972e-01,-6.264156848192214966e-02,-1.598457843065261841e-01,2.151010930538177490e-01,1.828773468732833862e-01,6.331411749124526978e-02,1.210715770721435547e-01,-4.635985475033521652e-03,1.101168170571327209e-01,-7.656563818454742432e-02,1.036189589649438858e-02,7.507013529539108276e-02,-3.832583501935005188e-02,2.089395932853221893e-02,-2.214051783084869385e-02,-5.644555389881134033e-02,-6.239064503461122513e-03,-6.321942806243896484e-02,2.472030930221080780e-02,-1.416029781103134155e-01,-6.076371669769287109e-02,1.490688771009445190e-01,1.235473528504371643e-01,2.699607051908969879e-02,-4.345042631030082703e-02,-2.496542781591415405e-02,-3.380249813199043274e-02,1.455328911542892456e-01,6.021952256560325623e-02,-5.527931824326515198e-02,-1.213192241266369820e-03,-1.595318317413330078e-04,-1.307397894561290741e-02,9.559428691864013672e-02,1.251670718193054199e-02,1.150681301951408386e-01,1.699647121131420135e-02,1.294523179531097412e-01,8.616609126329421997e-02,8.020948618650436401e-02,1.030761525034904480e-01,-6.951249204576015472e-03,2.069082483649253845e-02,5.714849382638931274e-02,-9.516101330518722534e-02,3.659166395664215088e-02,-5.773018300533294678e-02,3.966397792100906372e-02,1.003175228834152222e-01,3.286021528765559196e-03,1.069433912634849548e-01,-1.946696043014526367e-01,-3.222871571779251099e-02,-9.546290338039398193e-02,3.981956839561462402e-02,-2.956910617649555206e-02,-1.585837751626968384e-01,-6.378760933876037598e-02,1.257232576608657837e-01
2.957729622721672058e-02,-2.124377153813838959e-02,5.004527047276496887e-02,-9.466902911663055420e-02,-1.576847024261951447e-02,3.132563456892967224e-02,1.845606043934822083e-02,1.973509788513183594e-04,2.174343913793563843e-03,-6.353172473609447479e-03,-2.647269703447818756e-02,-2.499533258378505707e-02,-3.781909495592117310e-02,-2.028737775981426239e-02,2.858577668666839600e-02,-3.953614830970764160e-02,1.302479882724583149e-03,2.468096278607845306e-02,3.054821118712425232e-02,6.081078201532363892e-02,4.358865693211555481e-02,-4.309825226664543152e-02,-4.951934888958930969e-02,7.832238078117370605e-02,9.313826262950897217e-02,2.403734624385833740e-02,3.102191723883152008e-02,1.581655815243721008e-02,1.329844072461128235e-02,3.473731502890586853e-02,-3.212231909856200218e-03,-3.008643351495265961e-02,6.293606013059616089e-02,4.111093655228614807e-02,-4.127185791730880737e-02,2.872501872479915619e-02,7.784000132232904434e-03,-6.524436175823211670e-02,-1.480336952954530716e-02,2.100063487887382507e-02,2.573502808809280396e-02,4.805825185030698776e-03,-4.038035124540328979e-02,-1.458335760980844498e-02,-3.753869608044624329e-02,-5.690104514360427856e-02,-1.580794900655746460e-02,3.038334846496582031e-02,3.425556421279907227e-02,2.218052558600902557e-02,5.410647485405206680e-03,-5.436689406633377075e-02,1.372239273041486740e-02,3.187035396695137024e-02,6.444126367568969727e-03,-8.658847771584987640e-03,-3.689675405621528625e-02,-3.686143085360527039e-03,-6.434125453233718872e-02,-2.080077677965164185e-02,-1.756350137293338776e-02,3.196884319186210632e-02,-1.364199910312891006e-02,9.427833370864391327e-03,7.298891246318817139e-02,-2.414606325328350067e-02,1.310759037733078003e-02,5.416049435734748840e-02,2.746344171464443207e-02,3.149447962641716003e-02,-2.962413243949413300e-02,-5.610655248165130615e-02,8.932538330554962158e-02,4.712640494108200073e-02,3.797146677970886230e-02,5.644278600811958313e-02,-1.149236573837697506e-03,2.537688799202442169e-02,3.876785514876246452e-03,4.209433216601610184e-03,-8.470957167446613312e-03,-1.650514267385005951e-02,-6.892482284456491470e-03,4.376522079110145569e-02,-1.161597575992345810e-02,-1.939294161275029182e-03,-2.721111476421356201e-02,-3.659996390342712402e-02,-6.674388796091079712e-02,-4.405618831515312195e-02,4.203760623931884766e-02,3.778118267655372620e-02,1.444130088202655315e-03,8.298801258206367493e-03,-6.331090815365314484e-03,-3.577395807951688766e-03,1.081570424139499664e-02,-6.326650269329547882e-03,-2.476128935813903809e-02,-1.334844972006976604e-03,-2.099309489130973816e-02,1.019951980561017990e-02,1.933285966515541077e-02,8.879725821316242218e-03,3.538617119193077087e-02,-9.964165277779102325e-03,8.271534927189350128e-03,-1.979670301079750061e-02,-1.873148605227470398e-02,4.159385338425636292e-02,-2.147448435425758362e-02,2.349775284528732300e-02,3.583579510450363159e-02,-4.226372763514518738e-02,-1.814482617191970348e-03,6.814463064074516296e-03,-2.354957908391952515e-02,1.563490182161331177e-02,-1.094936858862638474e-03,3.550124168395996094e-02,-7.285223156213760376e-02,-1.489846617914736271e-03,-3.703198954463005066e-02,1.761260256171226501e-02,-1.621658354997634888e-02,-8.625873923301696777e-02,-6.705217808485031128e-02,8.123868703842163086e-02
3.338085720315575600e-03,-1.162647502496838570e-03,8.448150753974914551e-02,-1.182665452361106873e-01,7.437799125909805298e-02,9.825853258371353149e-02,-4.370459914207458496e-02,-1.768181100487709045e-02,-4.274488985538482666e-02,6.716030649840831757e-03,-1.098455041646957397e-01,-6.411604583263397217e-02,-3.690643003210425377e-03,-9.996279329061508179e-02,2.624317072331905365e-02,-1.023685112595558167e-01,1.038725450634956360e-01,1.526481956243515015e-01,2.885851263999938965e-02,3.512944653630256653e-02,1.441125385463237762e-02,-1.022391766309738159e-01,-2.677840180695056915e-02,1.819803714752197266e-01,2.315642535686492920e-01,-2.222389169037342072e-02,1.177280303090810776e-02,-1.944517344236373901e-02,-1.911758631467819214e-02,1.235934626311063766e-02,-4.605789855122566223e-02,-9.347623586654663086e-02,1.288154907524585724e-02,-5.157483741641044617e-03,8.480392396450042725e-02,1.332738995552062988e-01,1.215210277587175369e-02,-4.295448586344718933e-02,5.393519625067710876e-02,6.387106329202651978e-02,-4.271766543388366699e-02,-2.868395857512950897e-02,6.893783807754516602e-02,-3.566443920135498047e-04,-8.039984852075576782e-02,-8.316192030906677246e-02,5.575459077954292297e-02,1.031429469585418701e-01,-1.511363312602043152e-02,1.330377757549285889e-01,1.497033685445785522e-01,-8.046501129865646362e-02,-1.191655173897743225e-01,-2.119628712534904480e-02,-5.250204354524612427e-02,-8.552692830562591553e-02,-1.017956808209419250e-01,-6.482458859682083130e-02,-1.301558464765548706e-01,-2.245748601853847504e-02,-4.429797828197479248e-02,-3.624286875128746033e-02,2.624790370464324951e-02,-1.379095297306776047e-02,1.424751728773117065e-01,-6.578039377927780151e-02,9.708353877067565918e-02,4.013621434569358826e-02,3.823864459991455078e-02,1.414040848612785339e-02,-8.669219911098480225e-02,-1.106993556022644043e-01,2.186715602874755859e-01,1.408948153257369995e-01,5.853616818785667419e-02,1.356932520866394043e-01,-4.398224130272865295e-02,7.734516263008117676e-02,-3.925774991512298584e-02,-2.934208838269114494e-03,-7.563482969999313354e-02,2.982089295983314514e-02,6.188051402568817139e-02,2.415627986192703247e-02,1.394798308610916138e-01,8.453926444053649902e-02,1.047629397362470627e-02,2.950583025813102722e-02,-4.333456233143806458e-02,-3.331467509269714355e-02,1.619198024272918701e-01,1.109006777405738831e-01,1.036910619586706161e-02,5.398743972182273865e-02,-1.864911243319511414e-02,1.085980609059333801e-02,6.097147241234779358e-02,9.739031083881855011e-03,4.580342024564743042e-02,-1.110593378543853760e-01,-3.730859234929084778e-02,1.247606128454208374e-01,-4.843174247071146965e-04,5.644750967621803284e-02,1.234292890876531601e-02,-5.333435535430908203e-02,2.605238743126392365e-02,-4.791252315044403076e-03,2.028308995068073273e-02,3.810731321573257446e-02,-4.535760730504989624e-02,7.887547463178634644e-02,6.922713667154312134e-02,-1.630492508411407471e-02,-4.447406157851219177e-02,6.350076198577880859e-02,2.709776908159255981e-02,6.783345341682434082e-02,3.142159432172775269e-02,8.130426704883575439e-02,-1.495898216962814331e-01,-3.092941083014011383e-02,4.040471836924552917e-02,2.577457763254642487e-02,-2.849349752068519592e-02,-1.678043454885482788e-01,2.759780734777450562e-02,1.939193606376647949e-01
2.092469856142997742e-02,1.144621334969997406e-02,6.582437781617045403e-04,-3.598637506365776062e-02,1.414058636873960495e-02,2.595285512506961823e-02,1.451804302632808685e-02,-2.010011859238147736e-02,-3.948607947677373886e-03,1.063387189060449600e-02,-2.434505522251129150e-02,8.066240698099136353e-03,-3.788244444876909256e-03,-1.011444348841905594e-02,2.440238837152719498e-03,-2.310271607711911201e-03,8.953897282481193542e-03,-2.034363104030489922e-03,7.692333310842514038e-03,-6.974315270781517029e-03,-5.086377728730440140e-03,-2.635663934051990509e-02,-1.375286839902400970e-03,2.400374971330165863e-02,2.889278531074523926e-02,-1.681225933134555817e-02,-2.140339696779847145e-03,-1.499876938760280609e-02,-7.315712980926036835e-03,-7.149395067244768143e-03,-2.068674191832542419e-02,-1.249972358345985413e-02,-1.721045188605785370e-02,-7.571641355752944946e-03,-9.455993771553039551e-03,7.687565404921770096e-03,-5.612343549728393555e-03,-1.470051519572734833e-02,-6.850223988294601440e-03,5.124433897435665131e-03,1.133569143712520599e-02,-8.905228460207581520e-04,-2.322793006896972656e-04,-1.710635237395763397e-02,-1.076060626655817032e-02,-1.839998923242092133e-02,-1.154511584900319576e-03,4.474340938031673431e-03,-1.770007237792015076e-02,3.027519211173057556e-03,1.379414089024066925e-02,-2.162193879485130310e-02,-1.459071692079305649e-02,8.288321550935506821e-04,-8.639357984066009521e-03,-6.155114155262708664e-03,-1.269644778221845627e-02,-1.575765572488307953e-02,-3.521722927689552307e-02,-7.627101149410009384e-03,-1.503756362944841385e-02,-3.539156168699264526e-02,-2.344250679016113281e-04,-2.555215498432517052e-03,1.223020255565643311e-02,-1.645351015031337738e-02,-2.767443656921386719e-04,9.609908796846866608e-03,3.883163444697856903e-03,1.963446289300918579e-02,-6.569767370820045471e-03,-1.943632215261459351e-02,2.316829003393650055e-02,1.160083711147308350e-02,1.579913124442100525e-02,1.104253251105546951e-02,-2.766561321914196014e-02,4.536805674433708191e-03,-3.473059041425585747e-03,1.669966802000999451e-02,-2.597304806113243103e-02,-9.867495857179164886e-03,-4.944204119965434074e-04,1.362853031605482101e-02,3.655327484011650085e-03,-1.303999801166355610e-03,3.011842956766486168e-03,4.368306603282690048e-03,-1.683567650616168976e-02,-1.530411560088396072e-02,1.561916805803775787e-02,1.964217796921730042e-02,-1.420542225241661072e-02,1.449643401429057121e-03,-4.636283498257398605e-03,-2.015200210735201836e-03,-7.598491851240396500e-03,-9.768600575625896454e-04,1.073161233216524124e-02,-1.686535030603408813e-02,-2.652651071548461914e-02,1.130061782896518707e-02,2.785168588161468506e-03,-6.170372944325208664e-03,1.394270919263362885e-03,-1.629527099430561066e-02,1.219599740579724312e-03,-3.684712341055274010e-03,4.783444572240114212e-03,9.530700743198394775e-03,-4.433721303939819336e-03,-2.268399577587842941e-03,3.547116881236433983e-03,4.542855545878410339e-03,-6.002502050250768661e-03,-1.601457409560680389e-02,6.364765577018260956e-03,1.176210492849349976e-02,-1.175754610449075699e-02,-5.650161765515804291e-03,-3.997926414012908936e-02,-2.304311143234372139e-03,7.685002870857715607e-03,-8.070710115134716034e-03,-1.257969997823238373e-02,-3.268576040863990784e-02,-1.662375219166278839e-02,5.126269534230232239e-02
6.977116689085960388e-03,5.872520431876182556e-02,1.024754121899604797e-01,-1.399193555116653442e-01,2.134752459824085236e-02,1.456273049116134644e-01,-3.457564488053321838e-02,-7.890178821980953217e-03,2.609616704285144806e-02,6.533469539135694504e-03,-7.613904774188995361e-02,-3.639395162463188171e-02,-6.754674017429351807e-02,6.193992123007774353e-02,7.566905021667480469e-02,-7.954502105712890625e-02,2.948344126343727112e-02,3.335296362638473511e-02,5.577731877565383911e-02,2.688567340373992920e-02,4.580922052264213562e-02,-8.624302595853805542e-02,-3.055526874959468842e-02,2.063718289136886597e-01,1.768529266119003296e-01,3.861136361956596375e-02,1.154475659132003784e-02,5.747523531317710876e-02,1.893127150833606720e-02,4.237773269414901733e-02,-5.034620687365531921e-02,-1.590702831745147705e-01,5.500195920467376709e-02,-5.404054000973701477e-02,-1.129814609885215759e-01,9.907065331935882568e-02,8.964620530605316162e-02,-4.119914397597312927e-02,-2.452262863516807556e-02,5.604203045368194580e-02,4.217534884810447693e-02,-8.164912462234497070e-02,-4.140680190175771713e-03,-2.395126782357692719e-02,-1.292293705046176910e-02,-1.511088013648986816e-01,8.852539956569671631e-02,1.361372619867324829e-01,7.481189817190170288e-02,4.880180582404136658e-03,6.585161387920379639e-02,-1.137559786438941956e-01,-1.094322651624679565e-01,1.403930783271789551e-02,4.801330342888832092e-02,-2.193691767752170563e-02,-9.685686230659484863e-02,-4.807708039879798889e-02,-1.910310983657836914e-01,-1.619143784046173096e-02,-2.267246134579181671e-02,-3.192346915602684021e-02,-3.719886019825935364e-02,-9.116843342781066895e-03,1.321590989828109741e-01,-5.757566541433334351e-02,6.191087514162063599e-02,1.077111586928367615e-01,3.375609219074249268e-02,1.040407344698905945e-01,5.267648026347160339e-02,-5.923305079340934753e-02,1.600792557001113892e-01,1.327225118875503540e-01,1.038914620876312256e-01,7.029166072607040405e-02,-1.510448381304740906e-02,4.984880238771438599e-02,1.215922366827726364e-02,-1.311605330556631088e-02,2.611933648586273193e-02,-2.885631052777171135e-03,5.293684452772140503e-02,3.938064351677894592e-02,3.208992257714271545e-02,-1.880450733006000519e-02,-1.009164527058601379e-01,-9.401548653841018677e-02,-1.307880133390426636e-01,-1.008176654577255249e-01,9.368920326232910156e-02,3.519206866621971130e-02,-7.725243270397186279e-02,5.724247172474861145e-02,-1.034288387745618820e-02,1.921855099499225616e-02,8.513007313013076782e-02,2.361281588673591614e-02,-1.285780034959316254e-02,-8.361828327178955078e-02,-8.777069300413131714e-02,2.168306522071361542e-02,3.974854573607444763e-02,7.920560240745544434e-02,1.301883608102798462e-01,-5.371247977018356323e-02,4.601680114865303040e-02,9.438764303922653198e-02,7.134118676185607910e-02,3.063875250518321991e-02,1.817023195326328278e-02,2.309943782165646553e-03,7.599087897688150406e-03,1.653255149722099304e-02,1.376371923834085464e-02,-1.645907945930957794e-02,2.506362646818161011e-02,-1.878791302442550659e-02,3.425920009613037109e-02,1.002647504210472107e-01,-1.104562282562255859e-01,5.417136847972869873e-02,7.640469819307327271e-02,9.233967214822769165e-02,-2.147853374481201172e-04,-1.727058887481689453e-01,4.627581685781478882e-03,1.546621620655059814e-01
-5.070598050951957703e-02,-4.061451181769371033e-02,3.284294530749320984e-02,-1.172057986259460449e-01,4.854903370141983032e-02,9.886908531188964844e-02,-4.024199396371841431e-02,-1.989003829658031464e-02,-1.382471434772014618e-02,-1.090277638286352158e-02,-4.610437899827957153e-02,-3.491456806659698486e-02,2.448992617428302765e-02,-1.483800858259201050e-01,2.546171098947525024e-02,-1.169245392084121704e-01,8.703520894050598145e-02,1.840813755989074707e-01,5.701006576418876648e-02,4.437974095344543457e-02,-3.107120282948017120e-03,-1.353584080934524536e-01,-8.954761549830436707e-03,1.041065156459808350e-01,1.995159387588500977e-01,1.541286706924438477e-02,2.818517154082655907e-03,-3.523246571421623230e-02,-4.022750630974769592e-02,-1.216250099241733551e-02,-1.929511502385139465e-02,-8.683189004659652710e-02,-1.269130967557430267e-03,-5.662082228809595108e-03,7.110872864723205566e-02,1.144688278436660767e-01,1.843329705297946930e-02,1.210955157876014709e-02,4.309415072202682495e-02,3.471292927861213684e-02,-2.069722861051559448e-02,-1.894401945173740387e-02,5.060904473066329956e-02,4.177699610590934753e-02,-4.951141029596328735e-02,-4.616742953658103943e-02,5.684956163167953491e-02,8.659905195236206055e-02,-3.913569077849388123e-02,1.242165192961692810e-01,8.016125112771987915e-02,-8.488707244396209717e-02,-6.123447045683860779e-02,-5.726216477341949940e-04,-2.697358466684818268e-02,-4.383866488933563232e-02,-8.541769534349441528e-02,-5.874335393309593201e-02,-8.164498955011367798e-02,-2.845308743417263031e-02,-6.272391229867935181e-02,-7.884798105806112289e-04,6.631206721067428589e-02,-1.104899775236845016e-02,9.501502662897109985e-02,-2.034067362546920776e-02,3.828530386090278625e-02,2.637289837002754211e-02,-7.746813935227692127e-04,-2.207799255847930908e-02,-5.915094166994094849e-02,-4.840447381138801575e-02,2.080391198396682739e-01,1.481756418943405151e-01,1.601704955101013184e-02,6.598864495754241943e-02,-6.170555949211120605e-02,2.877695299685001373e-02,-2.331209927797317505e-02,6.689351797103881836e-02,-5.422934889793395996e-02,5.679508298635482788e-02,6.674237549304962158e-02,2.234220877289772034e-02,1.306045949459075928e-01,1.404517889022827148e-01,5.549786728806793690e-04,2.972954139113426208e-02,-7.188659161329269409e-02,1.042492128908634186e-02,1.655479520559310913e-01,9.119722247123718262e-02,1.174401771277189255e-02,2.572984248399734497e-02,-3.536816313862800598e-02,-1.440964546054601669e-02,2.093173004686832428e-02,-5.234560742974281311e-02,5.363753065466880798e-02,-9.827740490436553955e-02,-4.691411554813385010e-02,6.306023150682449341e-02,1.195042859762907028e-02,5.721479654312133789e-02,-1.985905505716800690e-02,-2.296839095652103424e-02,2.958393283188343048e-02,1.719796843826770782e-02,6.426227837800979614e-02,1.537344604730606079e-02,-5.465720314532518387e-03,5.517476424574851990e-02,5.093863606452941895e-02,-5.773731693625450134e-02,-2.101081982254981995e-02,1.105261594057083130e-01,3.049309551715850830e-02,2.532670274376869202e-02,1.157226040959358215e-02,3.273741155862808228e-02,-1.268998235464096069e-01,-4.977269843220710754e-02,-1.171290175989270210e-03,6.484542042016983032e-02,1.818959787487983704e-02,-1.446699500083923340e-01,5.222211405634880066e-02,1.973180919885635376e-01
8.198167197406291962e-03,7.539059221744537354e-02,1.329876929521560669e-01,-1.601484715938568115e-01,-1.952894404530525208e-02,1.654262691736221313e-01,5.692302808165550232e-02,8.830631524324417114e-02,3.517442569136619568e-02,-4.940750449895858765e-02,4.704132676124572754e-02,-5.209998786449432373e-02,-1.309483498334884644e-01,9.191032149828970432e-04,4.685907065868377686e-02,-1.231864243745803833e-01,3.882925026118755341e-03,3.944009542465209961e-02,9.923167526721954346e-02,1.604737639427185059e-01,8.799757063388824463e-02,-5.434496328234672546e-02,-3.561914339661598206e-02,2.288468778133392334e-01,1.561210751533508301e-01,5.484706163406372070e-02,2.545480057597160339e-02,4.410901293158531189e-02,-8.895637467503547668e-03,2.109580673277378082e-02,-1.582969911396503448e-02,-6.971593946218490601e-02,1.646687090396881104e-01,8.475226908922195435e-02,-6.851008534431457520e-02,3.147450089454650879e-02,-3.159929299727082253e-03,-6.746945530176162720e-02,2.493287436664104462e-02,7.584585994482040405e-02,5.409675836563110352e-02,-4.941259324550628662e-02,-5.832063034176826477e-02,-5.053805559873580933e-02,-4.974445328116416931e-02,-1.043025478720664978e-01,-7.647086679935455322e-02,5.973935127258300781e-02,7.611620426177978516e-02,2.881176397204399109e-02,-1.382557861506938934e-02,-1.727943569421768188e-01,-4.744513332843780518e-02,1.993433572351932526e-02,6.816415488719940186e-02,-4.219373315572738647e-02,-1.012506261467933655e-01,-5.353753268718719482e-02,-1.139742359519004822e-01,-5.973044410347938538e-02,-6.741643697023391724e-02,6.217186897993087769e-02,-6.114682182669639587e-02,-2.048712410032749176e-02,1.263641864061355591e-01,-1.614638790488243103e-02,2.153805270791053772e-02,6.173966825008392334e-02,2.632253989577293396e-02,1.748539656400680542e-01,-1.776293851435184479e-02,-1.338686645030975342e-01,2.154679894447326660e-01,1.535422801971435547e-01,2.354052662849426270e-02,6.775730848312377930e-02,-7.882222533226013184e-03,3.390472009778022766e-02,-4.919071216136217117e-03,2.923673763871192932e-02,6.859222799539566040e-02,4.506825003772974014e-03,2.131737954914569855e-02,5.158849433064460754e-02,-8.248499594628810883e-03,-1.124859042465686798e-02,-4.931748658418655396e-02,-5.726763233542442322e-02,-9.251187741756439209e-02,-1.094815135002136230e-01,1.060540229082107544e-01,9.256237000226974487e-02,9.381941519677639008e-03,3.080412000417709351e-02,5.068876966834068298e-02,1.072839368134737015e-02,9.423372149467468262e-02,5.798187851905822754e-02,-3.420915827155113220e-02,-5.086331814527511597e-02,-9.832618385553359985e-02,-4.198049195110797882e-03,3.014196082949638367e-02,-4.107418283820152283e-02,6.067543476819992065e-02,-4.439910128712654114e-02,5.859057605266571045e-02,5.687419325113296509e-02,4.541557654738426208e-02,9.394779056310653687e-02,-2.771290764212608337e-02,-5.702168494462966919e-02,-5.399263650178909302e-02,-1.111318469047546387e-01,1.649745553731918335e-02,-1.569404266774654388e-02,-3.356545045971870422e-02,-1.270829699933528900e-03,4.468708764761686325e-03,1.172910556197166443e-01,-1.657757461071014404e-01,3.599955700337886810e-03,-7.313349097967147827e-02,4.821198433637619019e-02,-1.218270417302846909e-02,-1.681566685438156128e-01,-4.835185036063194275e-02,1.073016896843910217e-01
