2.104132622480392456e-02,1.469919681549072266e-01,2.264612913131713867e-02,-7.920299470424652100e-02,-5.633486807346343994e-02,8.528867363929748535e-02,6.954078376293182373e-02,5.258600227534770966e-03,5.929021909832954407e-02,-1.155855320394039154e-02,-2.230601757764816284e-02,-1.013545226305723190e-02,-9.569660574197769165e-02,3.046490065753459930e-02,3.976255655288696289e-02,-4.962631687521934509e-02,-1.701014861464500427e-02,-4.115674644708633423e-02,1.159479618072509766e-01,1.666127294301986694e-01,8.832424879074096680e-02,-1.294999718666076660e-01,-6.950276345014572144e-02,2.121274322271347046e-01,1.229990720748901367e-01,-2.206339687108993530e-02,4.258150979876518250e-02,3.926706314086914062e-02,-8.393486589193344116e-02,2.166468650102615356e-02,-8.464329689741134644e-02,-8.594070374965667725e-02,1.121596544981002808e-01,7.926595397293567657e-03,-5.814385041594505310e-02,4.442899674177169800e-02,1.206780672073364258e-01,-3.442422486841678619e-03,-8.557145297527313232e-02,8.171256631612777710e-03,1.949712634086608887e-02,-1.165262535214424133e-01,4.484983161091804504e-02,-4.875206947326660156e-02,1.976587064564228058e-02,-1.858652830123901367e-01,-9.947387501597404480e-03,8.857025951147079468e-02,1.078463271260261536e-01,3.489986062049865723e-02,7.990904152393341064e-03,-1.329936236143112183e-01,-5.193194374442100525e-02,2.814190089702606201e-02,5.634258687496185303e-02,-8.833545446395874023e-02,-6.081997603178024292e-02,-8.462078124284744263e-02,-1.806587129831314087e-01,-4.892165958881378174e-02,-7.415869832038879395e-02,-4.214949533343315125e-02,-1.210739389061927795e-01,1.681818813085556030e-02,2.118022590875625610e-01,3.356220573186874390e-02,5.528522655367851257e-02,4.583905264735221863e-02,6.346497219055891037e-03,1.057187542319297791e-01,1.905081095173954964e-03,-9.178206324577331543e-02,1.757954359054565430e-01,2.124408334493637085e-01,5.060280114412307739e-02,1.649975031614303589e-02,3.135409951210021973e-02,-1.483364123851060867e-02,-8.948908001184463501e-02,-6.294434890151023865e-03,6.919661071151494980e-03,2.153331786394119263e-02,1.160570308566093445e-01,1.849833577871322632e-01,4.135477542877197266e-02,2.894867956638336182e-02,2.474434301257133484e-02,3.101524710655212402e-02,-1.588728874921798706e-01,-1.224715188145637512e-01,1.164753958582878113e-01,8.024326711893081665e-02,-3.635219112038612366e-02,2.481883205473423004e-02,3.495156764984130859e-02,6.107256561517715454e-02,1.647856980562210083e-01,1.508359462022781372e-01,6.234885752201080322e-02,3.940189257264137268e-02,-3.586907312273979187e-02,2.462642639875411987e-02,2.635112963616847992e-02,1.069583967328071594e-01,8.959196507930755615e-02,-1.007231473922729492e-01,7.525052130222320557e-02,1.348202377557754517e-01,1.410533040761947632e-01,1.326094120740890503e-01,4.379380866885185242e-02,2.023137360811233521e-02,-3.281972557306289673e-02,-6.120038405060768127e-02,4.140025004744529724e-03,-9.043174982070922852e-02,6.813317537307739258e-02,3.625909239053726196e-02,3.944912459701299667e-03,5.149020347744226456e-03,-6.510622054338455200e-02,9.896244108676910400e-02,-5.887851864099502563e-02,9.336320310831069946e-02,1.051550917327404022e-02,-8.878290653228759766e-02,-1.601263880729675293e-02,1.615873426198959351e-01
3.237706795334815979e-02,3.893870115280151367e-02,7.787487469613552094e-03,-1.622659340500831604e-02,9.662803262472152710e-03,-4.757069982588291168e-03,1.344978809356689453e-04,-1.476064231246709824e-02,1.085489406250417233e-03,-1.036511361598968506e-02,-5.633830092847347260e-03,2.021491527557373047e-04,-4.103259369730949402e-02,-1.967655681073665619e-02,-1.458703423850238323e-03,-2.190066874027252197e-02,8.893433026969432831e-03,4.919461160898208618e-02,1.955578476190567017e-02,-1.408239360898733139e-02,-1.962956972420215607e-03,-2.136042527854442596e-02,-8.920610882341861725e-03,3.354160860180854797e-02,2.212961576879024506e-02,2.293446473777294159e-02,8.108259178698062897e-03,9.566043503582477570e-03,-2.296166308224201202e-02,-3.820072626695036888e-03,-2.148225903511047363e-02,-4.197355732321739197e-02,2.562578395009040833e-02,4.366426914930343628e-02,-1.948878541588783264e-02,3.641648450866341591e-03,3.062788769602775574e-02,2.391683496534824371e-02,-1.167542207986116409e-02,2.233598381280899048e-02,-2.376835606992244720e-02,-3.684142604470252991e-02,4.328998737037181854e-03,-1.586652547121047974e-02,-6.778553128242492676e-03,-4.390222951769828796e-02,-4.569291195366531610e-04,3.834196552634239197e-02,7.296134252101182938e-03,-7.743322290480136871e-03,-2.540880814194679260e-03,-4.891312494874000549e-02,2.648317487910389900e-03,2.099947072565555573e-02,-1.209774985909461975e-02,-4.540024325251579285e-03,-2.485072985291481018e-02,-1.735003292560577393e-02,-2.445507794618606567e-02,-7.214330602437257767e-03,-2.718434296548366547e-02,-3.230281546711921692e-02,2.548748394474387169e-03,-1.791163347661495209e-02,3.614209592342376709e-02,-5.988197401165962219e-03,2.397658303380012512e-02,-5.469773430377244949e-03,4.853418562561273575e-03,-9.764002636075019836e-03,3.040134906768798828e-04,-2.203587442636489868e-02,3.430640697479248047e-02,2.875042147934436798e-02,5.391433462500572205e-02,3.575108945369720459e-02,-1.755385100841522217e-02,2.600514562800526619e-03,-4.638280253857374191e-03,9.278269484639167786e-03,-2.695684693753719330e-02,-4.482216760516166687e-02,2.200212329626083374e-03,2.843664586544036865e-02,2.852907963097095490e-02,8.667638525366783142e-03,-2.178251743316650391e-04,-2.380219288170337677e-02,-3.539489209651947021e-02,-1.214137580245733261e-02,3.236643970012664795e-02,3.200489282608032227e-02,-3.238379210233688354e-02,-6.000695866532623768e-04,-3.245235607028007507e-02,-1.505928486585617065e-02,1.181088481098413467e-02,3.858518227934837341e-02,-3.488824469968676567e-03,-1.102319266647100449e-02,-2.850636094808578491e-02,-2.720825839787721634e-03,1.536668278276920319e-02,1.111193280667066574e-02,9.199507534503936768e-03,-3.397830575704574585e-02,2.604232355952262878e-02,3.463313682004809380e-03,-1.348853111267089844e-04,1.334096305072307587e-02,-1.105743087828159332e-02,6.228067446500062943e-03,-3.686411073431372643e-03,-1.958843506872653961e-02,2.285856939852237701e-02,-1.522599370218813419e-03,1.221384294331073761e-02,2.562760002911090851e-02,-8.949338458478450775e-03,-6.184874800965189934e-04,-2.930105850100517273e-02,-1.780795305967330933e-02,-1.969136483967304230e-02,-1.436948124319314957e-02,-2.687962539494037628e-02,-4.189647361636161804e-02,1.244972273707389832e-02,6.918707489967346191e-02
6.315623875707387924e-03,5.974846892058849335e-03,1.141149830073118210e-02,-6.065284088253974915e-02,-3.118019364774227142e-02,4.553269222378730774e-02,1.457563973963260651e-02,-8.494797162711620331e-03,-1.102495100349187851e-02,-8.635991252958774567e-03,4.710261523723602295e-02,-4.684916511178016663e-02,-6.126995384693145752e-02,1.447647809982299805e-02,3.369330614805221558e-02,-3.306800872087478638e-02,-9.444650495424866676e-04,1.693995483219623566e-02,3.215422853827476501e-02,7.217512279748916626e-02,6.252092868089675903e-02,-2.342370525002479553e-02,-1.414660457521677017e-02,9.152221679687500000e-02,6.447453796863555908e-02,2.289863303303718567e-02,1.789622753858566284e-02,1.757982932031154633e-02,2.772413427010178566e-03,2.258718013763427734e-04,-8.939026854932308197e-03,6.720917765051126480e-03,7.825745642185211182e-02,4.725040122866630554e-02,-2.984807826578617096e-02,7.262757513672113419e-03,1.386136282235383987e-02,-1.272716931998729706e-02,-3.298259526491165161e-02,7.900877855718135834e-03,-1.529043726623058319e-02,7.505414541810750961e-04,-1.429284550249576569e-02,-6.793005857616662979e-03,-3.606379032135009766e-04,-4.695048183202743530e-02,-3.732067346572875977e-02,-1.646599173545837402e-02,5.410379264503717422e-03,-3.390835225582122803e-02,-1.049852464348077774e-02,-6.477226316928863525e-02,-3.060287795960903168e-02,2.471580915153026581e-02,3.208944201469421387e-02,-1.855854503810405731e-02,-1.787194982171058655e-02,-7.482686545699834824e-03,-4.468633607029914856e-02,-6.012515630573034286e-03,-1.364435441792011261e-02,3.100035898387432098e-02,-1.925769634544849396e-02,-2.160561271011829376e-02,2.171997167170047760e-02,-2.393944375216960907e-02,-1.233610417693853378e-02,1.961724460124969482e-02,4.332409054040908813e-02,6.106695532798767090e-02,-3.051387891173362732e-02,-7.775345444679260254e-02,6.768601387739181519e-02,6.782636791467666626e-02,-6.431401241570711136e-03,2.786075882613658905e-02,-2.152200788259506226e-03,1.600003615021705627e-02,-3.246137872338294983e-02,5.865118466317653656e-03,1.744105294346809387e-02,-2.941075526177883148e-02,1.503193192183971405e-02,1.210570335388183594e-04,-1.795769110321998596e-02,-3.200495243072509766e-02,-2.323206327855587006e-02,2.161558717489242554e-03,-5.748379603028297424e-02,-3.771086037158966064e-02,3.814169391989707947e-02,3.520895168185234070e-02,-2.448650076985359192e-02,-5.489829927682876587e-03,2.612405689433217049e-03,-8.576570078730583191e-03,6.373554468154907227e-02,5.914960056543350220e-02,-2.481749095022678375e-02,5.042241420596837997e-03,-1.506217662245035172e-02,-2.947260253131389618e-02,1.198630686849355698e-02,4.506675992161035538e-03,4.518856108188629150e-02,-3.988691139966249466e-03,3.900244086980819702e-02,5.527952313423156738e-02,1.317749638110399246e-02,4.009170457720756531e-02,-1.233449485152959824e-02,-1.947082206606864929e-02,9.403784759342670441e-03,-5.068775638937950134e-02,3.313290653750300407e-03,-2.704324014484882355e-02,-1.323777437210083008e-02,5.102053284645080566e-03,-3.942549228668212891e-04,3.630078956484794617e-02,-5.237208306789398193e-02,1.007531583309173584e-02,-5.128028988838195801e-02,2.050993964076042175e-02,-7.146742660552263260e-03,-6.919332593679428101e-02,-2.591374889016151428e-02,4.943039640784263611e-02
3.622221574187278748e-02,1.163546182215213776e-02,6.890250742435455322e-02,-5.632481724023818970e-02,-5.660115741193294525e-03,4.063447564840316772e-02,2.726018428802490234e-04,5.447731539607048035e-02,4.577463120222091675e-02,2.747371420264244080e-02,1.915816403925418854e-02,-3.495126962661743164e-02,-2.494642883539199829e-02,-2.586204931139945984e-02,3.600611584261059761e-03,-8.586440980434417725e-02,-3.167876973748207092e-02,1.810254529118537903e-02,-4.724824335426092148e-03,4.839501529932022095e-02,6.426803767681121826e-02,-3.834556322544813156e-03,-9.332653135061264038e-03,7.290090620517730713e-02,4.441349953413009644e-02,2.347821556031703949e-02,6.997152417898178101e-02,1.439191680401563644e-02,-2.781043015420436859e-02,-1.066803466528654099e-03,2.587252762168645859e-03,-9.162916243076324463e-02,5.025809630751609802e-02,3.916997089982032776e-02,-4.326881840825080872e-02,3.737838193774223328e-02,6.576416641473770142e-02,-2.698740176856517792e-02,-2.552532777190208435e-02,3.092652373015880585e-02,6.292021367698907852e-03,-1.313604600727558136e-02,-5.517374724149703979e-02,4.669043421745300293e-02,-1.055269967764616013e-03,-8.419823646545410156e-02,-2.204609103500843048e-02,1.060279086232185364e-02,3.236935287714004517e-02,2.426314540207386017e-02,2.606310881674289703e-02,-3.953769430518150330e-02,-1.712169498205184937e-02,8.912982419133186340e-03,1.665160991251468658e-02,-3.553704917430877686e-02,-6.396325677633285522e-02,-5.002583935856819153e-02,-9.600692987442016602e-02,-5.631624720990657806e-03,8.248349651694297791e-03,-3.782954066991806030e-02,-3.828646615147590637e-02,-1.423253770917654037e-02,5.589993298053741455e-02,-2.180150337517261505e-02,-2.974828938022255898e-03,4.099510610103607178e-02,-1.417401805520057678e-02,2.335656806826591492e-02,-1.233249204233288765e-03,1.397012500092387199e-03,9.543689340353012085e-02,5.228250473737716675e-02,5.732654035091400146e-02,2.584483660757541656e-02,1.902189664542675018e-02,3.300001099705696106e-02,5.280249193310737610e-02,7.110326550900936127e-03,-4.087618738412857056e-02,-4.462313279509544373e-02,-1.462793163955211639e-02,-7.575157564133405685e-03,1.731231436133384705e-02,-2.034481614828109741e-02,1.676017791032791138e-02,-2.296767756342887878e-02,-3.413304314017295837e-02,-4.555916786193847656e-02,6.501451134681701660e-02,3.643633425235748291e-02,-6.495573371648788452e-02,3.147211298346519470e-02,3.216717764735221863e-02,-1.785794645547866821e-02,4.282752424478530884e-02,3.595068305730819702e-02,7.031185179948806763e-02,1.975034736096858978e-02,-1.421057619154453278e-02,-8.147446438670158386e-03,-4.143495112657546997e-02,1.749944686889648438e-02,5.699598789215087891e-02,-4.169230815023183823e-03,6.104940921068191528e-02,-6.213900446891784668e-02,-4.690647497773170471e-02,-1.891491468995809555e-03,-1.446453109383583069e-02,-3.340258449316024780e-02,2.750687533989548683e-03,-1.372644398361444473e-02,3.168264403939247131e-02,3.815370798110961914e-02,3.438472375273704529e-02,-2.298578619956970215e-02,-2.930192276835441589e-02,2.207078412175178528e-02,-6.828462332487106323e-02,2.776439115405082703e-02,4.195562005043029785e-02,-1.581143587827682495e-02,-5.025169998407363892e-02,-7.669965177774429321e-02,-7.052928209304809570e-02,7.812472432851791382e-02
1.017812453210353851e-02,1.233872584998607635e-02,1.522181928157806396e-02,-3.941361233592033386e-02,-1.795477233827114105e-02,1.407303754240274429e-02,-1.933333696797490120e-03,1.200141385197639465e-02,3.091096878051757812e-04,-2.675079740583896637e-03,-2.284791087731719017e-03,-2.175720594823360443e-02,-2.243806608021259308e-02,1.003988552838563919e-02,1.522715203464031219e-02,-1.572124660015106201e-02,-4.732781555503606796e-03,2.586481906473636627e-02,1.514169853180646896e-02,1.828972995281219482e-02,1.009954325854778290e-02,-1.052030734717845917e-02,9.905691258609294891e-04,3.982980176806449890e-02,2.195467241108417511e-02,-2.495343331247568130e-03,6.029323674738407135e-03,1.365683879703283310e-02,-1.697866362519562244e-03,6.367179099470376968e-03,2.569341799244284630e-03,1.406012917868793011e-03,2.835011295974254608e-02,1.841527409851551056e-02,-2.616934105753898621e-02,-4.932273179292678833e-03,-2.811424201354384422e-03,-1.902663521468639374e-02,-1.645547710359096527e-02,-4.537938628345727921e-03,-1.110067032277584076e-02,-1.435914076864719391e-02,6.413579918444156647e-03,-7.502384483814239502e-03,-6.206551101058721542e-03,-3.382306918501853943e-02,-2.034401148557662964e-02,8.518131449818611145e-03,1.811353676021099091e-02,-4.718476906418800354e-03,4.557875450700521469e-03,-3.230388835072517395e-02,-2.027880027890205383e-02,1.316077914088964462e-02,6.289010867476463318e-03,-3.597065107896924019e-03,3.456771373748779297e-04,-3.304409794509410858e-03,-3.011537343263626099e-02,-6.393881514668464661e-03,-1.292058266699314117e-02,-4.172622284386307001e-04,-9.608388878405094147e-03,-2.093786746263504028e-02,1.608274690806865692e-02,-1.525363884866237640e-02,-6.936975289136171341e-03,1.347486861050128937e-02,1.162077207118272781e-02,1.149088237434625626e-02,-6.075276993215084076e-03,-3.088748641312122345e-02,1.912750676274299622e-02,2.336925826966762543e-02,4.763029981404542923e-03,2.255197241902351379e-02,3.394233062863349915e-03,7.359967101365327835e-03,-1.623270288109779358e-02,-1.565271615982055664e-02,-5.441902903839945793e-04,-1.911070384085178375e-02,6.027565337717533112e-03,9.946851059794425964e-03,-5.634723347611725330e-04,-1.347802858799695969e-02,-1.599351130425930023e-02,-1.138101425021886826e-02,-2.122488617897033691e-02,-1.542067248374223709e-02,1.506482716649770737e-02,1.070914324373006821e-02,-1.255720388144254684e-02,-1.219223998486995697e-02,-1.623213663697242737e-02,-1.514700241386890411e-02,2.679501846432685852e-02,2.977646701037883759e-02,-8.524299599230289459e-03,-1.218246668577194214e-02,-2.384478412568569183e-02,-1.122415438294410706e-02,1.295377686619758606e-02,6.489841267466545105e-03,1.636108569800853729e-02,-1.533933170139789581e-02,1.456607412546873093e-02,7.686432916671037674e-03,-4.592713899910449982e-03,2.205467037856578827e-02,-1.561103574931621552e-02,-7.581147830933332443e-03,-4.257503896951675415e-03,-1.669719628989696503e-02,5.264918785542249680e-03,3.321724478155374527e-03,-4.137253854423761368e-03,4.579690750688314438e-03,4.351260606199502945e-03,1.279695332050323486e-02,-3.086354769766330719e-02,-1.391260884702205658e-03,-1.427142135798931122e-02,-7.029030006378889084e-03,-4.060067236423492432e-03,-3.466021642088890076e-02,-1.320574246346950531e-02,6.098483130335807800e-02
5.263561755418777466e-02,4.653002694249153137e-02,1.646338403224945068e-01,-1.829399615526199341e-01,8.659917116165161133e-02,1.940572857856750488e-01,4.963401705026626587e-02,-4.775695968419313431e-03,2.901277504861354828e-03,9.056027629412710667e-04,-1.652782112360000610e-01,-2.505061216652393341e-02,8.940305560827255249e-02,-5.588920414447784424e-02,8.001055568456649780e-02,-7.322674244642257690e-02,-2.344735711812973022e-02,1.187299564480781555e-01,6.872709095478057861e-02,1.169987842440605164e-01,7.614613976329565048e-03,-1.244736686348915100e-01,-7.729627937078475952e-02,1.692109405994415283e-01,2.527595460414886475e-01,3.852090612053871155e-02,-4.317416623234748840e-02,-6.687903404235839844e-02,2.265902608633041382e-02,2.960790507495403290e-02,-2.178961597383022308e-02,-1.467793583869934082e-01,4.823041707277297974e-02,-4.030564054846763611e-02,-4.010178614407777786e-03,1.264907568693161011e-01,1.085806041955947876e-01,-6.871048361063003540e-02,2.610200271010398865e-02,3.188825026154518127e-02,-3.270269930362701416e-02,-5.473293364048004150e-02,-4.110099747776985168e-02,-2.218001708388328552e-02,5.553684756159782410e-02,-1.401388198137283325e-01,4.335672408342361450e-02,1.152856945991516113e-01,-2.494732290506362915e-02,8.005584031343460083e-02,9.027955681085586548e-02,-1.387795060873031616e-01,-3.303683921694755554e-02,-3.706672042608261108e-02,-7.295651733875274658e-02,-1.253867745399475098e-01,-1.032909005880355835e-01,-6.649444997310638428e-02,-1.845172196626663208e-01,-1.232162211090326309e-02,2.149512805044651031e-02,-2.093197032809257507e-02,1.295583322644233704e-02,3.179470077157020569e-02,1.767651289701461792e-01,-5.380474776029586792e-02,1.200309619307518005e-01,5.693368986248970032e-02,4.943180084228515625e-02,1.034694835543632507e-01,2.939664199948310852e-02,-9.302493417635560036e-04,2.599438428878784180e-01,1.567195802927017212e-01,1.732426434755325317e-01,1.056848913431167603e-01,-1.034869030117988586e-01,7.643036544322967529e-02,3.819714998826384544e-03,2.343651279807090759e-02,-7.539059221744537354e-02,-1.405637990683317184e-02,7.282128557562828064e-03,-1.088295970112085342e-02,1.642713248729705811e-01,-1.305928826332092285e-02,-1.468433439731597900e-02,8.828499354422092438e-03,-1.091689243912696838e-01,2.633263356983661652e-02,1.109730079770088196e-01,9.165198355913162231e-02,-8.329370617866516113e-02,-9.227072820067405701e-03,-4.373773559927940369e-02,-1.030417438596487045e-02,5.637066066265106201e-02,1.019084453582763672e-01,1.608509942889213562e-02,-7.124079763889312744e-02,-3.878634050488471985e-02,4.253700375556945801e-02,-5.232604965567588806e-02,-1.056053675711154938e-02,3.816582262516021729e-02,2.928861416876316071e-02,1.236907839775085449e-01,1.005741432309150696e-01,4.332614317536354065e-02,6.617159396409988403e-02,-6.151165813207626343e-02,-6.445645121857523918e-04,-2.181526506319642067e-03,-8.015311323106288910e-03,2.513609081506729126e-02,6.128972023725509644e-02,7.267163693904876709e-02,9.060002863407135010e-02,-1.095741465687751770e-01,2.513945661485195160e-02,-1.192018166184425354e-01,9.541063755750656128e-02,1.322640478610992432e-01,4.685425758361816406e-02,-7.563266903162002563e-03,-2.141507565975189209e-01,-1.590004377067089081e-02,2.032978087663650513e-01
2.987882355228066444e-03,-4.210446495562791824e-03,-3.163768351078033447e-02,-2.433159388601779938e-02,3.485345840454101562e-02,2.272169850766658783e-02,-6.512998370453715324e-04,8.905324153602123260e-03,1.528951432555913925e-02,-1.168129220604896545e-02,-5.733247846364974976e-03,6.835204549133777618e-03,-6.718921475112438202e-03,-2.265089377760887146e-02,1.613792590796947479e-02,-1.737446337938308716e-02,-1.998980529606342316e-02,4.161810502409934998e-03,-3.105987794697284698e-02,1.282484456896781921e-02,2.921232394874095917e-02,-2.009124308824539185e-02,5.124970804899930954e-03,2.637826278805732727e-02,2.790367044508457184e-02,-5.201053805649280548e-03,-1.059790514409542084e-02,1.976546831429004669e-03,-9.449080564081668854e-03,-1.103588845580816269e-02,2.130468934774398804e-02,-9.257914498448371887e-03,-7.452616933733224869e-03,2.024090848863124847e-02,-2.759640663862228394e-02,1.135091762989759445e-02,1.699900627136230469e-02,-1.810561306774616241e-02,-1.315437257289886475e-02,-4.580107983201742172e-03,-1.027926243841648102e-02,9.342010132968425751e-03,-3.752451855689287186e-03,8.815565146505832672e-03,3.869831562042236328e-04,-2.078737132251262665e-02,1.830545952543616295e-03,9.596112184226512909e-03,-1.225947635248303413e-03,-3.595038549974560738e-03,-7.506079971790313721e-03,7.457385305315256119e-03,1.213768031448125839e-02,4.896511789411306381e-03,-2.486246638000011444e-02,-1.617296412587165833e-02,-1.887722872197628021e-02,1.108318101614713669e-03,-3.662243857979774475e-02,1.322552841156721115e-02,9.285777807235717773e-03,-5.205941386520862579e-03,-1.165270805358886719e-05,3.856693953275680542e-02,2.450702153146266937e-02,-2.868306450545787811e-02,-5.650161765515804291e-03,-8.285719901323318481e-03,8.914979174733161926e-03,-1.145600690506398678e-03,-1.044825278222560883e-02,-1.974692381918430328e-02,4.035675525665283203e-02,2.213375829160213470e-02,1.062758453190326691e-02,6.543363910168409348e-03,-2.081069722771644592e-02,1.171737816184759140e-02,8.735910058021545410e-03,2.451342716813087463e-02,-2.228364720940589905e-02,-2.153036929666996002e-02,2.557312883436679840e-02,2.122321724891662598e-02,1.110025309026241302e-02,-1.375349890440702438e-02,-8.393476717174053192e-03,-1.434108428657054901e-02,-5.337503552436828613e-02,-3.065533936023712158e-02,-6.514754146337509155e-03,3.542203828692436218e-02,-8.393225725740194321e-04,3.586187260225415230e-03,-7.568839937448501587e-03,-8.612570236437022686e-04,7.431608159095048904e-03,2.887736074626445770e-02,-8.205437101423740387e-03,-1.456845737993717194e-02,1.402864046394824982e-02,-1.083057466894388199e-02,-2.005391567945480347e-02,4.066824330948293209e-04,1.396997086703777313e-02,-6.330906180664896965e-04,2.311619371175765991e-02,5.464856512844562531e-03,-6.506827659904956818e-03,6.764457561075687408e-03,-2.192372269928455353e-02,-5.579291027970612049e-04,2.427151799201965332e-02,-6.705064326524734497e-03,1.855505816638469696e-02,4.438847303390502930e-03,2.813016995787620544e-02,2.496167458593845367e-02,-4.832676611840724945e-03,-1.106520928442478180e-02,-3.738531470298767090e-02,7.048817351460456848e-03,-6.880829576402902603e-03,5.960900336503982544e-03,-1.618494279682636261e-02,-3.163518384099006653e-02,4.607078619301319122e-03,5.651646479964256287e-02
-1.621190644800662994e-02,3.821662440896034241e-02,5.064587295055389404e-02,-5.746807437390089035e-03,-3.630983829498291016e-02,5.258699506521224976e-02,7.860820740461349487e-02,7.077366113662719727e-02,1.165756583213806152e-01,7.466837018728256226e-02,-4.352812096476554871e-02,-2.150007337331771851e-02,3.791403258219361305e-03,1.009924523532390594e-02,1.091725006699562073e-01,-5.094476416707038879e-02,-3.307232260704040527e-02,2.706643939018249512e-02,6.203969568014144897e-02,9.714122861623764038e-02,1.885458827018737793e-02,-5.780762061476707458e-02,-6.216129660606384277e-02,7.578931748867034912e-02,7.705001533031463623e-02,1.029818728566169739e-01,9.245336055755615234e-02,1.361369155347347260e-03,9.523401036858558655e-03,3.423928096890449524e-02,-9.059062600135803223e-02,-3.964014723896980286e-02,6.122959777712821960e-02,-1.375799905508756638e-02,-8.106819540262222290e-02,-2.319986373186111450e-02,-3.789858520030975342e-02,-2.192458696663379669e-02,-3.095497377216815948e-03,8.280075341463088989e-02,-8.064243942499160767e-03,1.879779156297445297e-03,-4.584122076630592346e-02,1.582603529095649719e-02,4.179850965738296509e-02,-8.416098356246948242e-02,-4.951735585927963257e-02,3.292615711688995361e-02,-1.331366691738367081e-02,-4.613510519266128540e-02,-1.534129772335290909e-02,-4.958775639533996582e-02,-2.307464182376861572e-02,-3.285491093993186951e-02,6.725849211215972900e-02,-2.273125946521759033e-02,-1.726002618670463562e-02,-7.290837820619344711e-04,-1.038064286112785339e-01,-1.691093668341636658e-02,-4.283261299133300781e-02,-8.006069064140319824e-02,-8.771740645170211792e-02,-1.654184982180595398e-02,1.097470074892044067e-01,-9.225527942180633545e-02,-3.365874290466308594e-04,6.889257580041885376e-02,1.100092455744743347e-01,9.686196595430374146e-02,1.790748909115791321e-02,-1.256074849516153336e-02,1.482370793819427490e-01,1.424945443868637085e-01,-4.430419579148292542e-02,4.838954657316207886e-02,-5.966300517320632935e-02,-5.234182626008987427e-02,-9.088634699583053589e-02,4.059915617108345032e-02,1.049995073117315769e-03,-3.252958133816719055e-02,1.717696338891983032e-02,1.006256565451622009e-01,3.959298506379127502e-02,-5.127069726586341858e-02,-1.641122996807098389e-02,-3.275573253631591797e-04,-9.216910228133201599e-03,-1.146983653306961060e-01,5.987437814474105835e-02,6.307641416788101196e-02,-2.443467453122138977e-02,-2.571760490536689758e-02,-2.032745070755481720e-02,4.248188436031341553e-02,5.031745880842208862e-02,1.863539218902587891e-04,2.510824240744113922e-02,-7.067770697176456451e-03,5.648173764348030090e-02,-1.819191267713904381e-03,-1.557849813252687454e-02,-5.153785273432731628e-02,-2.541313134133815765e-02,-7.009255141019821167e-02,-8.150693960487842560e-03,-6.449320912361145020e-02,-7.618457544595003128e-03,3.535863757133483887e-02,1.849210821092128754e-02,2.886119484901428223e-02,6.209841370582580566e-02,-7.714751362800598145e-02,-2.163480781018733978e-02,-6.290367245674133301e-02,4.739402234554290771e-02,1.541888527572154999e-02,4.813702031970024109e-02,-1.809947565197944641e-02,-1.306909173727035522e-01,-2.581710927188396454e-02,4.382790066301822662e-03,5.021020770072937012e-02,4.916416853666305542e-02,-4.693983867764472961e-02,-3.916413709521293640e-02,1.113384589552879333e-01
-1.965043134987354279e-03,4.078790917992591858e-02,1.227334886789321899e-02,-6.901622563600540161e-02,-4.390449263155460358e-03,4.015344753861427307e-02,-9.748536162078380585e-03,2.106753922998905182e-02,1.949611492455005646e-02,-5.031036213040351868e-03,-2.739405259490013123e-02,-1.416183263063430786e-02,-1.755176298320293427e-02,-3.258489817380905151e-02,1.625245623290538788e-02,-3.441166505217552185e-02,-4.175757523626089096e-03,-9.421873837709426880e-03,3.050720877945423126e-02,7.007458060979843140e-02,4.472562298178672791e-02,-4.682091996073722839e-02,-4.122758656740188599e-02,6.026322767138481140e-02,4.871886223554611206e-02,-2.961745718494057655e-03,2.431476302444934845e-02,1.930077373981475830e-02,-3.692978993058204651e-02,-1.814348064363002777e-02,-1.904634176753461361e-03,-4.441017284989356995e-02,3.353645652532577515e-02,-7.836270146071910858e-03,-4.453274235129356384e-02,-1.285492558963596821e-03,1.300860475748777390e-02,-3.017900139093399048e-02,-2.668352052569389343e-02,1.252262969501316547e-03,-2.863127551972866058e-02,-3.462068364024162292e-02,-3.988929558545351028e-03,4.567352589219808578e-03,-3.455297090113162994e-03,-5.606365948915481567e-02,1.355403941124677658e-02,2.847932279109954834e-02,4.156660288572311401e-02,3.025927767157554626e-02,3.794861212372779846e-02,-3.253172710537910461e-02,-3.180801495909690857e-02,-2.040115185081958771e-03,-1.111500244587659836e-02,-1.793332025408744812e-02,-1.089505851268768311e-02,-7.364169228821992874e-03,-9.453035891056060791e-02,9.162317961454391479e-03,4.286221042275428772e-02,3.008348122239112854e-02,-3.518597409129142761e-02,-1.618690788745880127e-02,7.758991420269012451e-02,-9.095089510083198547e-03,-1.685441657900810242e-02,2.421456761658191681e-02,4.908811673521995544e-02,6.211649626493453979e-02,2.007839269936084747e-03,-3.089627064764499664e-02,6.157601997256278992e-02,7.173072546720504761e-02,2.174290828406810760e-02,2.956720069050788879e-02,-3.168240562081336975e-02,-8.468424901366233826e-03,-7.257977128028869629e-02,-9.216821752488613129e-03,-2.862117486074566841e-03,-3.327731415629386902e-02,2.868532575666904449e-02,3.847908973693847656e-02,-2.817325061187148094e-03,-6.488470360636711121e-03,-3.482506377622485161e-03,-5.837433505803346634e-03,-2.682879194617271423e-02,-1.309632440097630024e-03,6.324258446693420410e-02,3.705232217907905579e-02,-2.599737793207168579e-02,-9.636043570935726166e-03,-1.274820510298013687e-02,1.773981261067092419e-03,3.680181503295898438e-02,1.978830248117446899e-02,3.386405855417251587e-02,-4.993299394845962524e-02,-1.383436843752861023e-02,-6.364318542182445526e-03,-1.294144149869680405e-02,-4.053152631968259811e-03,2.053448744118213654e-02,-2.645825408399105072e-02,1.524112652987241745e-02,3.468685597181320190e-02,3.749754279851913452e-02,4.038240388035774231e-02,2.610385417938232422e-04,5.146874580532312393e-03,3.845523111522197723e-03,-2.844212763011455536e-02,9.413618594408035278e-03,-2.156945131719112396e-02,1.963407732546329498e-02,2.643007785081863403e-02,2.017194218933582306e-02,2.991279587149620056e-03,-5.250507965683937073e-02,2.395308390259742737e-02,1.420854474417865276e-03,4.042227566242218018e-02,1.439504511654376984e-02,-4.404470324516296387e-02,-2.258244529366493225e-02,9.271922707557678223e-02
2.608773857355117798e-02,1.205984875559806824e-01,1.428059339523315430e-01,-1.353597491979598999e-01,-4.886234179139137268e-02,1.238663941621780396e-01,8.867211639881134033e-02,7.821494340896606445e-02,1.256176177412271500e-02,-5.495367571711540222e-02,1.476189214736223221e-02,-1.600981354713439941e-01,-1.096237078309059143e-01,2.032575011253356934e-02,5.311640724539756775e-02,-9.840965270996093750e-02,-4.324151203036308289e-02,8.273489028215408325e-02,1.077338382601737976e-01,1.580300182104110718e-01,6.888103485107421875e-02,-7.620788365602493286e-02,3.241948783397674561e-02,2.478463649749755859e-01,1.375335901975631714e-01,4.514763504266738892e-02,7.192172855138778687e-02,1.095533370971679688e-04,1.455618347972631454e-02,6.864095479249954224e-02,-2.022342011332511902e-02,-7.681401073932647705e-02,1.483905166387557983e-01,5.734397470951080322e-02,-6.394126266241073608e-02,3.297313302755355835e-02,3.524833172559738159e-02,-1.834746822714805603e-02,2.011239342391490936e-02,4.978806897997856140e-02,-9.707890450954437256e-03,-4.408524557948112488e-02,-6.842459738254547119e-02,-3.380928561091423035e-02,-6.399930920451879501e-03,-1.328241676092147827e-01,-9.007576853036880493e-02,3.618144243955612183e-02,4.191575199365615845e-02,-7.899982854723930359e-03,3.817144781351089478e-02,-1.490245908498764038e-01,-6.758686900138854980e-02,1.062089726328849792e-01,6.585289537906646729e-02,-6.455633044242858887e-02,-1.066742017865180969e-01,-5.456737801432609558e-02,-1.404047161340713501e-01,-1.003824640065431595e-02,-6.589119881391525269e-02,5.601546540856361389e-02,-4.332361742854118347e-02,3.472522599622607231e-03,1.581806689500808716e-01,5.824260879307985306e-03,4.748578742146492004e-02,7.564511150121688843e-02,-1.285398565232753754e-02,9.623084962368011475e-02,-4.962440952658653259e-02,-9.466427564620971680e-02,2.264799028635025024e-01,1.516828387975692749e-01,4.079698398709297180e-02,9.847711026668548584e-02,6.352901458740234375e-02,4.669655859470367432e-02,-1.257728338241577148e-01,2.796423994004726410e-02,9.369064122438430786e-02,-4.471301659941673279e-02,-4.811815917491912842e-03,-9.798866696655750275e-03,2.028015209361910820e-03,-2.967335283756256104e-02,-5.566950142383575439e-02,-3.739242628216743469e-02,-1.423283368349075317e-01,-8.219324797391891479e-02,9.931035339832305908e-02,9.160980582237243652e-02,-1.777854934334754944e-02,2.969211339950561523e-02,5.189972370862960815e-02,3.667248180136084557e-03,5.424851179122924805e-02,8.411691337823867798e-02,-9.021394886076450348e-03,-1.561061758548021317e-02,-4.916342347860336304e-02,-2.213747985661029816e-02,-5.410677287727594376e-03,3.799092769622802734e-02,6.414878368377685547e-02,-1.261891331523656845e-02,7.589822262525558472e-02,8.396732807159423828e-02,5.431483313441276550e-02,9.015625715255737305e-02,-1.714293844997882843e-02,1.443348359316587448e-02,-5.552983656525611877e-02,-1.071708872914314270e-01,-2.063249796628952026e-02,8.099974133074283600e-03,-3.222811501473188400e-03,-1.588730607181787491e-03,3.929327800869941711e-02,1.171371787786483765e-01,-1.893472075462341309e-01,-5.946032702922821045e-02,-1.237570540979504585e-03,2.620561607182025909e-02,-5.014498531818389893e-02,-1.483649611473083496e-01,-3.168201446533203125e-02,9.434916079044342041e-02
4.322622343897819519e-02,4.454321041703224182e-02,2.524375542998313904e-02,-6.444545835256576538e-02,-2.702497411519289017e-03,3.776814788579940796e-02,6.103588268160820007e-03,4.317979142069816589e-02,1.510919164866209030e-02,-1.540321391075849533e-02,-1.127132587134838104e-02,4.676873330026865005e-03,-2.836321666836738586e-02,-3.484628722071647644e-02,3.250728175044059753e-02,-5.837982147932052612e-02,-1.763162901625037193e-03,5.174974352121353149e-02,2.502327039837837219e-02,2.223723754286766052e-02,2.466306462883949280e-02,-1.991830952465534210e-02,-6.242387369275093079e-02,8.669360727071762085e-02,8.890075981616973877e-02,2.508891373872756958e-02,1.111941318958997726e-02,-2.370577491819858551e-02,2.277742885053157806e-02,1.929168775677680969e-02,4.532748088240623474e-02,-5.504869297146797180e-02,7.977392524480819702e-02,2.332585677504539490e-02,3.543469309806823730e-02,6.585707515478134155e-02,6.257619708776473999e-02,-1.337215956300497055e-02,3.268102556467056274e-02,5.658344924449920654e-02,4.824257642030715942e-02,-4.047643020749092102e-02,-4.066940397024154663e-02,-2.658217214047908783e-02,-3.683327138423919678e-02,-1.086063962429761887e-02,2.966046147048473358e-02,6.372562795877456665e-02,3.916907683014869690e-02,-3.366270288825035095e-02,4.278216045349836349e-03,-4.148695617914199829e-02,-2.888310700654983521e-02,2.055289782583713531e-02,-1.969341933727264404e-02,-1.466186903417110443e-02,-1.096219569444656372e-02,-3.970786556601524353e-02,-6.772279739379882812e-02,-2.176584489643573761e-02,-9.332653135061264038e-03,-4.058957844972610474e-02,-4.338713828474283218e-03,2.695577777922153473e-02,3.875827789306640625e-02,-1.215582620352506638e-02,6.790651474148035049e-03,2.574956417083740234e-02,-2.612167270854115486e-03,6.986784189939498901e-02,-1.388995908200740814e-03,1.481689512729644775e-02,6.886798888444900513e-02,4.140892252326011658e-02,4.580487683415412903e-02,2.814967557787895203e-02,-7.568809669464826584e-03,-7.470139767974615097e-03,-1.815614989027380943e-03,9.703092277050018311e-03,8.179327100515365601e-02,6.609745323657989502e-02,-1.808642596006393433e-02,-1.100680418312549591e-02,-2.521352469921112061e-02,6.892780307680368423e-03,-5.414491984993219376e-03,2.442563418298959732e-03,-6.423993408679962158e-02,-2.141484804451465607e-02,4.770314693450927734e-02,1.058580540120601654e-02,-4.100340977311134338e-02,3.735159710049629211e-02,-3.228647261857986450e-02,-2.261056378483772278e-02,2.200650237500667572e-02,2.358320914208889008e-02,-3.947851061820983887e-02,-6.761060096323490143e-03,-2.853268571197986603e-02,5.143745336681604385e-03,-9.236400015652179718e-03,-1.370051968842744827e-02,1.484711002558469772e-02,1.778367348015308380e-02,3.915065899491310120e-02,-3.628802299499511719e-02,-2.330140396952629089e-02,2.397268265485763550e-02,2.138070948421955109e-02,-6.742493715137243271e-03,2.757162973284721375e-02,2.302900888025760651e-02,4.685486201196908951e-03,4.428593069314956665e-02,1.361369155347347260e-03,-2.302540279924869537e-02,-2.424605004489421844e-02,6.488492339849472046e-02,-3.633037582039833069e-02,3.768806532025337219e-02,1.230693142861127853e-02,3.033079952001571655e-02,-8.262773044407367706e-03,-9.646426141262054443e-02,-4.647795483469963074e-02,5.976355820894241333e-02
-1.079752761870622635e-02,3.126906603574752808e-02,9.509394876658916473e-03,-4.373905062675476074e-02,3.112931502982974052e-03,3.589029237627983093e-02,-2.278022840619087219e-02,-1.795045286417007446e-02,9.012728929519653320e-02,3.663454949855804443e-02,-3.445860743522644043e-02,-6.770429015159606934e-02,-4.937391728162765503e-02,3.966204449534416199e-02,6.424207240343093872e-02,-5.552915856242179871e-02,-4.953248798847198486e-02,1.100498735904693604e-01,4.583595320582389832e-02,8.803379535675048828e-02,4.212515801191329956e-02,-3.511435538530349731e-02,-1.537690404802560806e-02,1.630535125732421875e-01,6.437271088361740112e-02,-6.287133321166038513e-03,1.019226014614105225e-01,-5.811178125441074371e-03,-1.153644267469644547e-02,4.433372989296913147e-02,-1.463463623076677322e-02,-1.880894601345062256e-02,9.760556370019912720e-02,1.584325730800628662e-02,-6.312506645917892456e-02,2.623599208891391754e-02,2.658283151686191559e-02,-1.221399232745170593e-01,-5.932381004095077515e-02,1.036877837032079697e-02,1.468174345791339874e-02,4.116888344287872314e-02,2.331939339637756348e-02,2.607749588787555695e-02,-5.338695645332336426e-02,-1.180234253406524658e-01,1.795128546655178070e-02,1.060746386647224426e-01,6.383488327264785767e-02,3.757548332214355469e-02,3.236772119998931885e-02,-6.123152747750282288e-02,5.313664674758911133e-02,1.164854988455772400e-01,4.248619079589843750e-02,5.503627471625804901e-03,-2.442398481070995331e-02,-5.942489579319953918e-02,-1.472874581813812256e-01,1.545460894703865051e-02,-1.849100738763809204e-02,3.713677823543548584e-02,2.715199813246726990e-02,-7.627517916262149811e-03,1.594298332929611206e-01,3.729570284485816956e-02,4.893274605274200439e-02,7.245513051748275757e-02,-6.480304058641195297e-03,6.785190850496292114e-02,5.201026052236557007e-02,-1.210101097822189331e-01,1.471012532711029053e-01,1.562264263629913330e-01,7.109102606773376465e-02,1.157009154558181763e-01,2.657136507332324982e-02,5.640782415866851807e-02,-5.405462812632322311e-03,7.273254450410604477e-04,-2.259492501616477966e-02,-1.389437634497880936e-02,1.541781146079301834e-02,5.141328275203704834e-02,1.361571904271841049e-02,1.570044318214058876e-03,-8.391904085874557495e-02,-9.974296204745769501e-03,-1.374092549085617065e-01,-1.390179097652435303e-01,1.067982017993927002e-01,7.152780890464782715e-02,1.811922714114189148e-02,-1.757655292749404907e-02,-6.743834353983402252e-03,3.594815358519554138e-02,7.913099229335784912e-02,-4.139294847846031189e-02,-8.076129015535116196e-04,2.412521466612815857e-02,-7.271551340818405151e-02,-4.934270307421684265e-02,-3.179217129945755005e-02,1.024123933166265488e-02,9.827635437250137329e-02,5.961730331182479858e-02,6.890939176082611084e-02,-4.259858280420303345e-03,5.301889777183532715e-02,1.286661997437477112e-02,3.618769347667694092e-02,8.502888679504394531e-02,4.993504658341407776e-02,-2.162124961614608765e-03,6.314418464899063110e-02,-5.127256363630294800e-02,5.075048282742500305e-02,5.302653461694717407e-02,-7.664588745683431625e-03,2.423118986189365387e-02,-7.627525925636291504e-02,2.725491859018802643e-02,-9.052770584821701050e-02,8.666568994522094727e-02,5.134745500981807709e-03,-5.062280595302581787e-02,-4.814395308494567871e-02,1.115657091140747070e-01
1.312442682683467865e-02,-1.168471947312355042e-02,4.070317745208740234e-02,-8.333962410688400269e-02,5.220056697726249695e-02,8.867430686950683594e-02,1.896156929433345795e-02,-3.879736177623271942e-03,-1.472205761820077896e-02,-3.347126021981239319e-02,-7.178895920515060425e-02,1.570253446698188782e-02,1.642615720629692078e-02,-3.378050029277801514e-02,3.052269481122493744e-02,-8.726415038108825684e-02,5.940200388431549072e-02,4.583803936839103699e-02,2.760453522205352783e-02,7.570675015449523926e-02,2.532199770212173462e-02,-7.616035640239715576e-02,-5.633557587862014771e-02,1.122442483901977539e-01,1.375372707843780518e-01,-9.796125814318656921e-03,3.351103514432907104e-02,-1.023581530898809433e-02,1.626013196073472500e-03,3.864136338233947754e-02,1.207619206979870796e-03,-6.689339876174926758e-02,4.422516562044620514e-03,-3.999750316143035889e-02,-4.427641630172729492e-03,8.104366809129714966e-02,5.347099527716636658e-02,-2.002638950943946838e-02,7.265506428666412830e-04,3.557386994361877441e-02,2.170567214488983154e-02,-4.625072330236434937e-02,5.644440185278654099e-03,-5.789363756775856018e-03,8.425720967352390289e-03,-4.883706942200660706e-02,7.218574732542037964e-02,8.606637269258499146e-02,-1.528027746826410294e-02,8.087740838527679443e-02,5.813024565577507019e-02,-4.493429884314537048e-02,-4.317905008792877197e-02,-1.241637859493494034e-02,-3.546588495373725891e-02,-7.262118160724639893e-02,-6.346529722213745117e-02,-4.768066853284835815e-02,-9.907006472349166870e-02,-6.838392931967973709e-03,-3.481937572360038757e-02,2.318118698894977570e-02,-1.458435202948749065e-03,-2.264669537544250488e-02,1.023242697119712830e-01,-8.444108068943023682e-03,6.091407313942909241e-02,5.333711951971054077e-02,-4.455565940588712692e-03,4.269725829362869263e-02,-1.050370931625366211e-02,1.048057805746793747e-03,1.397607475519180298e-01,9.970754384994506836e-02,7.233317196369171143e-02,5.761725082993507385e-02,-3.621194511651992798e-02,-2.903065644204616547e-03,5.162103101611137390e-03,1.724784076213836670e-02,-5.251682177186012268e-02,-6.059959065169095993e-03,1.898109912872314453e-04,-6.596529390662908554e-03,1.002581641077995300e-01,1.346864085644483566e-02,-1.182646956294775009e-02,1.988503150641918182e-02,-6.513571739196777344e-02,-3.677163645625114441e-02,8.965165168046951294e-02,6.027021259069442749e-02,-2.142688259482383728e-02,2.671183831989765167e-02,-3.860125783830881119e-03,7.119385059922933578e-03,9.120419621467590332e-03,8.061948232352733612e-03,3.859613090753555298e-02,-9.092219918966293335e-02,-2.443148940801620483e-02,6.244896352291107178e-02,1.698492094874382019e-03,1.087193470448255539e-02,-1.451073912903666496e-03,-2.029348723590373993e-02,4.583878070116043091e-02,1.751336269080638885e-02,6.072288751602172852e-02,3.685222938656806946e-02,-6.298578530550003052e-02,-6.159256678074598312e-03,-2.263356000185012817e-02,-1.279055257327854633e-03,-7.082015741616487503e-03,3.647380322217941284e-02,7.278259843587875366e-02,7.943104952573776245e-03,-3.510162467136979103e-03,4.613343626260757446e-02,-6.948241591453552246e-02,1.468791067600250244e-02,2.051125094294548035e-02,2.406626753509044647e-02,-7.196033839136362076e-03,-7.992675155401229858e-02,-2.999413013458251953e-02,1.357788145542144775e-01
5.345442332327365875e-03,7.976868189871311188e-03,1.539510786533355713e-01,-1.827668100595474243e-01,6.864367751404643059e-04,1.537913382053375244e-01,2.487743506208062172e-03,1.215308532118797302e-02,1.121651008725166321e-01,1.047136783599853516e-01,1.097259484231472015e-02,-9.495959430932998657e-02,7.023736089468002319e-02,-6.896399706602096558e-02,9.813283383846282959e-02,-9.450450539588928223e-03,9.846786037087440491e-03,1.045216768980026245e-01,4.372343048453330994e-02,7.929027080535888672e-02,-1.946510374546051025e-02,-1.299187391996383667e-01,-4.298090061638504267e-04,1.552689075469970703e-01,2.254570573568344116e-01,9.755926206707954407e-03,5.630183219909667969e-02,3.331792354583740234e-02,9.084742516279220581e-02,-2.234155498445034027e-02,2.108437195420265198e-02,-1.046926304697990417e-01,8.315340615808963776e-03,-9.333860129117965698e-02,1.463755499571561813e-02,1.940985620021820068e-01,1.404535472393035889e-01,-9.484443813562393188e-02,7.296706736087799072e-02,1.224754899740219116e-01,5.634722486138343811e-02,-5.203408189117908478e-03,4.987892135977745056e-02,4.240040201693773270e-03,-3.029852174222469330e-02,-1.280142962932586670e-01,9.450194984674453735e-02,4.335196316242218018e-02,3.584501892328262329e-02,8.239545673131942749e-02,4.111652076244354248e-02,-8.463258296251296997e-02,-7.760927826166152954e-02,6.558353081345558167e-03,-2.056707814335823059e-02,-4.399562627077102661e-02,-1.763206571340560913e-01,-7.160750776529312134e-02,-1.112028285861015320e-01,3.162860497832298279e-02,3.153889626264572144e-02,-4.101135209202766418e-02,2.828171104192733765e-02,1.990528777241706848e-02,1.845719665288925171e-01,-1.523144543170928955e-01,5.233656987547874451e-02,8.621164411306381226e-02,3.303794190287590027e-02,1.423130035400390625e-01,2.688039839267730713e-02,-4.365424066781997681e-02,2.755891084671020508e-01,1.939917653799057007e-01,9.532691538333892822e-02,1.292992383241653442e-01,9.383555734530091286e-04,3.487000986933708191e-02,-6.003684550523757935e-02,3.430134430527687073e-02,7.500411570072174072e-02,7.435793429613113403e-02,9.335815906524658203e-02,-1.219691187143325806e-01,3.656234964728355408e-02,7.561124116182327271e-02,-1.972255483269691467e-02,1.273509394377470016e-02,-9.288037568330764771e-02,-2.594195492565631866e-02,1.540903449058532715e-01,5.200143158435821533e-02,-4.472312331199645996e-02,3.314523026347160339e-02,2.486938843503594398e-03,-1.036636531352996826e-02,8.453411608934402466e-02,3.219054639339447021e-02,-4.074836894869804382e-02,-3.049786388874053955e-02,-7.637590635567903519e-03,1.376234889030456543e-01,5.498670786619186401e-02,1.184075372293591499e-03,3.020145371556282043e-02,-8.066186308860778809e-02,2.123665064573287964e-02,5.265438929200172424e-02,6.520147621631622314e-02,1.843440160155296326e-02,-1.002546213567256927e-02,-1.615872234106063843e-02,-1.049515698105096817e-02,-1.734866201877593994e-02,4.539505392313003540e-02,7.059561461210250854e-02,1.109479833394289017e-02,-9.069916605949401855e-02,-4.940866678953170776e-02,6.055865809321403503e-02,-1.213044673204421997e-01,-3.386569395661354065e-02,4.833234101533889771e-02,9.559368714690208435e-03,-5.329418554902076721e-02,-1.823751181364059448e-01,-9.356373921036720276e-03,2.152496725320816040e-01
-7.139561232179403305e-03,2.749917469918727875e-02,3.469988936558365822e-03,-2.883835136890411377e-02,-7.719154935330152512e-03,4.458605777472257614e-03,-9.425658732652664185e-03,-8.697497658431529999e-03,3.447509557008743286e-02,1.436259690672159195e-02,-4.229164123535156250e-02,-6.383091211318969727e-02,-1.967423409223556519e-02,4.171942826360464096e-03,1.112331636250019073e-02,-3.475430607795715332e-02,-3.038480691611766815e-02,5.101143941283226013e-02,2.172557078301906586e-02,4.538675397634506226e-02,1.584358513355255127e-02,-1.514731557108461857e-03,7.402999792248010635e-03,7.121116667985916138e-02,1.238845847547054291e-02,-4.425255954265594482e-02,1.787793822586536407e-02,-1.286825817078351974e-02,-1.945604383945465088e-02,6.851624231785535812e-03,-2.075305394828319550e-02,-2.219711430370807648e-02,3.617051988840103149e-02,-1.887118071317672729e-02,-2.613916993141174316e-02,2.154189720749855042e-02,1.909303851425647736e-02,-5.929499864578247070e-02,-3.049994632601737976e-02,1.331372652202844620e-02,3.095581941306591034e-02,-5.779618863016366959e-03,-8.195335045456886292e-03,4.087067674845457077e-03,-1.678568311035633087e-02,-3.475314378738403320e-02,1.592614501714706421e-02,3.877744451165199280e-02,2.437814697623252869e-02,-4.479526542127132416e-03,3.264693915843963623e-02,-2.650917880237102509e-02,2.550923964008688927e-03,4.163577407598495483e-02,-1.019987650215625763e-02,-3.127222135663032532e-02,-4.672567173838615417e-02,-4.694626480340957642e-02,-5.227157101035118103e-02,1.819251663982868195e-02,2.354842051863670349e-02,1.910009793937206268e-02,1.954613253474235535e-02,-1.553917024284601212e-02,4.081998392939567566e-02,-7.449429016560316086e-03,8.418479003012180328e-03,5.076650530099868774e-02,4.286271333694458008e-02,4.137307032942771912e-02,7.086455821990966797e-03,-3.041023388504981995e-02,1.842611841857433319e-02,2.009976096451282501e-02,1.960130594670772552e-02,4.647715762257575989e-02,-1.399827841669321060e-02,2.563349902629852295e-02,-7.375850807875394821e-03,-1.342099718749523163e-02,-1.882342156022787094e-03,-6.703185848891735077e-03,-4.963506013154983521e-03,3.072361275553703308e-02,3.323965892195701599e-02,-9.777144528925418854e-03,-1.789661496877670288e-02,1.588440313935279846e-02,-5.492393299937248230e-02,-6.211418658494949341e-02,3.004084713757038116e-02,2.227953635156154633e-02,3.672684729099273682e-02,-3.637655172497034073e-03,4.284951370209455490e-03,7.475623395293951035e-03,2.990893833339214325e-02,-3.030022373422980309e-03,3.544553648680448532e-03,-7.097005378454923630e-03,-2.802808769047260284e-02,-1.898930594325065613e-02,-1.292091142386198044e-02,3.324048826470971107e-03,2.582401782274246216e-02,7.088392972946166992e-03,2.545274607837200165e-02,2.431482262909412384e-02,6.926336325705051422e-03,7.646320853382349014e-03,-1.741662062704563141e-02,2.567970892414450645e-03,-1.076057646423578262e-02,-4.872879013419151306e-03,1.203332748264074326e-02,-1.244757696986198425e-02,-1.179664116352796555e-02,1.803416758775711060e-02,-6.853024940937757492e-03,2.793663553893566132e-02,-5.523418635129928589e-02,2.761594951152801514e-03,-6.810231134295463562e-03,2.485558576881885529e-02,-1.077591907232999802e-03,-3.963148593902587891e-02,-2.804782986640930176e-02,7.073190063238143921e-02
