3.224123036488890648e-03,5.328027531504631042e-02,1.253756135702133179e-01,-1.202567368745803833e-01,1.903925538063049316e-01,1.699344515800476074e-01,3.534801304340362549e-02,1.062342301011085510e-01,1.461494062095880508e-02,-1.186651829630136490e-02,-1.389545798301696777e-01,-5.297304317355155945e-02,2.977063134312629700e-02,-1.750708818435668945e-01,-6.648103892803192139e-02,-9.924048185348510742e-02,1.004190370440483093e-01,1.024090871214866638e-01,8.647907525300979614e-02,3.911738842725753784e-02,6.408230215311050415e-02,-7.396622095257043839e-03,-5.015630647540092468e-02,7.342347502708435059e-02,1.804900914430618286e-01,-3.506557270884513855e-02,4.848620295524597168e-02,-1.960669830441474915e-02,-2.507470734417438507e-02,-4.403664171695709229e-02,-3.986866399645805359e-02,-1.705758720636367798e-01,4.883876070380210876e-03,-6.045633554458618164e-02,-2.822328545153141022e-02,7.693034410476684570e-02,-3.790795803070068359e-02,-4.715361073613166809e-02,2.186468057334423065e-02,8.838739991188049316e-02,4.386451095342636108e-02,3.791507333517074585e-02,-6.580175459384918213e-02,9.559905156493186951e-03,-2.539904601871967316e-02,-1.565877497196197510e-01,4.782482236623764038e-02,9.822766482830047607e-02,-7.388171553611755371e-02,9.032987058162689209e-02,5.865684151649475098e-02,-7.704188674688339233e-02,-9.575200825929641724e-02,-8.795862644910812378e-02,-1.531724035739898682e-01,-1.068889275193214417e-01,-1.455870568752288818e-01,-6.581410020589828491e-02,-9.629115462303161621e-02,-4.022220522165298462e-02,-4.283532127737998962e-02,-3.488914668560028076e-02,-5.068168975412845612e-03,4.155467450618743896e-02,1.800264567136764526e-01,-3.142549470067024231e-02,1.293403208255767822e-01,1.027191802859306335e-01,6.757500767707824707e-02,1.003151908516883850e-01,-5.011094361543655396e-02,-3.785537555813789368e-02,2.654776275157928467e-01,1.440531760454177856e-01,7.544678449630737305e-02,9.158085286617279053e-02,2.336705289781093597e-02,-2.487482503056526184e-02,-1.110680866986513138e-02,4.376560822129249573e-02,-8.202786743640899658e-02,-1.012396365404129028e-01,3.711833059787750244e-02,1.100412197411060333e-02,8.083790540695190430e-02,5.803962051868438721e-02,4.580930992960929871e-02,-2.588515914976596832e-02,-2.235378837212920189e-03,-1.913534291088581085e-02,2.083329409360885620e-01,1.297957599163055420e-01,-5.614960566163063049e-02,9.423942863941192627e-02,-1.227534562349319458e-02,-8.190913498401641846e-02,7.768327742815017700e-02,4.415175318717956543e-02,1.415563970804214478e-01,-1.472980231046676636e-01,-1.195117365568876266e-02,7.632381469011306763e-02,-6.034899130463600159e-02,-1.109769009053707123e-02,-5.018014833331108093e-02,-1.756454445421695709e-02,1.297549903392791748e-01,1.425048708915710449e-01,5.804115440696477890e-03,-8.007146418094635010e-03,1.825478300452232361e-02,-5.857097730040550232e-02,-6.041859462857246399e-02,2.620525658130645752e-02,-3.969896957278251648e-02,6.839891523122787476e-02,3.562750667333602905e-02,-3.991103172302246094e-02,-9.444272518157958984e-02,3.114905022084712982e-02,-1.779933124780654907e-01,1.006841063499450684e-01,7.699001580476760864e-02,-2.514153718948364258e-02,-6.907647103071212769e-02,-1.365217566490173340e-01,5.973590537905693054e-02,2.391260564327239990e-01
2.128642797470092773e-02,1.041657626628875732e-01,1.230078712105751038e-01,-7.562223821878433228e-02,1.694103330373764038e-01,1.651199162006378174e-01,7.761858403682708740e-02,7.344153523445129395e-02,1.297949813306331635e-03,-3.158537298440933228e-02,-1.683189272880554199e-01,-5.362847074866294861e-02,-1.170450542122125626e-02,-1.486926227807998657e-01,-4.391534626483917236e-02,-9.227253496646881104e-02,5.516281723976135254e-02,7.095755636692047119e-02,3.454450890421867371e-02,2.577019855380058289e-02,2.973099797964096069e-02,-3.975172713398933411e-02,-7.504077255725860596e-02,1.010401472449302673e-01,1.637450754642486572e-01,-1.932755671441555023e-02,4.303608462214469910e-02,3.386968374252319336e-02,2.616579830646514893e-02,-5.613198503851890564e-02,-3.481208160519599915e-02,-1.067490801215171814e-01,1.298289000988006592e-02,-8.287180960178375244e-02,-3.575662150979042053e-02,9.073149412870407104e-02,-1.588005200028419495e-02,-4.188082739710807800e-02,3.971063345670700073e-02,1.103276461362838745e-01,2.672705799341201782e-02,4.854802042245864868e-02,-1.255422364920377731e-02,3.354506194591522217e-02,7.679132279008626938e-03,-9.787306934595108032e-02,4.889980331063270569e-02,6.911348551511764526e-02,-3.603226318955421448e-02,5.894602090120315552e-02,4.501442611217498779e-02,-6.283029913902282715e-02,-9.322004020214080811e-02,-4.980929940938949585e-02,-9.874744713306427002e-02,-9.863924980163574219e-02,-1.355389654636383057e-01,-4.281163960695266724e-02,-9.541559964418411255e-02,-4.555185139179229736e-02,-2.107856050133705139e-02,-4.329634085297584534e-02,-9.847278706729412079e-04,-1.207140926271677017e-02,1.199507862329483032e-01,-4.908133670687675476e-02,1.104888617992401123e-01,7.590020447969436646e-02,7.936191558837890625e-02,7.497955113649368286e-02,-2.468608506023883820e-02,-9.018639475107192993e-02,2.196385115385055542e-01,1.487598568201065063e-01,7.729106396436691284e-02,8.746103197336196899e-02,3.839680925011634827e-02,-1.105102431029081345e-02,-1.617770083248615265e-02,1.318947225809097290e-02,-5.822454392910003662e-02,-4.998219385743141174e-02,5.441479012370109558e-02,2.715908549726009369e-02,8.671718835830688477e-02,5.584267899394035339e-02,4.430118575692176819e-02,-8.253237232565879822e-03,-9.741832502186298370e-03,-3.356473287567496300e-03,1.530705839395523071e-01,1.068257838487625122e-01,-2.135899476706981659e-02,1.196319833397865295e-01,-1.021748874336481094e-02,-7.088283449411392212e-02,4.343718662858009338e-02,3.980400785803794861e-02,8.864148706197738647e-02,-1.126369982957839966e-01,-9.651777334511280060e-03,8.385889977216720581e-02,-1.720279268920421600e-02,7.622392382472753525e-03,-1.270488090813159943e-02,-1.242249389179050922e-03,1.006227731704711914e-01,1.283436268568038940e-01,1.608206145465373993e-02,-1.853125542402267456e-02,-8.546918630599975586e-03,-6.140902265906333923e-02,-6.198460236191749573e-02,1.209331024438142776e-02,-4.993546009063720703e-02,5.472453311085700989e-02,5.374510213732719421e-02,-2.045885100960731506e-02,-8.270852267742156982e-02,1.997681520879268646e-02,-1.492417305707931519e-01,3.346638008952140808e-02,7.093445956707000732e-02,-3.375492990016937256e-02,-3.526017814874649048e-02,-1.567873060703277588e-01,4.345806688070297241e-02,1.942244768142700195e-01
6.960457563400268555e-02,1.257967017590999603e-02,1.074518486857414246e-01,-1.504983901977539062e-01,2.103584632277488708e-02,1.561545878648757935e-01,-1.079663354903459549e-02,-8.571188896894454956e-02,-2.137221954762935638e-02,6.087619066238403320e-02,-6.624601781368255615e-02,-2.286988683044910431e-02,1.233527883887290955e-01,2.653627842664718628e-02,-1.127332262694835663e-02,-1.093121320009231567e-01,5.819068849086761475e-02,2.546507678925991058e-02,8.199202269315719604e-02,1.247829124331474304e-01,1.443633139133453369e-01,-6.302503496408462524e-02,-1.537398435175418854e-02,2.398620992898941040e-01,2.594782412052154541e-01,6.046316400170326233e-02,-3.781862184405326843e-02,1.851025223731994629e-02,2.967133186757564545e-02,5.877792090177536011e-02,2.650596573948860168e-02,-1.013872548937797546e-01,7.070124149322509766e-02,-1.093544587492942810e-01,1.005177479237318039e-02,1.986413896083831787e-01,1.120959967374801636e-01,-1.161484718322753906e-01,2.826816029846668243e-02,9.598065167665481567e-02,1.090500503778457642e-01,-1.037885062396526337e-02,1.182015147060155869e-02,3.944608196616172791e-02,-6.831386685371398926e-02,-8.798243105411529541e-02,3.473227843642234802e-02,2.303124032914638519e-02,-5.648931115865707397e-02,6.785122305154800415e-02,1.181310266256332397e-01,1.026513800024986267e-02,7.760636042803525925e-03,-1.790138520300388336e-02,-3.766122087836265564e-02,-7.637818902730941772e-02,-1.281579583883285522e-01,-1.184021681547164917e-01,-1.452907174825668335e-01,-5.461158975958824158e-02,5.482620373368263245e-02,3.867710009217262268e-02,-1.049062889069318771e-02,6.291027367115020752e-02,1.428331285715103149e-01,-2.158318273723125458e-02,9.791547060012817383e-02,2.875866740942001343e-02,1.880200393497943878e-02,2.047668695449829102e-01,3.041800670325756073e-02,-2.444132044911384583e-02,2.705355584621429443e-01,1.679026186466217041e-01,1.417677551507949829e-01,8.012077212333679199e-02,4.590682312846183777e-02,7.623624056577682495e-02,-9.088791161775588989e-02,-5.246002227067947388e-02,-6.701647071167826653e-04,-5.991506204009056091e-02,2.184034697711467743e-02,-4.424446821212768555e-02,6.799611449241638184e-02,4.791922122240066528e-02,1.297055743634700775e-03,6.181374564766883850e-02,-1.539020217023789883e-03,3.990130126476287842e-02,1.625727117061614990e-01,1.181745231151580811e-01,-6.636974960565567017e-02,1.277665048837661743e-01,1.222272217273712158e-02,-3.614320186898112297e-03,3.380604088306427002e-02,4.378663375973701477e-02,3.190235793590545654e-02,-1.149762719869613647e-01,-1.739859580993652344e-02,1.627029180526733398e-01,2.509346790611743927e-02,-3.305184422060847282e-03,5.898040533065795898e-02,-1.838837191462516785e-02,5.701157823204994202e-02,8.036078512668609619e-02,6.472789496183395386e-02,4.484602436423301697e-02,-7.797577232122421265e-02,-6.906039267778396606e-02,-1.693433821201324463e-01,8.611853234469890594e-03,-3.946581389755010605e-03,9.082289040088653564e-02,1.435355842113494873e-01,1.222878471016883850e-01,-1.967128366231918335e-02,3.314287588000297546e-02,-1.451632231473922729e-01,6.430924404412508011e-03,2.032822184264659882e-02,7.759461551904678345e-02,-5.434407666325569153e-02,-1.070705652236938477e-01,1.345488131046295166e-01,1.809519827365875244e-01
5.653548240661621094e-02,1.122266426682472229e-02,1.222074851393699646e-01,-1.421308815479278564e-01,5.637921765446662903e-02,1.700536310672760010e-01,1.847232505679130554e-02,-6.637295335531234741e-02,-2.016836963593959808e-02,8.424620330333709717e-02,-7.033389061689376831e-02,1.530009042471647263e-02,1.465281844139099121e-01,3.736593946814537048e-02,-4.561941698193550110e-02,-1.554220318794250488e-01,6.758692860603332520e-02,5.493320152163505554e-02,9.848050773143768311e-02,1.655960679054260254e-01,1.457059532403945923e-01,-3.561976924538612366e-02,1.980954222381114960e-02,2.215831875801086426e-01,2.598316371440887451e-01,5.247883871197700500e-02,-2.103134803473949432e-02,-6.935653835535049438e-02,1.059143804013729095e-02,9.158707410097122192e-02,2.907940000295639038e-02,-1.419148147106170654e-01,5.806564167141914368e-02,-1.454171240329742432e-01,-2.469127066433429718e-02,1.887027323246002197e-01,1.163150891661643982e-01,-1.402525752782821655e-01,2.571278950199484825e-03,6.368404626846313477e-02,1.011913716793060303e-01,-4.342252016067504883e-02,-2.983560413122177124e-02,5.630604177713394165e-02,-3.161482140421867371e-02,-1.087496206164360046e-01,3.857616335153579712e-02,1.418623235076665878e-02,-6.976199895143508911e-02,7.789302617311477661e-02,1.129770576953887939e-01,1.663027680478990078e-03,2.858390286564826965e-02,-3.032254800200462341e-02,-6.411702930927276611e-02,-1.136738508939743042e-01,-1.720134019851684570e-01,-1.157253310084342957e-01,-1.537849456071853638e-01,-3.116247802972793579e-02,1.372241824865341187e-01,6.838173419237136841e-02,-4.475557804107666016e-02,9.733181446790695190e-02,1.757994592189788818e-01,-3.941885009407997131e-02,1.000104397535324097e-01,5.410689488053321838e-02,-1.444412115961313248e-02,2.112511098384857178e-01,4.749982059001922607e-02,-6.491360720247030258e-03,2.666454315185546875e-01,1.337464898824691772e-01,1.833119988441467285e-01,9.849042445421218872e-02,1.591500267386436462e-02,7.284491509199142456e-02,-8.318861573934555054e-02,-3.591675311326980591e-02,-1.706577278673648834e-02,-8.117800205945968628e-02,6.042555440217256546e-03,-2.139235660433769226e-02,4.489111527800559998e-02,3.454281389713287354e-02,1.758206263184547424e-02,5.927537381649017334e-02,-9.591343812644481659e-03,3.059915639460086823e-02,1.881579756736755371e-01,1.314708590507507324e-01,-6.271804124116897583e-02,9.578095376491546631e-02,-7.920366711914539337e-03,-3.924617171287536621e-02,2.158029563724994659e-02,5.772337689995765686e-02,5.700058490037918091e-02,-1.225737556815147400e-01,-8.071812801063060760e-03,1.281136125326156616e-01,-2.774596028029918671e-02,-4.129863530397415161e-02,6.231813505291938782e-02,-1.260428689420223236e-03,7.132669538259506226e-02,8.555485308170318604e-02,3.017679974436759949e-02,3.349400684237480164e-02,-1.040417179465293884e-01,-7.625511288642883301e-02,-1.488364636898040771e-01,4.029817134141921997e-02,5.091562867164611816e-03,8.978080749511718750e-02,1.396234035491943359e-01,1.136185899376869202e-01,-7.393667101860046387e-02,-1.520900637842714787e-03,-1.264169812202453613e-01,-1.599787385202944279e-03,2.218028530478477478e-02,6.501884758472442627e-02,-4.558542370796203613e-02,-1.142482236027717590e-01,1.450270712375640869e-01,2.031196355819702148e-01
2.939806878566741943e-02,8.840659260749816895e-02,2.243509590625762939e-01,-2.048553377389907837e-01,1.102021783590316772e-01,2.047619372606277466e-01,-5.895576626062393188e-02,-6.383853405714035034e-02,2.541709132492542267e-02,-3.655655309557914734e-03,-2.001313567161560059e-01,-4.375041928142309189e-03,1.858741417527198792e-02,1.681532710790634155e-02,5.788095295429229736e-02,-5.442973971366882324e-02,7.626245915889739990e-02,1.814636960625648499e-02,-3.377662738785147667e-03,6.787026673555374146e-02,6.431036442518234253e-02,-5.280498042702674866e-02,-6.380295008420944214e-02,1.658402830362319946e-01,2.517136633396148682e-01,2.259423956274986267e-02,1.556905265897512436e-02,-7.954273372888565063e-02,3.417814150452613831e-02,3.681785613298416138e-02,7.214047014713287354e-02,-1.533724814653396606e-01,2.821929566562175751e-02,-8.315256983041763306e-02,-1.337755322456359863e-01,7.904822379350662231e-02,4.759717360138893127e-02,-9.109463542699813843e-02,1.925087161362171173e-02,7.388035953044891357e-02,3.382842242717742920e-02,-1.813257485628128052e-02,-5.369589477777481079e-02,9.275329113006591797e-02,9.564434178173542023e-03,-1.014239639043807983e-01,4.046455025672912598e-02,-1.045188959687948227e-02,-2.201308496296405792e-02,1.070640683174133301e-01,1.043559163808822632e-01,-4.681642726063728333e-02,-6.287236511707305908e-02,-6.768808700144290924e-03,-5.227626115083694458e-02,-1.484404653310775757e-01,-1.622996926307678223e-01,-7.131201773881912231e-02,-1.776540726423263550e-01,-1.233336236327886581e-02,4.976987838745117188e-06,1.603296026587486267e-02,1.848591305315494537e-02,1.936443708837032318e-02,1.756127774715423584e-01,-2.914032526314258575e-02,6.711644679307937622e-02,9.252094477415084839e-02,2.081489749252796173e-02,1.219804137945175171e-01,2.999043837189674377e-02,-6.969615817070007324e-02,2.133166193962097168e-01,1.802074164152145386e-01,1.464117616415023804e-01,1.921943277120590210e-01,-2.167966216802597046e-03,1.342917233705520630e-01,-2.205746993422508240e-02,-2.440271712839603424e-02,1.002584956586360931e-02,1.212495658546686172e-02,-5.057112313807010651e-03,-2.208437770605087280e-03,1.037548631429672241e-01,-6.225947290658950806e-02,-5.635836347937583923e-02,-4.601105675101280212e-02,-5.763370543718338013e-02,-2.988358959555625916e-03,1.807897537946701050e-01,8.169131726026535034e-02,-7.084695994853973389e-02,1.045200973749160767e-01,5.851330235600471497e-02,5.954641848802566528e-03,3.273133561015129089e-02,4.941003397107124329e-02,8.665160834789276123e-02,-1.489223837852478027e-01,-1.129658371210098267e-01,1.392785012722015381e-01,1.903620781376957893e-03,-7.868067361414432526e-03,-2.327423915266990662e-02,-1.093034073710441589e-02,2.847247384488582611e-02,5.192769225686788559e-03,5.565525498241186142e-03,4.341874271631240845e-02,-7.209923118352890015e-02,-7.788139581680297852e-02,-2.363885985687375069e-03,3.955614566802978516e-02,-1.791532523930072784e-02,2.577276155352592468e-02,1.694698631763458252e-02,5.481883510947227478e-02,-2.139992266893386841e-02,1.592456549406051636e-02,-1.871112287044525146e-01,-1.976882107555866241e-02,7.858148962259292603e-02,4.626524075865745544e-02,-8.584030717611312866e-02,-2.156227827072143555e-01,-9.037635289132595062e-03,1.777627319097518921e-01
4.089877009391784668e-02,8.576111495494842529e-02,2.168162912130355835e-01,-2.070252448320388794e-01,-2.790116891264915466e-02,1.593750566244125366e-01,-3.281153365969657898e-02,-1.550433877855539322e-02,5.469087976962327957e-03,7.345916330814361572e-02,-1.758593916893005371e-01,-5.363634228706359863e-02,2.759661525487899780e-02,2.011284045875072479e-02,8.259192854166030884e-02,-9.029439836740493774e-02,7.822949439287185669e-03,1.163792461156845093e-01,6.223218888044357300e-02,7.809279859066009521e-02,6.792165338993072510e-02,-4.092848859727382660e-03,-3.942283615469932556e-02,1.606116145849227905e-01,2.310879230499267578e-01,1.306085963733494282e-03,1.655338564887642860e-03,-7.639754563570022583e-02,3.152499347925186157e-02,8.339735865592956543e-02,8.521915413439273834e-03,-1.855738162994384766e-01,4.438718035817146301e-02,-7.543119043111801147e-02,-1.250241249799728394e-01,1.343786418437957764e-01,1.297835558652877808e-01,-2.537736296653747559e-02,5.706124380230903625e-02,1.194587498903274536e-01,6.740044802427291870e-02,-6.489649415016174316e-02,-7.547057420015335083e-02,-4.138349904678761959e-04,1.012384891510009766e-04,-8.063855022192001343e-02,3.352663293480873108e-02,1.767549477517604828e-02,1.212254259735345840e-02,5.262797325849533081e-02,7.646764069795608521e-02,-2.086130715906620026e-02,-5.632413923740386963e-02,1.036213431507349014e-02,3.809526562690734863e-02,-2.367506735026836395e-02,-9.872023016214370728e-02,-1.066461205482482910e-01,-1.572553813457489014e-01,7.694687694311141968e-03,6.289457902312278748e-03,1.114796008914709091e-02,-8.479480631649494171e-03,6.036684382706880569e-03,1.543048769235610962e-01,-2.054256200790405273e-02,5.043425410985946655e-02,1.185231953859329224e-01,4.884301871061325073e-02,6.272138655185699463e-02,3.050122782588005066e-02,-1.605244539678096771e-02,2.323435842990875244e-01,1.349525302648544312e-01,1.618863195180892944e-01,2.046593278646469116e-01,5.328847095370292664e-02,1.028022617101669312e-01,-1.471651438623666763e-02,1.522140111774206161e-02,-9.886090643703937531e-03,1.334555074572563171e-02,5.744214169681072235e-03,5.876413080841302872e-03,2.889626659452915192e-02,-1.045271679759025574e-01,-7.462361454963684082e-02,1.729422993957996368e-02,-8.072332292795181274e-02,-3.305214224383234978e-03,1.506071984767913818e-01,7.797553390264511108e-02,-5.411206185817718506e-02,9.010542929172515869e-02,4.406761005520820618e-02,-5.071410164237022400e-02,3.232559189200401306e-02,9.266217052936553955e-02,3.965681046247482300e-02,-6.810281425714492798e-02,-8.704043924808502197e-02,1.001750454306602478e-01,3.545391932129859924e-02,5.926495045423507690e-02,-2.184149110689759254e-03,-7.898466289043426514e-02,6.127936020493507385e-02,-2.844477631151676178e-02,8.185173384845256805e-03,9.322229027748107910e-02,-6.874050199985504150e-02,2.032128162682056427e-03,-1.681559532880783081e-02,-2.289821580052375793e-02,-4.597995057702064514e-02,-1.442990731447935104e-02,3.559523820877075195e-02,8.141776919364929199e-02,-3.549177572131156921e-02,2.823615260422229767e-02,-1.014872491359710693e-01,4.762830212712287903e-02,1.111637204885482788e-01,9.796199202537536621e-02,-1.137264594435691833e-01,-2.111987769603729248e-01,-3.096662461757659912e-02,1.583322137594223022e-01
3.899345407262444496e-03,5.276884511113166809e-02,1.395206153392791748e-01,-8.283694833517074585e-02,1.154942139983177185e-01,1.195845231413841248e-01,9.080334752798080444e-02,8.861351758241653442e-02,9.808016009628772736e-03,-2.882656268775463104e-02,-1.458889693021774292e-01,-5.240736529231071472e-02,4.468916356563568115e-02,-1.111258044838905334e-01,-6.804849207401275635e-02,-1.326957195997238159e-01,4.810851067304611206e-02,2.511393092572689056e-02,5.995028838515281677e-02,8.245740085840225220e-02,6.256517767906188965e-02,-8.116351813077926636e-02,-9.049502015113830566e-02,1.758088320493698120e-01,2.159345149993896484e-01,2.748273313045501709e-03,6.387577950954437256e-02,1.177092641592025757e-02,-3.632055222988128662e-02,-2.285317890346050262e-02,1.502645108848810196e-02,-1.440727561712265015e-01,1.199363730847835541e-02,-1.523144356906414032e-02,-6.120842881500720978e-03,7.676873356103897095e-02,3.708673175424337387e-03,-9.611671417951583862e-02,7.883414626121520996e-03,6.625682115554809570e-02,1.656252332031726837e-02,5.004358291625976562e-02,1.024117972701787949e-02,-8.029585704207420349e-03,-5.224469676613807678e-02,-1.030690893530845642e-01,9.588062763214111328e-02,8.740883320569992065e-02,-4.031891003251075745e-02,1.112448349595069885e-01,9.052176773548126221e-02,-7.775159180164337158e-02,-1.425977945327758789e-01,-7.999080419540405273e-02,-1.185595169663429260e-01,-1.180410832166671753e-01,-1.273045688867568970e-01,-8.906105160713195801e-02,-1.710760444402694702e-01,-2.548062941059470177e-03,6.736337393522262573e-02,-9.532697498798370361e-03,-4.016017168760299683e-02,-2.925297943875193596e-03,1.818414330482482910e-01,-2.280289866030216217e-02,1.431639492511749268e-01,9.707665443420410156e-02,6.520415097475051880e-02,1.233388036489486694e-01,-2.016777358949184418e-02,-6.508360803127288818e-02,2.399160861968994141e-01,1.886999607086181641e-01,1.659670174121856689e-01,1.143356859683990479e-01,8.968171663582324982e-03,5.291679129004478455e-02,7.966528646647930145e-03,-1.619346253573894501e-02,-6.123746931552886963e-02,-6.226627156138420105e-02,-2.089628204703330994e-02,-2.364218421280384064e-02,9.273999184370040894e-02,8.604951202869415283e-02,2.992308139801025391e-02,-4.315813258290290833e-02,-2.835618890821933746e-02,-1.460570469498634338e-02,1.788549572229385376e-01,7.465320080518722534e-02,-1.175280883908271790e-01,7.036697864532470703e-02,-5.036282166838645935e-02,-2.618605084717273712e-02,3.672339022159576416e-02,3.942444548010826111e-02,1.011679321527481079e-01,-1.359926164150238037e-01,2.202854491770267487e-02,1.568481177091598511e-01,-4.232808202505111694e-02,9.205080568790435791e-03,2.998342504724860191e-03,-5.809958651661872864e-02,9.378270059823989868e-02,1.195244416594505310e-01,1.835872977972030640e-02,6.656815763562917709e-03,-1.906539313495159149e-02,6.076693534851074219e-05,-1.475396845489740372e-02,3.461717069149017334e-02,-5.051718559116125107e-03,9.010618925094604492e-02,9.308868646621704102e-02,3.617256879806518555e-02,-5.662649497389793396e-02,4.134888574481010437e-02,-1.828671991825103760e-01,5.799355357885360718e-02,6.077935919165611267e-02,-1.698550954461097717e-02,-7.110902667045593262e-02,-1.438300609588623047e-01,1.537306047976016998e-02,2.210883647203445435e-01
3.780879825353622437e-02,2.418031543493270874e-02,1.612212061882019043e-01,-1.108438521623611450e-01,1.775677055120468140e-01,1.530705839395523071e-01,3.673764690756797791e-02,1.891509443521499634e-02,-2.805463969707489014e-03,-3.096540644764900208e-02,-1.561956256628036499e-01,-5.764787271618843079e-02,2.480605430901050568e-02,-1.174567416310310364e-01,-3.855107724666595459e-02,-1.068857982754707336e-01,7.519300282001495361e-02,9.856263548135757446e-02,8.538545109331607819e-03,7.305686175823211670e-02,4.986875131726264954e-02,-6.329977512359619141e-02,-1.365982145071029663e-01,1.442046612501144409e-01,2.560617029666900635e-01,-2.395725436508655548e-02,2.024918794631958008e-02,-2.981073781847953796e-02,-1.769581250846385956e-02,4.048011451959609985e-02,-1.890195533633232117e-02,-1.220314279198646545e-01,7.804561406373977661e-02,-2.636685408651828766e-02,5.265306215733289719e-03,1.019650474190711975e-01,6.311357766389846802e-02,-7.662247121334075928e-02,3.167668357491493225e-02,6.906107068061828613e-02,2.633308060467243195e-02,1.172169856727123260e-02,4.797453433275222778e-02,-6.257281452417373657e-02,4.026420414447784424e-03,-1.609279960393905640e-01,1.068698689341545105e-01,1.527127474546432495e-01,-3.748245537281036377e-02,1.228931844234466553e-01,1.603293269872665405e-01,-1.143729537725448608e-01,-6.035487353801727295e-02,-5.397082120180130005e-02,-1.128482222557067871e-01,-9.954821318387985229e-02,-1.239685863256454468e-01,-6.242176517844200134e-02,-1.635144799947738647e-01,-1.863382756710052490e-02,2.791858837008476257e-02,-3.928742185235023499e-02,2.506046742200851440e-02,-1.305717229843139648e-02,1.780975162982940674e-01,-6.357030570507049561e-02,1.256062686443328857e-01,5.655118823051452637e-02,-3.173399716615676880e-02,2.920080162584781647e-02,-1.872740499675273895e-02,-2.511962130665779114e-02,2.513618767261505127e-01,1.598862707614898682e-01,1.694373637437820435e-01,1.606507897377014160e-01,-1.610226370394229889e-02,5.598285049200057983e-02,-4.823523387312889099e-02,-3.639392182230949402e-02,-8.744195848703384399e-02,-3.930598497390747070e-02,3.422961803153157234e-03,1.906437985599040985e-02,1.471257805824279785e-01,3.636567294597625732e-02,-9.173151338472962379e-04,7.876829244196414948e-03,-4.571110755205154419e-02,-2.097501233220100403e-02,1.787960976362228394e-01,1.175587326288223267e-01,-6.911101937294006348e-02,4.583761841058731079e-02,-2.042953670024871826e-02,-3.558750450611114502e-02,8.887678384780883789e-02,4.990534856915473938e-02,8.139201998710632324e-02,-1.614280641078948975e-01,-6.953016668558120728e-02,7.391571998596191406e-02,-3.718511015176773071e-02,-2.198904752731323242e-02,-2.870518714189529419e-02,-1.331906113773584366e-02,3.862981870770454407e-02,4.505180940032005310e-02,3.415269032120704651e-02,5.137341842055320740e-02,-3.275220468640327454e-02,1.372425816953182220e-03,-8.441433310508728027e-02,-1.712169498205184937e-02,5.077049601823091507e-03,1.055516898632049561e-01,9.252510219812393188e-02,3.302999213337898254e-02,-8.206069469451904297e-02,2.390584535896778107e-02,-1.451488733291625977e-01,3.466021642088890076e-02,3.436951711773872375e-02,9.500396437942981720e-03,-5.565728992223739624e-02,-1.815114170312881470e-01,4.359787702560424805e-02,2.034638226032257080e-01
7.927288860082626343e-02,7.072263211011886597e-02,1.271380782127380371e-01,-1.344369798898696899e-01,1.682586967945098877e-01,1.832229495048522949e-01,2.217292785644531250e-05,-3.731043636798858643e-02,-1.486075669527053833e-02,-5.748893599957227707e-03,-1.540948450565338135e-01,-3.182980418205261230e-02,-6.520356982946395874e-03,-5.197592824697494507e-02,-2.151985280215740204e-02,-1.267853081226348877e-01,5.617284029722213745e-02,6.212071701884269714e-02,6.309799104928970337e-02,7.033190131187438965e-02,7.311181724071502686e-02,-2.147916331887245178e-02,-1.056712716817855835e-01,1.850330233573913574e-01,2.368247807025909424e-01,-1.922987028956413269e-02,6.318793445825576782e-02,6.197762489318847656e-02,2.236163057386875153e-02,1.975401490926742554e-02,-5.816780496388673782e-03,-1.279250830411911011e-01,2.254613488912582397e-02,-6.413848698139190674e-02,-6.046913936734199524e-02,1.070974692702293396e-01,2.719327621161937714e-02,-1.048871129751205444e-01,8.530380204319953918e-03,4.219403117895126343e-02,6.276915222406387329e-02,-2.105547674000263214e-02,1.899871788918972015e-02,-5.318263079971075058e-03,-6.245362386107444763e-02,-7.946719229221343994e-02,9.836389869451522827e-02,9.952811896800994873e-02,-1.305413525551557541e-02,1.120084524154663086e-01,1.385909318923950195e-01,-7.218594849109649658e-02,-1.898214668035507202e-01,-5.299572274088859558e-02,-5.229689180850982666e-02,-1.157877743244171143e-01,-1.252385526895523071e-01,-8.867644518613815308e-02,-1.961575001478195190e-01,-1.741254143416881561e-02,8.358450233936309814e-02,-6.425798870623111725e-03,-4.979359731078147888e-02,-6.060857325792312622e-02,1.712618172168731689e-01,-1.536126062273979187e-02,1.237088367342948914e-01,9.669145196676254272e-02,2.967683784663677216e-02,1.585577279329299927e-01,4.163431376218795776e-02,-8.784979581832885742e-02,2.473853975534439087e-01,2.119485288858413696e-01,2.044460773468017578e-01,1.875021010637283325e-01,-8.006639778614044189e-03,7.192765176296234131e-02,-2.624093741178512573e-02,-8.980177342891693115e-02,-3.145669400691986084e-02,-5.537548661231994629e-02,4.466682206839323044e-03,-2.682092972099781036e-02,1.334306597709655762e-01,1.198797579854726791e-02,7.673589047044515610e-03,-1.177125331014394760e-02,-4.462812840938568115e-02,-3.785956650972366333e-02,1.618663519620895386e-01,1.118986755609512329e-01,-3.988708555698394775e-02,9.125097095966339111e-02,-2.444161660969257355e-02,-8.100360631942749023e-03,3.688395768404006958e-02,6.182820349931716919e-02,1.289641559123992920e-01,-1.052829921245574951e-01,-8.399890363216400146e-02,1.077543273568153381e-01,2.335427515208721161e-02,-3.185755014419555664e-02,6.110859569162130356e-03,-5.704166740179061890e-02,5.741847306489944458e-02,4.727026447653770447e-02,2.611752040684223175e-02,4.974288120865821838e-02,-6.087277457118034363e-02,-5.781376734375953674e-02,-4.918726906180381775e-02,1.958795823156833649e-02,-1.342593575827777386e-03,5.211993306875228882e-02,9.993105381727218628e-02,3.388968482613563538e-02,-4.855833575129508972e-02,6.459776312112808228e-02,-9.939637035131454468e-02,4.231243208050727844e-02,8.811379224061965942e-02,1.190841384232044220e-02,-8.032233268022537231e-02,-1.821166723966598511e-01,4.396564885973930359e-02,2.094883322715759277e-01
8.163743466138839722e-02,5.753413960337638855e-02,1.806273311376571655e-01,-1.846446096897125244e-01,-5.670153722167015076e-02,1.331059634685516357e-01,5.294828489422798157e-02,-4.874939471483230591e-02,-8.689899742603302002e-02,1.652975194156169891e-02,-1.436155885457992554e-01,-1.892906427383422852e-02,4.481179267168045044e-02,-8.307200670242309570e-02,1.378419250249862671e-01,-5.694696679711341858e-02,7.400623708963394165e-02,9.946414828300476074e-02,1.159130129963159561e-02,4.997960105538368225e-02,5.643328279256820679e-02,-5.827557295560836792e-02,-1.035508438944816589e-01,1.562946438789367676e-01,2.771922945976257324e-01,4.409955441951751709e-02,5.385197699069976807e-03,-1.304177045822143555e-01,-6.211424618959426880e-02,5.089087411761283875e-02,6.368241459131240845e-02,-1.497070342302322388e-01,6.176728010177612305e-02,-5.371464416384696960e-02,4.202907159924507141e-02,1.868479549884796143e-01,1.339838504791259766e-01,-1.765070483088493347e-02,6.116944551467895508e-02,1.219952329993247986e-01,6.844253838062286377e-02,-2.361555770039558411e-02,-1.015911158174276352e-02,-2.170284278690814972e-02,7.047869265079498291e-02,-9.157082438468933105e-02,1.627015322446823120e-02,6.114429980516433716e-02,-1.019545271992683411e-01,9.972188621759414673e-02,1.287620812654495239e-01,-8.139643073081970215e-02,-5.910271406173706055e-02,-3.125468641519546509e-02,-5.230931565165519714e-02,-8.348500728607177734e-02,-1.717831492424011230e-01,-3.269281610846519470e-02,-1.350197345018386841e-01,3.752541262656450272e-03,3.852631896734237671e-02,1.374098286032676697e-02,-2.961502224206924438e-02,3.550413250923156738e-02,1.115226969122886658e-01,-1.138278096914291382e-01,1.007110327482223511e-01,6.356742233037948608e-02,-6.434722244739532471e-02,-1.486486755311489105e-02,-2.565074153244495392e-02,-7.824201136827468872e-03,2.329079955816268921e-01,1.455572694540023804e-01,1.762990653514862061e-01,2.110238820314407349e-01,-3.626424446702003479e-02,5.693719536066055298e-02,5.831938236951828003e-02,4.671603813767433167e-02,-1.383736431598663330e-01,4.277469217777252197e-02,-3.240978345274925232e-02,1.789724081754684448e-02,1.213835254311561584e-01,-5.731910839676856995e-02,-6.393431872129440308e-02,4.191700369119644165e-02,-7.859830558300018311e-02,2.256364934146404266e-02,1.508395522832870483e-01,1.221473440527915955e-01,1.953186281025409698e-02,5.159424245357513428e-02,-8.097649551928043365e-03,-8.835201710462570190e-02,1.487514972686767578e-01,1.612992882728576660e-01,6.438885629177093506e-02,-1.061809435486793518e-01,1.042931689880788326e-03,1.152827516198158264e-01,-8.087204396724700928e-02,-4.774650186300277710e-02,-1.478413045406341553e-01,-1.216436401009559631e-01,5.005826801061630249e-02,3.442758694291114807e-02,1.847357675433158875e-02,9.288817644119262695e-02,-7.453998923301696777e-02,9.657604992389678955e-02,6.738395243883132935e-02,-3.526487573981285095e-02,-2.094567380845546722e-02,4.937539994716644287e-02,8.048808574676513672e-02,-8.962480351328849792e-03,-6.876162439584732056e-02,9.501081891357898712e-03,-1.375022232532501221e-01,5.261055752635002136e-02,2.066610008478164673e-02,8.229022473096847534e-02,2.168378047645092010e-02,-1.992142796516418457e-01,4.766913130879402161e-02,1.769946664571762085e-01
2.933979779481887817e-02,5.539658479392528534e-03,3.214747086167335510e-02,-4.329350963234901428e-02,1.903560012578964233e-02,4.297483339905738831e-02,2.558225532993674278e-03,1.184062287211418152e-02,1.035262830555438995e-02,-7.661340758204460144e-03,-1.504921540617942810e-02,5.125179421156644821e-03,2.196923829615116119e-02,-1.824536919593811035e-02,1.573264598846435547e-04,-4.821189492940902710e-02,-4.951823968440294266e-03,2.839665859937667847e-02,-2.444887999445199966e-03,3.609670698642730713e-02,-1.789984875358641148e-03,-2.053451724350452423e-02,-1.621977053582668304e-02,5.826648697257041931e-02,7.104363292455673218e-02,-1.848811469972133636e-02,3.248113673180341721e-03,6.409169174730777740e-03,6.891558412462472916e-03,-2.758005633950233459e-02,-2.720649726688861847e-02,-1.945258863270282745e-02,2.165229059755802155e-02,-2.022559568285942078e-02,-1.300827786326408386e-02,1.683615334331989288e-02,3.567232983186841011e-03,-3.069726005196571350e-02,4.589557647705078125e-06,2.185929007828235626e-02,-1.026355847716331482e-02,-6.287610623985528946e-03,-1.109962724149227142e-02,1.084994245320558548e-02,1.829953119158744812e-02,-6.328879296779632568e-02,1.310958713293075562e-02,4.895349498838186264e-03,-2.747046761214733124e-02,1.212182734161615372e-02,6.761000491678714752e-03,-1.960729435086250305e-02,-4.462334141135215759e-02,-1.711448654532432556e-02,-3.109492175281047821e-02,-2.650435455143451691e-02,-3.597762435674667358e-02,-1.779204420745372772e-02,-5.005318298935890198e-02,2.098472602665424347e-02,-4.300030879676342010e-03,-1.438860967755317688e-02,6.995384581387042999e-03,2.416348829865455627e-02,5.299140885472297668e-02,-8.758737705647945404e-03,1.773397810757160187e-02,2.353346720337867737e-02,4.140560980886220932e-03,1.199027057737112045e-02,-3.052412159740924835e-02,-3.492138162255287170e-02,6.088189035654067993e-02,3.414271399378776550e-02,1.966318115592002869e-02,3.771582990884780884e-02,-7.126926211640238762e-04,2.049200795590877533e-02,1.699164696037769318e-02,1.915125176310539246e-02,-2.757124416530132294e-02,-1.031055115163326263e-02,2.730950713157653809e-02,-8.779001422226428986e-03,2.511980012059211731e-02,6.862621754407882690e-03,-7.723713293671607971e-03,-2.093062922358512878e-02,-5.072646215558052063e-02,-2.787451818585395813e-02,2.305200137197971344e-02,2.382003515958786011e-02,-3.422812791541218758e-03,4.776798654347658157e-03,9.686582721769809723e-03,-5.341836251318454742e-03,9.384594857692718506e-03,2.555168606340885162e-02,-6.990318186581134796e-03,-2.024755068123340607e-02,3.074874635785818100e-03,1.324915699660778046e-02,-1.573191396892070770e-02,9.679581038653850555e-03,4.378946032375097275e-03,1.768408226780593395e-03,3.737462684512138367e-02,5.881419405341148376e-03,-5.476538557559251785e-03,-4.487990867346525192e-03,-1.658847555518150330e-02,2.828739117830991745e-03,-2.326667308807373047e-04,1.467950921505689621e-02,-1.612290740013122559e-02,1.126441266387701035e-02,2.368737012147903442e-02,9.792043827474117279e-03,-3.332221135497093201e-02,-1.471518189646303654e-03,-4.910596087574958801e-02,6.455986760556697845e-03,3.069163300096988678e-02,5.371398758143186569e-03,1.028319634497165680e-02,-6.510636955499649048e-02,-2.928381599485874176e-02,8.249245584011077881e-02
4.148261994123458862e-02,1.883340626955032349e-02,1.309317052364349365e-01,-1.282129436731338501e-01,1.091174036264419556e-01,1.879339516162872314e-01,-1.135020237416028976e-02,-1.138573288917541504e-01,-6.831339001655578613e-02,-2.855360507965087891e-04,-9.733345359563827515e-02,-2.331203967332839966e-02,5.357084423303604126e-02,-1.127118617296218872e-01,3.761982545256614685e-02,-1.054251194000244141e-01,2.483947388827800751e-02,6.530234217643737793e-02,2.843721397221088409e-02,1.213783547282218933e-01,7.174276560544967651e-02,-1.044450849294662476e-01,-6.747283786535263062e-02,1.264498531818389893e-01,2.247793823480606079e-01,4.497974738478660583e-02,-3.181559965014457703e-02,2.284719049930572510e-02,7.704671006649732590e-03,6.992314942181110382e-03,1.017198525369167328e-02,-1.646126806735992432e-01,3.960491344332695007e-02,-1.518981903791427612e-02,2.143483608961105347e-02,1.569035947322845459e-01,1.175556853413581848e-01,-8.820096403360366821e-02,4.318187385797500610e-02,8.542823791503906250e-02,9.016948193311691284e-02,-6.221057847142219543e-02,7.840448617935180664e-02,7.924522459506988525e-02,2.619099430739879608e-02,-8.897494524717330933e-02,6.303834915161132812e-02,3.741293027997016907e-02,-6.067983433604240417e-02,6.965558975934982300e-02,8.382419496774673462e-02,-5.220757797360420227e-02,-7.896141707897186279e-02,-1.892480626702308655e-02,-7.448020577430725098e-02,-9.948626160621643066e-02,-1.513913571834564209e-01,-1.197408139705657959e-01,-1.231785342097282410e-01,-6.265528034418821335e-03,-7.012425363063812256e-02,-4.076550528407096863e-02,2.078662440180778503e-02,4.723937436938285828e-02,2.036789059638977051e-01,-6.367810815572738647e-02,7.302191108465194702e-02,1.090648621320724487e-01,3.069666586816310883e-02,7.896435260772705078e-02,-6.116787716746330261e-02,-4.465403780341148376e-02,2.599265873432159424e-01,1.630102246999740601e-01,1.141206771135330200e-01,1.251728385686874390e-01,3.200277686119079590e-02,3.251282498240470886e-02,-5.710301175713539124e-02,5.231796531006693840e-04,-1.007799357175827026e-01,-1.726458594202995300e-02,1.563942804932594299e-02,1.664931327104568481e-02,5.684124305844306946e-02,7.851164788007736206e-02,6.056848540902137756e-02,9.148009866476058960e-02,-5.620126426219940186e-02,-9.218133054673671722e-03,1.740784198045730591e-01,1.091788634657859802e-01,-5.136759579181671143e-02,3.680592030286788940e-02,4.910684749484062195e-02,-1.648690924048423767e-02,1.501542925834655762e-01,8.190560340881347656e-02,3.808140009641647339e-02,-7.170525938272476196e-02,-4.040400683879852295e-02,1.552670449018478394e-01,1.824555569328367710e-03,-4.536147415637969971e-02,5.327162146568298340e-02,-3.189860656857490540e-02,2.445394918322563171e-02,-2.409206330776214600e-02,4.018043354153633118e-02,3.427598252892494202e-02,-5.697094276547431946e-02,-8.718626573681831360e-03,-1.734413392841815948e-02,-1.796910353004932404e-02,3.997009620070457458e-02,1.012269854545593262e-01,1.078143622726202011e-02,-3.995188046246767044e-03,-5.164443701505661011e-02,2.174213156104087830e-02,-1.633438318967819214e-01,2.440381981432437897e-02,4.521160945296287537e-02,2.747013978660106659e-02,3.127753734588623047e-04,-1.507826149463653564e-01,5.571572855114936829e-02,2.102388143539428711e-01
1.045540533959865570e-02,5.530955642461776733e-02,1.815833151340484619e-01,-2.008872479200363159e-01,3.734690137207508087e-03,2.135336250066757202e-01,7.156739383935928345e-02,-6.752638518810272217e-02,-2.509105764329433441e-02,2.951676025986671448e-02,-1.235492900013923645e-01,-5.667340010404586792e-02,6.701438128948211670e-02,-4.262744262814521790e-02,8.561193011701107025e-03,-1.018091440200805664e-01,1.118310242891311646e-01,6.253457814455032349e-02,-7.427256088703870773e-03,7.157572358846664429e-02,7.203551381826400757e-02,-5.744975432753562927e-02,-6.675878912210464478e-02,1.288232207298278809e-01,2.814621329307556152e-01,-1.594744808971881866e-02,1.981082372367382050e-02,-8.183903247117996216e-02,-5.169719457626342773e-02,2.708886377513408661e-02,6.528581492602825165e-03,-1.232720240950584412e-01,5.629306659102439880e-02,-3.326126933097839355e-02,-1.039974018931388855e-02,1.074269413948059082e-01,6.415077298879623413e-02,-9.805567562580108643e-02,5.094613134860992432e-02,1.193098351359367371e-01,5.309247970581054688e-02,8.770439028739929199e-02,4.802518058568239212e-03,7.665405422449111938e-02,8.793609589338302612e-02,-1.172317937016487122e-01,-8.459494262933731079e-02,-8.366866037249565125e-03,-9.929544478654861450e-02,1.369161307811737061e-01,1.513242125511169434e-01,-3.181491792201995850e-02,-7.741646468639373779e-02,-4.382536932826042175e-02,-9.161595255136489868e-02,-1.265749931335449219e-01,-1.799969077110290527e-01,-7.061678916215896606e-02,-1.828898787498474121e-01,2.358700381591916084e-03,2.530764415860176086e-02,9.834924712777137756e-03,2.579185180366039276e-02,3.680659225210547447e-03,1.329417824745178223e-01,-8.266311883926391602e-02,1.221810057759284973e-01,3.503851220011711121e-02,-1.057654619216918945e-01,-1.901260204613208771e-02,3.233740851283073425e-02,-8.099686354398727417e-02,2.571545839309692383e-01,1.817421764135360718e-01,9.951291233301162720e-02,1.691695451736450195e-01,-2.090691588819026947e-02,4.541138187050819397e-02,-3.732061386108398438e-02,-6.577306427061557770e-03,-1.750830858945846558e-01,1.256435457617044449e-02,4.753145948052406311e-02,5.760774761438369751e-02,8.393643796443939209e-02,-7.831058651208877563e-02,-9.050325304269790649e-02,-3.086265549063682556e-02,-9.770686924457550049e-02,-5.480002239346504211e-02,2.158723324537277222e-01,1.884111016988754272e-01,-1.866031438112258911e-02,9.295379370450973511e-02,5.420792475342750549e-02,3.842347115278244019e-02,2.218829654157161713e-02,3.820992633700370789e-02,7.526480406522750854e-02,-1.858206093311309814e-01,-6.412936747074127197e-02,1.171357929706573486e-01,-1.109734252095222473e-01,6.442962912842631340e-04,-7.568963617086410522e-02,6.282902322709560394e-03,9.442429244518280029e-02,5.363372340798377991e-02,-9.115204215049743652e-03,2.670439518988132477e-02,-1.097927391529083252e-01,-8.651312673464417458e-04,2.666198648512363434e-02,-6.139785423874855042e-02,-5.250620841979980469e-02,9.112820029258728027e-03,8.642563223838806152e-02,7.574734091758728027e-02,-2.097924426198005676e-02,-2.351005375385284424e-02,-1.847608387470245361e-01,4.874654114246368408e-02,1.406511515378952026e-01,9.197810292243957520e-02,-7.931491732597351074e-02,-2.276450991630554199e-01,7.385851442813873291e-02,1.905158162117004395e-01
1.348380837589502335e-02,4.349519312381744385e-02,1.240552961826324463e-01,-9.398887306451797485e-02,3.912342712283134460e-02,1.109162196516990662e-01,3.712037950754165649e-02,-5.058143287897109985e-02,4.184732586145401001e-02,3.991487622261047363e-02,-1.169660389423370361e-01,-2.861150540411472321e-02,2.818534895777702332e-02,-7.405947148799896240e-02,2.952316030859947205e-02,-9.292675554752349854e-02,4.416864737868309021e-02,7.978482544422149658e-02,8.018203079700469971e-02,5.857714638113975525e-02,7.246396504342556000e-03,-6.401386111974716187e-02,-5.628546327352523804e-02,1.423878967761993408e-01,2.028324753046035767e-01,2.731107641011476517e-03,-5.621817335486412048e-02,2.107751742005348206e-02,3.263663873076438904e-02,2.417974919080734253e-02,-5.345052480697631836e-02,-1.533763110637664795e-01,2.804479189217090607e-02,-3.161770850419998169e-02,-4.601031914353370667e-02,9.478871524333953857e-02,5.378976836800575256e-02,-1.004734188318252563e-01,1.728162914514541626e-02,3.362370654940605164e-02,5.579612776637077332e-02,-2.568710595369338989e-02,1.185328699648380280e-02,-5.083710327744483948e-02,-2.455628663301467896e-02,-1.346653997898101807e-01,2.975410781800746918e-02,7.371760904788970947e-02,-4.260185733437538147e-02,2.809750102460384369e-02,7.238031178712844849e-02,-8.837445080280303955e-02,-6.455460935831069946e-02,-6.197411566972732544e-02,-4.714603349566459656e-02,-7.260324805974960327e-02,-1.202790588140487671e-01,-4.816613718867301941e-02,-1.248751804232597351e-01,-3.878833726048469543e-02,-1.829646155238151550e-02,-4.290974885225296021e-02,-4.992652218788862228e-03,8.880978822708129883e-02,2.032039761543273926e-01,-5.884439125657081604e-02,1.137836277484893799e-01,7.315699011087417603e-02,-5.295872688293457031e-05,7.566139847040176392e-02,-7.853643968701362610e-03,5.135014187544584274e-03,1.929306536912918091e-01,1.226753816008567810e-01,1.524966657161712646e-01,1.031338348984718323e-01,-4.010083898901939392e-02,-6.431593745946884155e-02,-1.027125492691993713e-01,7.521844003349542618e-03,-2.596214972436428070e-02,6.071074865758419037e-03,3.227048367261886597e-02,1.755313389003276825e-02,7.750157266855239868e-02,-4.331359639763832092e-02,-3.660901635885238647e-02,2.829939872026443481e-02,-7.859221100807189941e-02,-1.770166563801467419e-03,1.032501086592674255e-01,3.677210956811904907e-02,-7.685385644435882568e-02,1.336232665926218033e-02,-6.724405102431774139e-03,8.353634737432003021e-03,8.288643509149551392e-02,3.859830647706985474e-02,-1.129508018493652344e-04,-3.200608491897583008e-02,-5.566596984863281250e-02,6.775084137916564941e-02,-1.928803860209882259e-03,1.880027726292610168e-02,2.055784501135349274e-02,3.343595564365386963e-02,3.165780752897262573e-02,5.607913061976432800e-02,2.185663953423500061e-02,3.276598826050758362e-02,-7.407760620117187500e-02,-1.020497456192970276e-02,-8.236221969127655029e-03,-2.510570921003818512e-02,-1.886957138776779175e-02,3.035005927085876465e-02,6.406416743993759155e-02,1.784051768481731415e-02,-8.219309896230697632e-02,1.247236970812082291e-02,-7.072354108095169067e-02,3.722198680043220520e-02,9.556800872087478638e-02,2.934929914772510529e-02,-3.524940088391304016e-02,-1.397240906953811646e-01,2.296452037990093231e-02,1.544900685548782349e-01
7.695070654153823853e-02,4.802282154560089111e-02,1.453235149383544922e-01,-1.649758368730545044e-01,2.308554388582706451e-02,1.555239707231521606e-01,-2.330286242067813873e-02,-8.677981048822402954e-02,4.899351671338081360e-02,2.797335013747215271e-02,-1.302144825458526611e-01,-2.635815739631652832e-02,3.444488346576690674e-02,-7.662530988454818726e-02,-2.402573078870773315e-02,-9.252304583787918091e-02,5.215093120932579041e-02,-4.289957694709300995e-03,6.541870534420013428e-02,8.307123929262161255e-02,5.633886903524398804e-02,-7.049212604761123657e-02,-4.465760663151741028e-02,1.504353731870651245e-01,2.409631013870239258e-01,-3.067588433623313904e-02,-2.087533846497535706e-02,5.215321853756904602e-02,-5.759085062891244888e-03,3.732385858893394470e-02,-5.658473446965217590e-02,-1.137847080826759338e-01,5.392322316765785217e-02,-9.855233877897262573e-02,4.206066019833087921e-03,1.698675900697708130e-01,6.807349622249603271e-02,-1.579224467277526855e-01,6.820793449878692627e-02,9.245248138904571533e-02,8.040067553520202637e-02,-7.881478220224380493e-02,2.972430177032947540e-02,-2.518430724740028381e-02,-3.495677560567855835e-02,-1.451765000820159912e-01,-1.714448817074298859e-02,3.446029871702194214e-02,-4.742402955889701843e-02,6.921895593404769897e-02,1.245107874274253845e-01,-8.842144161462783813e-02,-7.871823012828826904e-02,-5.109951272606849670e-02,-6.432449072599411011e-02,-6.905920058488845825e-02,-1.429810225963592529e-01,-2.238525263965129852e-02,-1.488770991563796997e-01,1.551923714578151703e-02,4.902904480695724487e-02,1.706905104219913483e-02,9.060759097337722778e-03,3.883312456309795380e-03,1.894615590572357178e-01,-7.165903598070144653e-02,1.248604208230972290e-01,1.009725257754325867e-01,-3.470772504806518555e-02,1.194210946559906006e-01,1.023936085402965546e-02,-8.029431849718093872e-02,2.482606917619705200e-01,1.795692145824432373e-01,1.661884188652038574e-01,1.271275430917739868e-01,-9.962862730026245117e-02,3.279855847358703613e-02,4.743029922246932983e-02,-2.042018435895442963e-02,-2.806963026523590088e-02,8.356495760381221771e-03,6.445156037807464600e-02,-5.495730787515640259e-03,8.945386856794357300e-02,1.880286820232868195e-02,-1.879566162824630737e-02,-1.897151954472064972e-02,-8.660115301609039307e-02,-2.766936644911766052e-02,1.570914685726165771e-01,8.764959871768951416e-02,-3.985506668686866760e-02,5.074257776141166687e-02,4.064015671610832214e-02,3.436444699764251709e-02,1.049284711480140686e-01,2.016362734138965607e-03,4.201309755444526672e-02,-1.148571744561195374e-01,-9.509317576885223389e-02,6.917452067136764526e-02,-5.560693144798278809e-02,-4.280244559049606323e-02,2.117320150136947632e-02,-3.931913524866104126e-02,2.828328870236873627e-02,8.769525587558746338e-02,4.212599620223045349e-02,7.230616360902786255e-02,-9.816735237836837769e-02,-3.173444420099258423e-02,-6.843987852334976196e-02,-2.943687140941619873e-02,1.797676086425781250e-04,8.013183623552322388e-02,7.061900105327367783e-03,2.576939761638641357e-02,-3.283720090985298157e-02,-5.681334063410758972e-03,-1.489647775888442993e-01,6.307133287191390991e-02,7.773301005363464355e-02,4.302844032645225525e-02,4.756324924528598785e-03,-1.544783860445022583e-01,2.013869769871234894e-02,1.894428133964538574e-01
8.472990244626998901e-02,5.195105075836181641e-02,1.331132799386978149e-01,-2.110861837863922119e-01,1.323041021823883057e-01,1.689798384904861450e-01,6.042803451418876648e-02,9.809417650103569031e-03,4.367646202445030212e-02,1.230374258011579514e-02,-1.331011652946472168e-01,-2.531969919800758362e-03,3.935151174664497375e-02,-1.052308827638626099e-01,9.176233783364295959e-03,-9.536300599575042725e-02,1.054836958646774292e-01,7.142198830842971802e-02,2.959212288260459900e-02,9.994374215602874756e-02,8.040934801101684570e-02,-6.212032586336135864e-02,-1.565590202808380127e-01,1.630109101533889771e-01,2.480764836072921753e-01,-4.060882702469825745e-02,-1.221447484567761421e-03,-1.377954240888357162e-02,-2.513373456895351410e-02,-5.766008421778678894e-02,5.351167544722557068e-02,-7.491639256477355957e-02,-7.760874927043914795e-03,-6.485728546977043152e-03,-8.235327154397964478e-02,7.176719605922698975e-02,6.514572352170944214e-02,-7.509524375200271606e-02,2.752538025379180908e-02,9.385601431131362915e-02,4.635939002037048340e-02,2.868738025426864624e-02,-4.214575141668319702e-02,4.202261567115783691e-02,-5.494347959756851196e-02,-1.219830736517906189e-01,2.132390253245830536e-02,3.521219128742814064e-03,-7.747739553451538086e-02,1.071789935231208801e-01,6.804452091455459595e-02,-4.678452014923095703e-02,-8.672887086868286133e-02,-8.982536196708679199e-02,-1.115231812000274658e-01,-1.489509046077728271e-01,-1.102866381406784058e-01,-6.782545149326324463e-02,-1.788401752710342407e-01,1.897792518138885498e-02,2.151827514171600342e-02,4.871517419815063477e-02,3.201721981167793274e-02,2.637808397412300110e-02,1.744669079780578613e-01,-4.490994289517402649e-02,7.951329648494720459e-02,1.052515879273414612e-01,2.851535379886627197e-02,1.270687580108642578e-01,3.942677285522222519e-03,-7.020346820354461670e-02,2.587802410125732422e-01,1.891917586326599121e-01,1.331159025430679321e-01,2.008836716413497925e-01,-8.180316537618637085e-03,4.626726359128952026e-02,6.390528380870819092e-02,4.539606347680091858e-02,-8.090395480394363403e-02,-7.233349978923797607e-02,-2.030846662819385529e-03,5.240737227723002434e-04,1.121287271380424500e-01,3.188294544816017151e-02,1.331894542090594769e-03,1.276241894811391830e-02,-1.143827214837074280e-01,7.527357898652553558e-03,1.800843328237533569e-01,1.152133196592330933e-01,-7.358586043119430542e-02,5.973561108112335205e-02,2.956217154860496521e-02,-4.267069976776838303e-03,1.015553027391433716e-01,6.298171728849411011e-02,9.611854702234268188e-02,-1.340710222721099854e-01,-4.832760989665985107e-02,1.125727668404579163e-01,-6.335424631834030151e-02,-1.842546463012695312e-02,1.121542323380708694e-02,-3.437582403421401978e-02,1.221765875816345215e-01,5.179694294929504395e-02,1.234709518030285835e-03,3.139860928058624268e-02,-6.386809796094894409e-02,-3.907662257552146912e-02,-1.436608191579580307e-02,-1.069605350494384766e-04,-1.174178253859281540e-02,8.621361851692199707e-02,7.224014401435852051e-02,-2.086640149354934692e-02,-6.638499349355697632e-02,2.752892673015594482e-02,-1.916446983814239502e-01,6.542395055294036865e-02,5.785404518246650696e-02,3.973432257771492004e-02,-6.996087729930877686e-02,-2.046735137701034546e-01,1.011870428919792175e-02,1.699285954236984253e-01
3.668252751231193542e-02,5.682740360498428345e-02,1.396300792694091797e-01,-1.396650075912475586e-01,1.563777476549148560e-01,1.827663928270339966e-01,-2.499509230256080627e-02,-3.697052970528602600e-02,-2.216392941772937775e-02,2.204027026891708374e-03,-1.337039768695831299e-01,-6.578409112989902496e-03,3.102039918303489685e-02,-3.099845536053180695e-02,3.985682129859924316e-02,-1.023325622081756592e-01,5.847501009702682495e-02,5.682998523116111755e-02,5.703766271471977234e-02,8.097569644451141357e-02,3.484735637903213501e-02,-5.369226261973381042e-02,-8.319906145334243774e-02,1.682385355234146118e-01,1.971642225980758667e-01,-2.177060954272747040e-02,5.066314712166786194e-02,1.609281450510025024e-02,2.371084131300449371e-02,-2.693057991564273834e-02,1.309662126004695892e-03,-1.117849946022033691e-01,2.073282562196254730e-02,-7.336324453353881836e-02,-4.847987368702888489e-02,8.756960183382034302e-02,7.179941050708293915e-03,-1.053403988480567932e-01,3.447804227471351624e-02,8.397014439105987549e-02,4.614559933543205261e-02,1.222252147272229195e-03,1.960811205208301544e-03,-3.831635229289531708e-03,-4.394232481718063354e-02,-8.130864799022674561e-02,9.777175635099411011e-02,1.005755290389060974e-01,-2.821739017963409424e-02,1.245985105633735657e-01,1.507993489503860474e-01,-4.390669241547584534e-02,-1.418761909008026123e-01,-4.740668833255767822e-02,-7.864903658628463745e-02,-9.792298823595046997e-02,-8.635481446981430054e-02,-8.123292028903961182e-02,-1.684607714414596558e-01,7.441173773258924484e-03,3.570277988910675049e-02,1.709643006324768066e-02,-7.819075137376785278e-03,2.921527251601219177e-02,2.099298387765884399e-01,-2.515866607427597046e-02,1.262507885694503784e-01,1.109609976410865784e-01,5.381779000163078308e-02,1.393576413393020630e-01,-2.250419184565544128e-02,-8.541125059127807617e-02,1.915056854486465454e-01,1.534673720598220825e-01,1.539084911346435547e-01,1.610394120216369629e-01,-1.374184153974056244e-03,5.673132836818695068e-02,-3.544409573078155518e-02,-1.042194105684757233e-02,-7.029726356267929077e-02,-5.762628093361854553e-02,-4.748933948576450348e-03,-3.835288807749748230e-02,1.349412649869918823e-01,9.732356294989585876e-03,5.263517610728740692e-03,-9.161394089460372925e-03,-3.426446393132209778e-02,-3.490206599235534668e-02,1.396766752004623413e-01,1.017725691199302673e-01,-7.633919268846511841e-02,9.337898343801498413e-02,-2.777749300003051758e-02,-1.904951408505439758e-02,4.250407591462135315e-02,4.850687086582183838e-02,9.093568474054336548e-02,-1.163338720798492432e-01,-6.674379855394363403e-02,9.595628082752227783e-02,-2.824282087385654449e-02,-2.918058075010776520e-02,2.235865220427513123e-02,-1.409776881337165833e-02,6.576731801033020020e-02,6.246593967080116272e-02,5.685129016637802124e-02,3.049599006772041321e-02,-7.557801902294158936e-02,-5.845229327678680420e-02,-2.723961323499679565e-02,1.417506020516157150e-02,-2.445561438798904419e-02,8.332595229148864746e-02,9.164842963218688965e-02,2.291981130838394165e-02,-5.899802222847938538e-02,7.706737518310546875e-02,-1.330001503229141235e-01,1.784966327250003815e-02,4.506536945700645447e-02,2.285270206630229950e-02,-7.443927973508834839e-02,-1.694026738405227661e-01,-1.210569636896252632e-03,1.960391253232955933e-01
5.173788592219352722e-02,1.000168267637491226e-02,1.374634951353073120e-01,-1.440326124429702759e-01,3.961262106895446777e-02,1.382979005575180054e-01,-1.018523587845265865e-03,-8.959832042455673218e-02,6.270360201597213745e-02,2.026426233351230621e-02,-1.086093410849571228e-01,-8.318500593304634094e-03,4.332228004932403564e-02,-6.233148649334907532e-02,-2.649083547294139862e-02,-9.519500285387039185e-02,4.214211553335189819e-02,1.854734495282173157e-02,8.952666074037551880e-02,9.174884110689163208e-02,5.907814949750900269e-02,-3.955504298210144043e-02,-4.821204394102096558e-02,1.886328458786010742e-01,2.382666021585464478e-01,-1.766885071992874146e-02,4.461645614355802536e-03,9.178324788808822632e-02,5.490336939692497253e-02,1.655194722115993500e-02,-9.222664684057235718e-02,-1.379883289337158203e-01,5.968797486275434494e-03,-1.370793879032135010e-01,-5.327358469367027283e-02,1.153713837265968323e-01,4.725057631731033325e-02,-1.312985718250274658e-01,6.251958757638931274e-02,9.119523316621780396e-02,8.697611093521118164e-02,-3.418168425559997559e-02,5.581012368202209473e-02,-4.001467302441596985e-02,-7.302120327949523926e-02,-1.658628880977630615e-01,3.404182940721511841e-02,7.970806956291198730e-02,-5.029697716236114502e-02,1.857358962297439575e-02,1.200478151440620422e-01,-1.183226108551025391e-01,-9.002746641635894775e-02,-4.509091749787330627e-02,-1.071433126926422119e-01,-9.058794379234313965e-02,-1.539936661720275879e-01,-5.894263461232185364e-02,-1.295319795608520508e-01,-3.273117588832974434e-03,2.009868621826171875e-04,1.593698933720588684e-02,1.958036422729492188e-02,9.707801043987274170e-03,2.122022807598114014e-01,-5.249164998531341553e-02,1.409206837415695190e-01,1.219271570444107056e-01,-1.324817351996898651e-02,9.792320430278778076e-02,-2.032276801764965057e-02,-6.663879752159118652e-02,2.320213764905929565e-01,1.544272899627685547e-01,1.633503288030624390e-01,1.356999725103378296e-01,-5.636154115200042725e-02,3.584874048829078674e-02,3.216730058193206787e-02,2.733225934207439423e-02,-1.425845827907323837e-02,-1.411704719066619873e-02,6.342874467372894287e-02,1.330404425971210003e-03,7.735354453325271606e-02,4.863566532731056213e-02,-4.767801985144615173e-02,-8.414128795266151428e-03,-7.055039703845977783e-02,-5.154668167233467102e-02,1.424156129360198975e-01,7.990975677967071533e-02,-5.255799274891614914e-03,3.612438216805458069e-02,7.182109355926513672e-02,4.749280586838722229e-02,1.137382611632347107e-01,-1.208028942346572876e-02,4.097555950284004211e-02,-1.324863880872726440e-01,-7.109162211418151855e-02,8.927275985479354858e-02,-6.679592770524322987e-04,-2.058682776987552643e-02,1.442591473460197449e-02,-3.513102233409881592e-02,6.777996569871902466e-02,9.749685227870941162e-02,5.172103270888328552e-02,6.563638895750045776e-02,-3.923977911472320557e-02,-3.995067253708839417e-02,-2.984599582850933075e-02,-6.414444185793399811e-03,-8.790952153503894806e-03,5.501898378133773804e-02,-4.237404093146324158e-02,-6.780698895454406738e-03,-6.247048452496528625e-02,2.008355595171451569e-02,-1.572377830743789673e-01,1.343946997076272964e-02,8.766005933284759521e-02,4.409670084714889526e-02,-2.378199808299541473e-02,-1.605164110660552979e-01,2.012368291616439819e-02,2.102457582950592041e-01
3.100318834185600281e-02,7.007294893264770508e-02,1.182409450411796570e-01,-1.315008550882339478e-01,1.121507883071899414e-01,1.431133896112442017e-01,-3.958119824528694153e-02,-2.592072077095508575e-02,-2.805463969707489014e-03,-1.438062358647584915e-02,-1.069591119885444641e-01,-2.610572613775730133e-02,4.067294299602508545e-02,-3.304216265678405762e-02,3.511712187901139259e-03,-8.916076272726058960e-02,6.593164801597595215e-02,6.348782032728195190e-02,9.911746717989444733e-03,5.495715141296386719e-02,5.559466406702995300e-02,-4.586227238178253174e-02,-7.797478884458541870e-02,1.487684994935989380e-01,2.014585286378860474e-01,9.337867610156536102e-03,5.726437270641326904e-02,2.481436543166637421e-02,5.188884586095809937e-02,1.166079193353652954e-02,-4.434615373611450195e-03,-9.311321377754211426e-02,-2.735071349889039993e-03,-7.766970992088317871e-02,-3.886790946125984192e-02,7.875733077526092529e-02,3.678553551435470581e-02,-7.888183742761611938e-02,4.812620207667350769e-02,8.403989672660827637e-02,3.854724019765853882e-02,-3.993995953351259232e-03,-4.431306442711502314e-04,1.889572851359844208e-02,-5.135460756719112396e-03,-1.139972880482673645e-01,5.814438313245773315e-02,9.177204221487045288e-02,-2.540009096264839172e-02,1.101993247866630554e-01,8.848332613706588745e-02,-7.453506439924240112e-02,-1.420750916004180908e-01,-3.514578565955162048e-02,-4.767977446317672729e-02,-8.507272601127624512e-02,-8.044150471687316895e-02,-6.323293596506118774e-02,-1.569664031267166138e-01,6.023512221872806549e-03,2.028308995068073273e-02,3.312247805297374725e-03,-1.094905380159616470e-02,1.974371261894702911e-03,1.751065105199813843e-01,-2.667533047497272491e-02,1.291051506996154785e-01,8.799351751804351807e-02,4.186940193176269531e-02,9.587629139423370361e-02,4.413009621202945709e-03,-6.353575736284255981e-02,1.864835470914840698e-01,1.741543561220169067e-01,1.234287545084953308e-01,1.521743834018707275e-01,-1.462656166404485703e-02,5.007170140743255615e-02,3.229537233710289001e-02,-2.024731040000915527e-02,-7.567497342824935913e-02,-3.941989317536354065e-02,1.590198092162609100e-02,-2.527488209307193756e-02,1.525720506906509399e-01,-2.051976276561617851e-03,6.950445007532835007e-03,1.386526599526405334e-02,-4.219974577426910400e-02,-4.591074306517839432e-03,1.249261125922203064e-01,9.341481328010559082e-02,2.034946158528327942e-02,1.098580956459045410e-01,1.371503155678510666e-02,1.841887831687927246e-02,3.676353767514228821e-02,4.205611348152160645e-02,1.294409185647964478e-01,-1.138939559459686279e-01,-5.754017084836959839e-02,7.851609587669372559e-02,-1.551259122788906097e-02,-1.304412260651588440e-02,-6.580048240721225739e-03,8.209996856749057770e-03,8.530827611684799194e-02,8.891186118125915527e-02,1.780208572745323181e-02,2.037767320871353149e-02,-6.883770227432250977e-02,-5.012788996100425720e-02,-6.237809732556343079e-02,-1.023900322616100311e-02,-3.986402228474617004e-02,6.212525814771652222e-02,5.558174103498458862e-02,2.987207844853401184e-02,-3.364213556051254272e-02,3.937520086765289307e-02,-1.426455825567245483e-01,4.568540677428245544e-02,6.395221501588821411e-02,1.492109335958957672e-02,-6.188906729221343994e-02,-1.613570004701614380e-01,2.230610512197017670e-02,1.722075492143630981e-01
4.935134202241897583e-03,4.809780791401863098e-02,1.532059758901596069e-01,-1.244845688343048096e-01,1.117070019245147705e-01,1.577220857143402100e-01,3.539286926388740540e-02,-3.138520941138267517e-02,1.764760911464691162e-02,6.406517326831817627e-02,-6.124331802129745483e-02,2.958974102512001991e-03,4.675053060054779053e-02,-7.412710040807723999e-02,2.773768082261085510e-02,-9.885516017675399780e-02,5.279719084501266479e-02,5.592696741223335266e-02,5.112136155366897583e-02,5.585572496056556702e-02,3.693612664937973022e-02,-3.603184968233108521e-02,-3.759182244539260864e-02,1.950313299894332886e-01,2.078139036893844604e-01,4.900615289807319641e-02,4.316744208335876465e-02,9.275199845433235168e-03,2.347822301089763641e-03,-3.011344000697135925e-02,-2.077057212591171265e-02,-1.162330359220504761e-01,3.543495759367942810e-02,-7.937135547399520874e-02,-4.213703423738479614e-02,1.328185349702835083e-01,7.862073183059692383e-02,-1.210461407899856567e-01,3.167695179581642151e-02,8.564689755439758301e-02,5.921516939997673035e-02,-4.875959083437919617e-02,-7.861005142331123352e-03,3.018502146005630493e-02,-5.022090673446655273e-02,-1.507778465747833252e-01,5.373081192374229431e-02,1.120660379528999329e-01,1.013402268290519714e-02,1.052674278616905212e-01,1.135991141200065613e-01,-6.280928850173950195e-02,-8.994393050670623779e-02,-1.644871011376380920e-02,-4.543208330869674683e-02,-1.025411412119865417e-01,-1.221609339118003845e-01,-5.227302014827728271e-02,-1.575407832860946655e-01,8.910181000828742981e-03,4.114913195371627808e-02,-3.272589296102523804e-02,-4.941764846444129944e-02,-3.618224291130900383e-03,1.575941741466522217e-01,-7.906738668680191040e-02,8.689261227846145630e-02,9.509279578924179077e-02,4.361280426383018494e-02,1.263829469680786133e-01,1.101907994598150253e-02,-7.967125624418258667e-02,2.077053189277648926e-01,1.551731079816818237e-01,1.887830793857574463e-01,1.281979382038116455e-01,-8.014976233243942261e-02,1.239382289350032806e-02,-5.837880540639162064e-03,-3.019695915281772614e-02,-6.950303167104721069e-02,-2.931669540703296661e-02,4.247222095727920532e-03,-2.732716500759124756e-02,8.416941016912460327e-02,-5.968189612030982971e-02,-2.024936676025390625e-02,2.490097656846046448e-02,-5.930640920996665955e-02,-7.339831441640853882e-02,1.394287496805191040e-01,6.029960513114929199e-02,-8.940996974706649780e-02,7.578464597463607788e-02,2.863327600061893463e-02,7.824052125215530396e-03,7.723335921764373779e-02,7.514334749430418015e-03,-3.281164448708295822e-03,-1.104717254638671875e-01,-5.086887627840042114e-02,8.097255975008010864e-02,-8.299268782138824463e-02,7.026377599686384201e-03,8.576288819313049316e-02,1.122248545289039612e-02,5.783515051007270813e-02,-3.451482160016894341e-03,-2.987435320392251015e-03,5.536290816962718964e-03,-8.803524821996688843e-02,-4.039858654141426086e-02,-2.286253124475479126e-02,2.090337127447128296e-02,2.132816240191459656e-02,5.779341980814933777e-02,4.109204187989234924e-02,4.468187317252159119e-02,-5.139430984854698181e-02,3.273803368210792542e-02,-1.112046241760253906e-01,5.130285397171974182e-02,1.020894348621368408e-01,6.198908388614654541e-02,-3.897583857178688049e-02,-1.914053261280059814e-01,-5.472731962800025940e-02,1.624124348163604736e-01
6.112586334347724915e-02,9.201370924711227417e-02,1.463488638401031494e-01,-1.559114605188369751e-01,1.295877099037170410e-01,1.493377685546875000e-01,-1.464139949530363083e-02,-4.145670309662818909e-02,-3.816403821110725403e-02,-1.466809655539691448e-03,-1.135719045996665955e-01,2.275403123348951340e-03,3.476567566394805908e-02,-1.084065809845924377e-01,-2.230738662183284760e-02,-7.646426558494567871e-02,8.154095709323883057e-02,1.114946529269218445e-01,5.249750241637229919e-02,7.992098480463027954e-02,5.449648201465606689e-02,-2.054178714752197266e-02,-1.131008937954902649e-01,1.081930473446846008e-01,2.236685901880264282e-01,-3.249540179967880249e-02,2.234596386551856995e-02,-7.172222435474395752e-02,-2.336615882813930511e-02,-1.941955089569091797e-02,2.330611087381839752e-02,-1.159904226660728455e-01,1.486358698457479477e-02,2.140778861939907074e-02,-8.612717501819133759e-03,8.722352236509323120e-02,4.121788963675498962e-02,-8.961232751607894897e-02,4.249229654669761658e-02,1.155422776937484741e-01,4.457714781165122986e-02,-1.009903755038976669e-02,-5.210117250680923462e-02,-3.313960134983062744e-02,-3.662642836570739746e-02,-8.575330674648284912e-02,7.931151241064071655e-02,1.049407646059989929e-01,-7.612844556570053101e-02,1.230273768305778503e-01,9.339620918035507202e-02,-6.366982311010360718e-02,-6.999476999044418335e-02,-7.436130195856094360e-02,-1.056060045957565308e-01,-8.604897558689117432e-02,-1.146376132965087891e-01,-7.305399328470230103e-02,-1.340259909629821777e-01,-1.125672459602355957e-02,2.559999190270900726e-02,-1.365341152995824814e-02,-4.439265001565217972e-03,7.631964236497879028e-02,1.964715123176574707e-01,-4.065363481640815735e-02,1.013914942741394043e-01,8.847188204526901245e-02,3.641451522707939148e-02,8.917958289384841919e-02,-1.591717824339866638e-02,-5.129667371511459351e-02,2.466832250356674194e-01,1.817066073417663574e-01,1.079933196306228638e-01,1.364424824714660645e-01,-5.559433624148368835e-02,3.042988479137420654e-02,2.761903777718544006e-02,6.272856891155242920e-02,-8.273454010486602783e-02,-2.927970886230468750e-02,4.265009483788162470e-04,-1.391341723501682281e-02,9.528379887342453003e-02,1.923925429582595825e-02,7.804413326084613800e-03,-1.995119638741016388e-02,-7.985959202051162720e-02,-1.763610052876174450e-03,1.600859910249710083e-01,9.806367009878158569e-02,-4.760246723890304565e-02,6.172147020697593689e-02,-3.759033605456352234e-02,-1.885247230529785156e-02,6.673056632280349731e-02,7.622639834880828857e-02,1.485659182071685791e-01,-1.167624518275260925e-01,-2.130474895238876343e-02,9.963835030794143677e-02,-1.900005899369716644e-02,-1.245964597910642624e-02,-4.232843965291976929e-02,-4.511144012212753296e-02,1.273510605096817017e-01,8.222965896129608154e-02,1.401535235345363617e-02,9.532995522022247314e-03,-3.458014503121376038e-02,6.956456927582621574e-04,-3.254726901650428772e-02,-6.324276328086853027e-02,-6.208241730928421021e-02,1.036007627844810486e-01,3.335135057568550110e-02,1.385623775422573090e-02,-8.807644248008728027e-02,2.203647047281265259e-02,-1.593652069568634033e-01,9.556726366281509399e-02,1.014483571052551270e-01,2.491548284888267517e-02,-6.544959545135498047e-02,-1.572887897491455078e-01,3.004373237490653992e-02,2.063323259353637695e-01
