5.334385670721530914e-03,1.837243326008319855e-02,-1.074730884283781052e-03,-7.553346455097198486e-02,3.324956819415092468e-02,-7.489153183996677399e-03,-4.036618769168853760e-02,-6.738612055778503418e-02,-2.708031982183456421e-02,-6.210180371999740601e-02,-3.430274501442909241e-02,-1.189296692609786987e-01,-9.373105317354202271e-02,3.718924941495060921e-03,2.746391668915748596e-02,-3.187613189220428467e-02,-4.646416753530502319e-03,8.717516064643859863e-02,4.111161455512046814e-02,4.833344370126724243e-02,7.421140372753143311e-02,-5.255361646413803101e-02,-2.889865078032016754e-02,1.766176819801330566e-01,5.020768195390701294e-02,-1.465051202103495598e-03,8.137940429151058197e-03,5.080856382846832275e-02,2.876471355557441711e-02,1.135991699993610382e-02,-1.213482115417718887e-02,-1.766080595552921295e-02,9.336648881435394287e-02,-4.546371754258871078e-03,-9.016391122713685036e-04,6.263075768947601318e-02,1.335278991609811783e-02,-6.039306987076997757e-03,-7.316763699054718018e-02,4.591761901974678040e-02,4.430267587304115295e-02,-3.620290011167526245e-02,1.520266011357307434e-02,4.110391065478324890e-02,-1.732913660816848278e-03,-5.620434880256652832e-02,7.963166385889053345e-02,1.103436127305030823e-01,-4.243687540292739868e-02,-7.309006899595260620e-02,6.353291682898998260e-03,-1.733638718724250793e-02,-2.447570208460092545e-03,6.520304828882217407e-02,-6.201260164380073547e-02,-4.514106363058090210e-02,-2.181862853467464447e-02,-4.779449477791786194e-02,-1.060199663043022156e-01,-8.161094971001148224e-03,-9.610652178525924683e-02,4.241574928164482117e-02,4.524578899145126343e-02,-2.220150083303451538e-03,1.288813948631286621e-01,3.476380184292793274e-02,4.491591826081275940e-02,6.147745624184608459e-02,1.009422540664672852e-01,9.903397411108016968e-02,3.122074343264102936e-02,-3.513218462467193604e-02,1.151368916034698486e-01,1.097185164690017700e-01,4.070766642689704895e-02,2.969386801123619080e-02,1.864753477275371552e-02,8.773846179246902466e-02,-7.895784080028533936e-02,-3.387587144970893860e-03,4.285798594355583191e-02,2.135023660957813263e-02,-6.815963983535766602e-02,-1.689432305283844471e-03,4.852800816297531128e-02,-1.220496371388435364e-02,-5.390078201889991760e-02,-1.842498779296875000e-02,-1.245815530419349670e-01,-9.802821278572082520e-02,2.510177902877330780e-02,1.805562153458595276e-02,-6.156945973634719849e-02,1.886487007141113281e-05,-1.682262495160102844e-02,-2.944013802334666252e-03,6.406176090240478516e-02,4.247521981596946716e-02,-5.747422948479652405e-02,-4.153847112320363522e-04,-4.801660403609275818e-02,7.291276939213275909e-03,2.191836200654506683e-02,5.844884738326072693e-02,5.770728737115859985e-02,6.120266392827033997e-02,8.980306982994079590e-02,1.035932824015617371e-01,3.040609695017337799e-02,5.712080001831054688e-02,-1.110040210187435150e-02,1.524321269243955612e-02,-1.418051216751337051e-02,-2.418031543493270874e-02,1.268178503960371017e-02,-1.611948385834693909e-02,-2.955272980034351349e-02,3.887772560119628906e-02,-2.907597459852695465e-02,2.029713941738009453e-03,-1.091049090027809143e-01,1.043800264596939087e-02,-2.445087581872940063e-02,1.594512141309678555e-03,-7.001910824328660965e-03,-5.129783228039741516e-02,-1.515033934265375137e-02,8.149101585149765015e-02
6.411791779100894928e-03,-5.414849612861871719e-03,-1.198535319417715073e-02,-2.563751861453056335e-02,6.701814942061901093e-03,1.671855710446834564e-02,9.379259310662746429e-03,-2.016711793839931488e-02,-7.902218960225582123e-03,-8.324459195137023926e-03,-1.621279865503311157e-02,-5.999701097607612610e-03,-1.729577779769897461e-02,-1.788464840501546860e-03,-3.359811380505561829e-03,-2.615990117192268372e-02,9.974683634936809540e-03,1.380880177021026611e-02,2.251527458429336548e-02,2.489984594285488129e-02,8.547185920178890228e-03,7.325410842895507812e-05,-9.670550934970378876e-03,2.766466327011585236e-02,2.255909144878387451e-02,-6.669719237834215164e-03,9.953672997653484344e-04,-2.364005194976925850e-03,-4.882773384451866150e-03,-8.493725210428237915e-03,-2.354349009692668915e-03,-3.293523564934730530e-02,-5.456184502691030502e-03,-9.662326425313949585e-03,-1.300067920237779617e-02,1.741841062903404236e-02,2.434636000543832779e-03,-3.997632302343845367e-03,-1.296054199337959290e-02,-1.426543481647968292e-02,-6.684828549623489380e-03,-1.016846951097249985e-02,-1.705293171107769012e-02,-1.596070826053619385e-02,-5.147500429302453995e-03,-9.936839342117309570e-03,2.390843629837036133e-02,2.130313962697982788e-02,-1.009882893413305283e-02,-1.577806659042835236e-02,6.522237090393900871e-04,-1.601784024387598038e-03,-2.062436193227767944e-02,-1.019662804901599884e-02,-1.626949757337570190e-02,-1.961354911327362061e-02,-8.278060704469680786e-03,-2.096667513251304626e-02,-3.603566065430641174e-02,-1.099193282425403595e-02,-2.093485742807388306e-02,-2.976021030917763710e-03,3.304051933810114861e-03,1.752046635374426842e-03,3.412161394953727722e-02,7.740430999547243118e-03,6.951040588319301605e-03,-8.482430130243301392e-03,1.961526460945606232e-03,-3.049671649932861328e-04,-5.362845957279205322e-03,-1.130353938788175583e-02,2.910736016929149628e-02,2.315533347427845001e-02,1.531746238470077515e-02,8.582470007240772247e-03,-1.148640527389943600e-03,-3.323571989312767982e-03,-2.582559362053871155e-02,-1.026033773086965084e-03,-1.728055998682975769e-03,-5.037085618823766708e-03,-9.467764757573604584e-03,-4.107243381440639496e-03,1.332967425696551800e-03,-1.422106660902500153e-02,-1.506682392209768295e-02,-2.321159839630126953e-02,-4.053521528840065002e-02,-1.941693015396595001e-02,1.196017395704984665e-02,7.668552454560995102e-03,-2.486023306846618652e-02,6.545062176883220673e-03,-2.021245658397674561e-02,-1.103261020034551620e-02,-6.380203180015087128e-03,-1.676557702012360096e-03,-1.075952663086354733e-03,-8.955417200922966003e-03,-1.467131357640028000e-02,1.043025497347116470e-02,9.238426573574542999e-03,4.959482699632644653e-03,2.718769479542970657e-03,-1.847175532020628452e-03,1.707018353044986725e-02,4.228565841913223267e-03,-9.119436144828796387e-03,-7.392152678221464157e-03,2.290512667968869209e-03,-9.585234336555004120e-03,-2.414221642538905144e-03,-7.422266062349081039e-04,-1.844271458685398102e-02,-1.435780059546232224e-02,1.187667902559041977e-02,-1.876769238151609898e-03,-1.597891189157962799e-02,8.043144829571247101e-03,-1.173472031950950623e-02,1.233330275863409042e-02,3.077705623582005501e-03,-8.670439943671226501e-03,-8.290725760161876678e-03,-1.764614880084991455e-02,-5.108103156089782715e-03,6.233057379722595215e-02
7.431995589286088943e-03,7.245836313813924789e-04,2.939424244686961174e-03,-2.662023343145847321e-02,3.654062747955322266e-04,1.450296770781278610e-02,7.343129720538854599e-03,-1.325282081961631775e-02,-1.747445017099380493e-02,-1.344700809568166733e-02,-2.485091052949428558e-02,-6.206014659255743027e-03,-2.105520665645599365e-02,5.999879911541938782e-03,-4.856249783188104630e-03,-2.334763109683990479e-02,-9.205586276948451996e-03,2.824596595019102097e-03,1.102316286414861679e-02,2.474044263362884521e-02,3.807883476838469505e-03,-1.786617329344153404e-03,-1.809122227132320404e-02,3.666136413812637329e-02,2.878332324326038361e-02,8.438385091722011566e-03,4.858075408264994621e-04,-1.990972831845283508e-02,8.191761444322764874e-04,-1.106005348265171051e-02,-6.152850110083818436e-03,-2.790670469403266907e-02,8.269895799458026886e-03,9.932513348758220673e-04,-1.353288441896438599e-02,1.780768483877182007e-02,6.133538205176591873e-03,-1.521982252597808838e-02,2.279307227581739426e-03,1.742569613270461559e-03,-7.829534821212291718e-03,-8.800487034022808075e-03,-1.511345338076353073e-02,-5.593211390078067780e-03,-7.593991700559854507e-03,-2.424890920519828796e-02,1.386860385537147522e-02,1.129778753966093063e-02,1.252591609954833984e-04,-7.794131990522146225e-03,-6.679077632725238800e-03,-5.025344435125589371e-03,-1.257171481847763062e-02,-3.077198984101414680e-03,-1.617785170674324036e-02,-1.820049993693828583e-02,-1.127499155700206757e-02,-1.819338090717792511e-02,-2.992641739547252655e-02,-6.392778828740119934e-03,-9.314891882240772247e-03,1.082714647054672241e-02,8.615251863375306129e-04,5.943376570940017700e-03,1.972020044922828674e-02,-1.006825454533100128e-02,5.337306298315525055e-03,2.673778124153614044e-02,3.378833085298538208e-02,1.571501791477203369e-02,5.266069783829152584e-04,-2.164490334689617157e-02,1.367131993174552917e-02,1.943406881764531136e-03,6.052121520042419434e-03,-8.776080794632434845e-03,-6.832999642938375473e-03,1.664309180341660976e-03,-2.841583266854286194e-02,-2.343680011108517647e-03,-5.433236714452505112e-03,9.700649417936801910e-03,-3.106404794380068779e-03,-2.151098102331161499e-03,-7.655857596546411514e-03,-1.473799813538789749e-02,3.516480559483170509e-03,-1.440887060016393661e-02,-1.268023718148469925e-02,-1.606615073978900909e-02,8.607054129242897034e-03,1.072305906563997269e-02,-1.675445772707462311e-02,3.546476364135742188e-04,-4.736655857414007187e-03,-5.774198798462748528e-04,-2.162840217351913452e-03,6.487844511866569519e-03,-3.566309111192822456e-03,-1.416186243295669556e-02,-1.554964575916528702e-03,4.328521899878978729e-03,2.765230834484100342e-03,1.658862456679344177e-02,7.973113097250461578e-03,-9.163301438093185425e-03,1.380329020321369171e-02,9.179720655083656311e-03,-1.262293662875890732e-02,-1.158796437084674835e-02,2.585405018180608749e-03,-1.795885735191404819e-03,3.021171083673834801e-03,-3.509536618366837502e-03,-2.879561856389045715e-02,-6.208995357155799866e-03,-2.781204879283905029e-03,9.219920262694358826e-03,-3.082146169617772102e-03,2.036628313362598419e-03,-2.246100082993507385e-02,9.757535532116889954e-03,-3.859351156279444695e-03,-6.232329178601503372e-03,-1.141242124140262604e-02,-1.530289277434349060e-02,-8.181896060705184937e-03,5.747274681925773621e-02
3.834988176822662354e-02,3.013380430638790131e-02,-4.265490453690290451e-03,-5.971826985478401184e-02,-8.430399931967258453e-03,1.075624953955411911e-03,1.978185959160327911e-03,-2.451938390731811523e-02,-2.761058509349822998e-03,-3.909334540367126465e-02,-1.853170245885848999e-02,-4.426576197147369385e-02,-3.850881755352020264e-02,-1.099974289536476135e-02,5.699214525520801544e-03,-4.554592445492744446e-02,-7.621228694915771484e-03,3.437040373682975769e-02,3.843647614121437073e-02,2.386036142706871033e-02,2.421963028609752655e-02,-2.468525059521198273e-02,-1.732840389013290405e-02,6.685084849596023560e-02,2.760784327983856201e-02,-3.842743113636970520e-02,1.668292284011840820e-02,-5.174262914806604385e-03,-1.598595059476792812e-03,3.277825191617012024e-02,1.219355128705501556e-02,-3.254920244216918945e-02,2.653875015676021576e-02,8.609767071902751923e-03,-2.291492559015750885e-02,7.870194967836141586e-04,2.838209643959999084e-02,-1.012487243860960007e-02,-3.654076531529426575e-02,8.446342311799526215e-03,-7.491209544241428375e-03,-7.502235937863588333e-03,2.223189920186996460e-03,-4.038412868976593018e-02,-1.130285393446683884e-02,-4.379812255501747131e-02,-2.780968509614467621e-02,2.355997636914253235e-02,-3.701234981417655945e-02,1.072076428681612015e-02,4.778696596622467041e-02,-1.379205472767353058e-02,6.347894668579101562e-05,3.560795681551098824e-03,-2.284656465053558350e-02,-3.388126567006111145e-02,-1.290431432425975800e-02,-2.104513905942440033e-02,-3.887924179434776306e-02,-4.178916569799184799e-03,-3.079932741820812225e-02,3.109774924814701080e-02,6.348345428705215454e-03,-2.244664542376995087e-02,3.688862919807434082e-02,-6.862829905003309250e-03,-4.344078898429870605e-02,1.647051982581615448e-02,2.694659866392612457e-03,3.294091671705245972e-02,1.138828601688146591e-02,-3.723724931478500366e-02,5.707966536283493042e-02,6.823731213808059692e-02,8.152094669640064240e-03,-9.084421209990978241e-03,1.542566809803247452e-03,3.266188129782676697e-02,-2.750955522060394287e-03,3.967775404453277588e-02,2.640393190085887909e-02,-1.751510309986770153e-03,-8.474175818264484406e-03,-1.433738972991704941e-02,7.763943634927272797e-03,1.222012937068939209e-02,-2.507357485592365265e-02,2.331832051277160645e-02,-5.148913338780403137e-02,-3.899731487035751343e-02,2.992656640708446503e-02,1.916838064789772034e-02,-5.623787175863981247e-03,-1.458913646638393402e-02,-2.153239399194717407e-02,-9.992117993533611298e-04,4.522832110524177551e-02,1.442108862102031708e-02,-1.925137825310230255e-02,1.270919223316013813e-03,5.558046046644449234e-03,6.762699224054813385e-03,9.032926522195339203e-03,-1.245690323412418365e-02,6.315683480352163315e-03,2.061712555587291718e-02,3.326305747032165527e-02,3.047175332903862000e-02,6.883600726723670959e-03,-1.764477603137493134e-02,4.906167741864919662e-03,4.383624531328678131e-03,3.997154999524354935e-03,-4.224168881773948669e-02,1.730900816619396210e-02,1.506756898015737534e-02,2.644247002899646759e-02,2.090471051633358002e-02,-1.769730448722839355e-02,1.077204477041959763e-03,-4.199608042836189270e-02,-9.061654098331928253e-03,-2.204689197242259979e-02,-2.472260221838951111e-02,-2.051015011966228485e-02,-3.472989797592163086e-02,-8.159426040947437286e-03,5.126775428652763367e-02
1.583899557590484619e-02,8.669675141572952271e-02,6.712134182453155518e-02,-3.987633809447288513e-02,-4.424483515322208405e-03,3.706630319356918335e-02,2.858384326100349426e-02,-7.856839895248413086e-02,-3.058879449963569641e-02,5.187157541513442993e-02,-1.252344250679016113e-02,-4.617295786738395691e-02,-1.199804712086915970e-02,4.848489910364151001e-02,3.460401669144630432e-02,-5.965706333518028259e-02,-2.628453820943832397e-02,4.785738885402679443e-03,1.868012733757495880e-02,2.743282727897167206e-02,2.871828712522983551e-02,-3.424594923853874207e-02,3.204423701390624046e-03,1.236290484666824341e-01,5.454366654157638550e-02,-3.497466677799820900e-03,-1.727342605590820312e-04,6.485281139612197876e-02,1.661183312535285950e-02,-1.541248057037591934e-02,-3.288134932518005371e-02,-9.570877999067306519e-02,-3.831461817026138306e-02,7.485577370971441269e-03,-2.063806541264057159e-02,6.000654771924018860e-02,5.324948206543922424e-02,-2.739977091550827026e-02,-3.790938854217529297e-02,1.064978353679180145e-02,2.526377141475677490e-02,-1.687429100275039673e-02,8.321986533701419830e-03,-7.406486198306083679e-03,3.296926245093345642e-02,-7.005114853382110596e-02,1.520915701985359192e-02,4.893937334418296814e-02,-4.297855310142040253e-03,-5.506637971848249435e-03,4.029549285769462585e-02,4.335589334368705750e-02,-7.164325099438428879e-03,3.022753633558750153e-02,2.807650715112686157e-02,-1.729405298829078674e-02,-7.851617410778999329e-03,-2.284984290599822998e-02,-6.024417281150817871e-02,1.598814874887466431e-02,-1.620484329760074615e-02,-7.912683486938476562e-02,-4.636522009968757629e-02,6.184349767863750458e-03,1.118757501244544983e-01,-1.789986528456211090e-02,3.392163291573524475e-02,2.521230280399322510e-02,-6.472317501902580261e-03,7.412008196115493774e-02,3.346489369869232178e-02,-5.891854688525199890e-02,1.000475585460662842e-01,1.022710427641868591e-01,4.692082852125167847e-02,6.780725717544555664e-02,-1.234173076227307320e-03,-1.839575939811766148e-03,5.849264096468687057e-03,9.730001911520957947e-03,-3.828096017241477966e-02,-2.160963416099548340e-02,2.334313467144966125e-02,-2.323962561786174774e-02,1.840630732476711273e-02,-3.021232411265373230e-02,3.190604969859123230e-02,5.510336160659790039e-02,-8.481033146381378174e-02,-5.146371573209762573e-02,5.227926746010780334e-02,5.571255832910537720e-02,-2.555293776094913483e-02,-1.636633090674877167e-02,-4.585859365761280060e-03,-8.819886483252048492e-03,5.364424735307693481e-02,2.454562485218048096e-02,-2.877114340662956238e-02,-4.618491977453231812e-03,-4.780939221382141113e-02,5.896300449967384338e-02,2.331179939210414886e-02,3.264449536800384521e-02,4.946527630090713501e-02,-2.747856825590133667e-02,2.547791227698326111e-02,2.432430628687143326e-03,2.219136804342269897e-03,-7.009956985712051392e-03,1.783890835940837860e-02,5.354947969317436218e-02,7.277800142765045166e-02,-1.967447251081466675e-02,6.399364676326513290e-03,-4.766559228301048279e-02,4.942189529538154602e-02,4.764879494905471802e-02,1.403360511176288128e-03,-1.118827704340219498e-02,-3.605057299137115479e-02,1.833120174705982208e-02,1.354456413537263870e-02,3.556809574365615845e-02,9.952692314982414246e-03,-3.013198822736740112e-02,-1.396434009075164795e-02,6.809931248426437378e-02
7.016066461801528931e-02,3.979376703500747681e-02,8.900528401136398315e-02,-1.579427421092987061e-01,5.799429863691329956e-02,1.325015723705291748e-01,1.207140926271677017e-02,-3.761033341288566589e-02,7.838425785303115845e-02,5.659791454672813416e-02,-4.401621222496032715e-02,-1.424356270581483841e-02,7.460447400808334351e-02,-7.415872812271118164e-02,2.925448864698410034e-02,-1.438668668270111084e-01,6.494715064764022827e-02,1.120287030935287476e-01,1.491998583078384399e-01,1.228254139423370361e-01,7.874120771884918213e-02,-7.325010001659393311e-02,-4.698473960161209106e-02,1.721508651971817017e-01,2.457826435565948486e-01,-5.634455941617488861e-03,3.819040581583976746e-02,4.177009221166372299e-03,-6.836337037384510040e-03,2.685005404055118561e-02,-3.880392760038375854e-02,-1.244336962699890137e-01,4.648550972342491150e-02,-4.780017212033271790e-02,-1.094574574381113052e-02,1.633649915456771851e-01,6.684957444667816162e-02,-9.014485776424407959e-02,2.495405077934265137e-02,7.623875886201858521e-02,7.687403261661529541e-02,-7.420301437377929688e-02,8.196199312806129456e-03,1.944420044310390949e-03,-3.714213520288467407e-02,-1.229780688881874084e-01,4.066348075866699219e-02,9.769763797521591187e-02,7.579449098557233810e-03,1.363651156425476074e-01,9.123744070529937744e-02,-8.195782452821731567e-02,-8.766642957925796509e-02,-4.072605445981025696e-02,-1.002641580998897552e-02,-7.289747148752212524e-02,-1.586326062679290771e-01,-8.341233432292938232e-02,-1.321324706077575684e-01,1.542238867841660976e-03,7.599564269185066223e-03,2.089187130331993103e-02,-3.205526620149612427e-03,5.682874098420143127e-02,2.261346876621246338e-01,-5.197937041521072388e-02,7.487229257822036743e-02,6.648463755846023560e-02,-3.379806131124496460e-02,1.346215307712554932e-01,-1.755391061305999756e-02,-7.088628411293029785e-02,2.385402321815490723e-01,1.646339595317840576e-01,1.146096810698509216e-01,8.337761461734771729e-02,-3.295673057436943054e-02,1.416460238397121429e-02,-3.746316954493522644e-02,4.506929591298103333e-02,-5.713518336415290833e-02,-2.154046669602394104e-02,1.578128337860107422e-02,-4.243916273117065430e-02,4.693885520100593567e-02,5.454904586076736450e-02,1.245988346636295319e-02,8.253565058112144470e-03,-6.782454997301101685e-02,-3.207702934741973877e-02,1.834675073623657227e-01,1.185759007930755615e-01,3.556311130523681641e-04,6.788089126348495483e-02,-1.013572048395872116e-02,4.401335492730140686e-02,9.387749433517456055e-02,-6.242342293262481689e-03,9.770886041224002838e-03,-1.321990489959716797e-01,-6.367143243551254272e-02,8.312959969043731689e-02,-6.103685125708580017e-02,-4.072275012731552124e-02,2.949308604001998901e-02,2.421161904931068420e-02,8.871973305940628052e-02,9.403433650732040405e-02,8.569667488336563110e-02,4.530021175742149353e-02,-5.657995119690895081e-02,-8.168842643499374390e-03,-4.493278637528419495e-02,5.128979682922363281e-05,-5.407339893281459808e-03,1.106406673789024353e-01,6.007389631122350693e-03,5.670694634318351746e-03,-1.203049719333648682e-02,6.220962852239608765e-02,-9.588205069303512573e-02,-3.292805701494216919e-02,5.992955341935157776e-02,7.293549925088882446e-02,-1.657885313034057617e-02,-1.321326345205307007e-01,1.171278953552246094e-02,2.191097885370254517e-01
6.572031229734420776e-02,2.210444398224353790e-02,8.241318166255950928e-02,-1.242678910493850708e-01,6.641650199890136719e-02,1.090681627392768860e-01,-4.434943199157714844e-03,-5.186893045902252197e-02,7.471884787082672119e-02,4.275246709585189819e-02,-4.543247073888778687e-02,-3.802402317523956299e-02,4.898239672183990479e-02,-6.923945248126983643e-02,8.321748115122318268e-03,-1.203095167875289917e-01,6.404080986976623535e-02,1.051529124379158020e-01,1.320200115442276001e-01,1.065218672156333923e-01,6.770212948322296143e-02,-1.164333596825599670e-01,-4.747897759079933167e-02,1.498397439718246460e-01,2.393369525671005249e-01,4.700118675827980042e-03,6.108253821730613708e-02,4.647528007626533508e-02,9.675676934421062469e-03,3.693716973066329956e-02,-5.107935890555381775e-02,-1.111475899815559387e-01,3.097535111010074615e-02,-4.516566172242164612e-02,-5.710777826607227325e-03,1.471194326877593994e-01,6.626779586076736450e-02,-9.790732711553573608e-02,1.447081845253705978e-02,6.500760465860366821e-02,9.302183240652084351e-02,-5.827453359961509705e-02,4.843872413039207458e-02,5.557240918278694153e-03,-1.944788359105587006e-02,-1.265346705913543701e-01,3.597666695713996887e-02,1.134466826915740967e-01,-2.218782901763916016e-04,1.125486344099044800e-01,7.300177961587905884e-02,-1.191066205501556396e-01,-1.101388633251190186e-01,-3.103010542690753937e-02,2.436164766550064087e-02,-6.337416917085647583e-02,-1.597651690244674683e-01,-6.924638897180557251e-02,-1.434519141912460327e-01,-6.845962256193161011e-03,9.264649823307991028e-03,2.268548589199781418e-03,-9.478194639086723328e-03,5.749683454632759094e-02,2.223182469606399536e-01,-6.398755311965942383e-02,9.015259891748428345e-02,3.660463541746139526e-02,-2.735912054777145386e-02,1.129161715507507324e-01,-2.660641632974147797e-02,-9.276799112558364868e-02,2.582274973392486572e-01,1.850589960813522339e-01,1.150211468338966370e-01,6.411720812320709229e-02,-2.586916647851467133e-02,-4.083033651113510132e-02,-6.750721484422683716e-02,2.936936542391777039e-02,-4.448883980512619019e-02,3.780406201258301735e-03,4.188868030905723572e-02,-5.140570178627967834e-02,4.357824102044105530e-02,6.979690492153167725e-02,1.433160901069641113e-02,-3.074695542454719543e-02,-1.010321751236915588e-01,-3.895679954439401627e-03,1.996210068464279175e-01,1.434380263090133667e-01,-2.026771754026412964e-02,4.645345360040664673e-02,-4.856845829635858536e-03,4.567824304103851318e-02,1.138889342546463013e-01,9.443568065762519836e-03,3.716391744092106819e-03,-9.820176661014556885e-02,-7.020340859889984131e-02,7.148843258619308472e-02,-1.159399049356579781e-03,-2.460313774645328522e-02,2.627780474722385406e-02,8.397380821406841278e-03,5.950418487191200256e-02,1.087621971964836121e-01,1.063031256198883057e-01,5.743413791060447693e-02,-2.204728126525878906e-02,-7.602782454341650009e-03,-5.902863666415214539e-02,3.438697196543216705e-03,1.428429409861564636e-02,1.038281917572021484e-01,-5.209219641983509064e-03,-1.543711964040994644e-02,-6.194101274013519287e-02,3.990431129932403564e-02,-8.442749828100204468e-02,1.548455376178026199e-02,8.051689714193344116e-02,7.693040370941162109e-02,-4.668916575610637665e-03,-1.623510420322418213e-01,-1.195606216788291931e-02,2.063051164150238037e-01
7.750184088945388794e-02,1.217883080244064331e-02,7.298684865236282349e-02,-1.478219926357269287e-01,6.035836786031723022e-02,1.318130046129226685e-01,-1.971066743135452271e-02,-2.214352600276470184e-02,5.611347407102584839e-02,2.498585917055606842e-02,-2.246680855751037598e-02,6.597572006285190582e-03,7.139426469802856445e-02,-9.438049793243408203e-02,-1.940426602959632874e-02,-1.748688668012619019e-01,3.219784423708915710e-02,8.597703278064727783e-02,1.094047427177429199e-01,1.303651332855224609e-01,7.509082555770874023e-02,-1.175049096345901489e-01,-4.379344731569290161e-02,1.404310762882232666e-01,2.389121800661087036e-01,4.131739959120750427e-03,3.637889027595520020e-02,-7.890953682363033295e-03,-7.235042750835418701e-03,4.296085238456726074e-02,-4.685969650745391846e-02,-9.092861413955688477e-02,4.549248516559600830e-02,-6.806943565607070923e-02,-3.038128605112433434e-03,1.195355057716369629e-01,5.114575847983360291e-02,-6.514539569616317749e-02,2.229121327400207520e-02,5.804336443543434143e-02,3.924790397286415100e-02,-6.365842372179031372e-02,1.246250607073307037e-02,1.096490677446126938e-02,-3.665987774729728699e-02,-1.371117383241653442e-01,2.383450791239738464e-02,1.139606535434722900e-01,-6.254196912050247192e-02,1.368759274482727051e-01,1.144690960645675659e-01,-8.243905007839202881e-02,-1.128308773040771484e-01,-5.708105489611625671e-02,7.714564446359872818e-03,-3.260103613138198853e-02,-1.358970552682876587e-01,-9.759669005870819092e-02,-1.312842220067977905e-01,7.019165437668561935e-03,1.623234525322914124e-02,3.296628221869468689e-02,-1.720055937767028809e-02,7.933270931243896484e-02,2.281336486339569092e-01,-7.745726406574249268e-02,1.042459160089492798e-01,3.869251534342765808e-02,-5.244748294353485107e-02,1.451123207807540894e-01,-5.783702060580253601e-02,-1.046491637825965881e-01,2.556557357311248779e-01,1.720465272665023804e-01,1.056180223822593689e-01,5.415654554963111877e-02,-4.362809658050537109e-02,7.229648530483245850e-03,-4.334988538175821304e-03,6.138135120272636414e-02,-8.227284997701644897e-02,-9.470983408391475677e-03,3.088016249239444733e-02,-5.019373819231987000e-02,8.351428434252738953e-03,1.002040505409240723e-01,5.471621174365282059e-03,-5.598590895533561707e-02,-9.506257623434066772e-02,3.825079416856169701e-03,2.239759117364883423e-01,1.661251187324523926e-01,2.073622308671474457e-02,4.406522959470748901e-02,-4.362086579203605652e-02,3.050524741411209106e-02,1.384198069572448730e-01,2.670213207602500916e-02,2.459595911204814911e-02,-1.399420797824859619e-01,-5.645699054002761841e-02,6.850963830947875977e-02,-8.040342479944229126e-02,-7.589580956846475601e-03,1.673065125942230225e-02,1.454650191590189934e-03,8.562201261520385742e-02,8.439542353153228760e-02,9.477512538433074951e-02,8.946827054023742676e-02,-5.231076478958129883e-02,6.196598056703805923e-03,-9.422489255666732788e-02,-5.726154893636703491e-03,-1.745633594691753387e-02,1.103902384638786316e-01,1.937131956219673157e-02,-1.119131688028573990e-02,-5.985956266522407532e-02,7.010556757450103760e-02,-5.495569482445716858e-02,2.166825905442237854e-02,8.353462070226669312e-02,1.212180033326148987e-01,2.798251807689666748e-03,-1.241557002067565918e-01,2.115809917449951172e-02,2.206378281116485596e-01
7.826184481382369995e-02,4.107436910271644592e-02,1.108635365962982178e-01,-1.263405829668045044e-01,4.072164744138717651e-02,1.116988211870193481e-01,-8.673330768942832947e-03,-2.102014608681201935e-02,5.272126942873001099e-02,3.564456105232238770e-02,-4.094857349991798401e-02,-2.894438616931438446e-02,9.465024620294570923e-02,-7.826103270053863525e-02,1.331149484030902386e-03,-1.468876451253890991e-01,3.425091877579689026e-02,7.328546047210693359e-02,9.281065315008163452e-02,1.098439991474151611e-01,6.110465899109840393e-02,-1.216481551527976990e-01,-3.317270800471305847e-02,1.419196277856826782e-01,2.495426535606384277e-01,7.634550798684358597e-03,6.325344741344451904e-02,-1.564532704651355743e-02,5.344151286408305168e-04,1.420488674193620682e-02,-5.831147730350494385e-02,-1.199472844600677490e-01,4.863094538450241089e-02,-6.318805366754531860e-02,-2.110745990648865700e-03,1.444858908653259277e-01,6.498516350984573364e-02,-9.380593895912170410e-02,3.547981381416320801e-02,8.686478435993194580e-02,6.150017306208610535e-02,-6.785593926906585693e-02,1.537836529314517975e-02,-7.200890686362981796e-03,-2.604014612734317780e-02,-1.405999511480331421e-01,1.937060430645942688e-02,1.006360128521919250e-01,-1.441003289073705673e-02,1.364239305257797241e-01,1.019139289855957031e-01,-7.228817045688629150e-02,-9.253685921430587769e-02,-2.397006377577781677e-02,5.366332828998565674e-03,-4.456355422735214233e-02,-1.766038984060287476e-01,-9.182358533143997192e-02,-1.206598058342933655e-01,-5.886068567633628845e-03,-8.429535664618015289e-03,3.773879492655396461e-03,-4.539799690246582031e-02,8.266474306583404541e-02,2.256418913602828979e-01,-5.337656289339065552e-02,7.118584960699081421e-02,7.801706343889236450e-02,-3.951704129576683044e-02,1.020396798849105835e-01,-3.002193570137023926e-02,-8.937724679708480835e-02,2.588506639003753662e-01,1.643552482128143311e-01,8.954758942127227783e-02,7.442268729209899902e-02,-3.722552582621574402e-02,2.989646606147289276e-02,-2.339780330657958984e-04,4.286450520157814026e-02,-1.052670255303382874e-01,-1.766613870859146118e-02,4.432293027639389038e-02,-5.419024080038070679e-02,2.374259196221828461e-02,8.317352831363677979e-02,2.292177639901638031e-02,-3.682505711913108826e-02,-1.302417963743209839e-01,-5.831287801265716553e-02,2.312016636133193970e-01,1.483065485954284668e-01,1.653356477618217468e-02,6.577534973621368408e-02,-1.408141013234853745e-02,2.261223085224628448e-02,1.172805577516555786e-01,1.560701150447130203e-02,3.507342934608459473e-02,-1.170756891369819641e-01,-3.764425963163375854e-02,8.241264522075653076e-02,-8.696339279413223267e-02,-2.863342314958572388e-02,1.018295157700777054e-02,-1.716868020594120026e-02,5.592031031847000122e-02,5.085184425115585327e-02,7.318133115768432617e-02,6.797190010547637939e-02,-1.892003975808620453e-02,2.585645020008087158e-02,-4.198459535837173462e-02,-2.132452838122844696e-02,9.344454854726791382e-03,1.157197728753089905e-01,-1.622879877686500549e-02,-2.471935562789440155e-02,-4.864015802741050720e-02,4.471738636493682861e-02,-7.383127510547637939e-02,1.563096791505813599e-02,7.844734936952590942e-02,8.841091394424438477e-02,-1.493655703961849213e-02,-1.390296816825866699e-01,-6.524112075567245483e-03,2.227613031864166260e-01
9.813138097524642944e-02,2.322092093527317047e-02,8.878424018621444702e-02,-1.560146361589431763e-01,7.520233839750289917e-02,1.296340078115463257e-01,-7.110534934327006340e-04,-6.660173833370208740e-02,6.113533303141593933e-02,3.850634768605232239e-02,-5.619701743125915527e-02,-8.083077147603034973e-03,7.370823621749877930e-02,-1.010039001703262329e-01,-3.020196221768856049e-02,-1.768603771924972534e-01,9.224709356203675270e-04,6.551416218280792236e-02,1.442688256502151489e-01,1.250553727149963379e-01,3.641332685947418213e-02,-1.341246962547302246e-01,-7.057877629995346069e-02,1.244091168045997620e-01,2.558233141899108887e-01,1.524854544550180435e-02,5.695056915283203125e-02,5.116983316838741302e-03,-2.553998120129108429e-02,2.521456591784954071e-02,-6.243283674120903015e-02,-7.110116630792617798e-02,5.545796826481819153e-02,-7.770487666130065918e-02,-3.897199872881174088e-03,1.334156692028045654e-01,8.252642303705215454e-02,-8.558455854654312134e-02,5.307292938232421875e-02,7.136681675910949707e-02,5.220112949609756470e-02,-1.719370856881141663e-02,4.817820712924003601e-02,1.832589879631996155e-02,-1.780390739440917969e-04,-1.219970509409904480e-01,2.418627217411994934e-02,9.742663055658340454e-02,-4.314046725630760193e-02,1.158573627471923828e-01,1.151634976267814636e-01,-7.911672443151473999e-02,-7.532623410224914551e-02,-2.993356250226497650e-02,2.187075838446617126e-02,-4.041774943470954895e-02,-1.594524532556533813e-01,-7.221545279026031494e-02,-1.361250579357147217e-01,1.409261371009051800e-03,1.554879266768693924e-02,1.673977077007293701e-02,-3.022149391472339630e-02,7.792007923126220703e-02,2.424704283475875854e-01,-3.109545446932315826e-02,9.519328922033309937e-02,7.130211591720581055e-02,-1.135446410626173019e-02,1.132504194974899292e-01,-4.721171408891677856e-02,-1.117210015654563904e-01,2.488316595554351807e-01,1.677624434232711792e-01,1.000366657972335815e-01,3.015956096351146698e-02,-4.421778395771980286e-02,-1.288506388664245605e-02,-3.853700309991836548e-02,4.804642871022224426e-02,-9.423470497131347656e-02,1.007407438009977341e-03,3.825947642326354980e-02,-6.935220956802368164e-02,1.980215497314929962e-02,1.158079355955123901e-01,6.805939134210348129e-03,-4.670095816254615784e-02,-1.085548102855682373e-01,-3.564348816871643066e-02,2.194270342588424683e-01,1.782699078321456909e-01,-9.980137459933757782e-03,4.923971369862556458e-02,-3.073137998580932617e-02,8.553982526063919067e-02,1.035625413060188293e-01,-1.090769283473491669e-02,-7.027450017631053925e-03,-1.662508249282836914e-01,-8.580125123262405396e-02,9.067942202091217041e-02,-4.474558681249618530e-02,-7.887378334999084473e-03,4.521157965064048767e-02,-1.167273987084627151e-02,6.148920953273773193e-02,9.146396815776824951e-02,1.036634445190429688e-01,8.282762020826339722e-02,-6.944029778242111206e-02,-2.226544730365276337e-02,-6.630390882492065430e-02,1.349150086753070354e-03,8.868521079421043396e-03,9.914993494749069214e-02,-2.239502407610416412e-02,-1.407312694936990738e-02,-1.964894123375415802e-02,4.842037707567214966e-02,-6.801135092973709106e-02,-3.211025521159172058e-02,6.344014406204223633e-02,7.942093908786773682e-02,2.064642263576388359e-03,-1.295333206653594971e-01,-2.956381533294916153e-03,2.282455265522003174e-01
1.052291616797447205e-01,1.142350286245346069e-01,-2.572049573063850403e-02,-2.154571861028671265e-01,1.194905564188957214e-01,1.159515827894210815e-01,-5.395032092928886414e-02,-3.773522097617387772e-03,7.957972586154937744e-02,-3.066364675760269165e-02,-5.824650079011917114e-02,-1.595766842365264893e-02,-1.709976792335510254e-01,-1.420075446367263794e-01,8.460041880607604980e-02,-8.937531709671020508e-02,-4.453244432806968689e-02,1.024517342448234558e-01,-6.187876313924789429e-02,1.175468601286411285e-02,1.625057868659496307e-02,-9.776182472705841064e-02,-4.492900148034095764e-02,1.744077950716018677e-01,1.373789906501770020e-01,-4.406466707587242126e-02,4.779223352670669556e-02,-2.145911380648612976e-02,6.329181790351867676e-02,6.522560119628906250e-02,4.419542104005813599e-02,-1.521478146314620972e-01,4.519923776388168335e-02,8.850466459989547729e-02,-1.715874224901199341e-01,4.620135948061943054e-02,1.856706663966178894e-02,-3.689812123775482178e-02,-3.483431786298751831e-02,3.903082758188247681e-02,-2.796689048409461975e-02,1.058101132512092590e-01,-6.741041690111160278e-02,5.781982466578483582e-02,4.644575342535972595e-02,-1.206612139940261841e-01,-1.174211502075195312e-05,8.959513157606124878e-02,-6.227761134505271912e-02,2.789038978517055511e-02,1.173894852399826050e-01,-7.387271523475646973e-02,-5.134334042668342590e-02,-1.127907354384660721e-02,-7.996561378240585327e-02,-7.822182029485702515e-02,-5.316083505749702454e-02,1.802958175539970398e-02,-1.570121645927429199e-01,2.891255728900432587e-02,2.695658057928085327e-02,1.260389983654022217e-01,3.579243551939725876e-03,2.433037012815475464e-02,1.149610355496406555e-01,-6.258495151996612549e-02,1.128351539373397827e-01,7.763934880495071411e-02,2.678462490439414978e-02,2.382429316639900208e-02,2.126795984804630280e-02,-2.033388055860996246e-02,1.858355253934860229e-01,1.156239137053489685e-01,1.705659627914428711e-01,2.006148397922515869e-01,2.503077499568462372e-02,3.393092006444931030e-02,7.615765929222106934e-02,1.122728660702705383e-01,-1.388901378959417343e-02,-1.060882955789566040e-01,6.640402227640151978e-02,5.423343274742364883e-03,8.413626998662948608e-02,-8.836936205625534058e-02,-1.026672646403312683e-01,-6.042277812957763672e-02,-2.665390968322753906e-01,-7.881679385900497437e-02,7.243207097053527832e-02,1.263143569231033325e-01,-6.248122826218605042e-02,5.862912908196449280e-02,-6.130403652787208557e-02,-7.215923070907592773e-02,9.891692548990249634e-03,1.058931201696395874e-01,-4.722735658288002014e-02,-1.521749980747699738e-02,-1.181996092200279236e-01,-4.753654450178146362e-02,-2.290542237460613251e-02,6.400028616189956665e-02,-2.351726405322551727e-03,-7.426720112562179565e-03,1.419072151184082031e-01,8.859186619520187378e-02,3.115541860461235046e-02,2.774941362440586090e-02,-3.088647685945034027e-02,-6.203310564160346985e-02,1.079731900244951248e-02,9.030960500240325928e-03,-1.198353525251150131e-02,-1.762284897267818451e-02,1.242186278104782104e-01,-6.708282511681318283e-03,-8.323258906602859497e-02,1.852228865027427673e-02,-1.765291839838027954e-01,-3.780858963727951050e-02,-5.918432027101516724e-02,4.270540922880172729e-02,-5.044008046388626099e-02,-1.462751775979995728e-01,-1.921003125607967377e-02,1.277325302362442017e-01
1.181824598461389542e-02,1.020471155643463135e-01,8.267287909984588623e-02,-9.118282049894332886e-02,-1.846936997026205063e-03,4.952027276158332825e-02,-5.135193001478910446e-03,-4.086895287036895752e-02,-7.592173293232917786e-03,-8.360014110803604126e-02,-4.459190368652343750e-02,-1.490533798933029175e-01,-1.350151598453521729e-01,-8.164447546005249023e-02,3.547305613756179810e-02,-3.238763660192489624e-02,-5.349331721663475037e-02,5.795245245099067688e-02,2.935551851987838745e-02,4.764314368367195129e-02,2.553697116672992706e-02,-6.551425158977508545e-02,-2.883305214345455170e-02,1.792962700128555298e-01,1.227796822786331177e-01,-2.408306486904621124e-02,1.041964218020439148e-01,2.889856137335300446e-02,-1.931307651102542877e-02,-7.961372844874858856e-03,-1.124352961778640747e-01,-1.133426092565059662e-02,1.264315694570541382e-01,-6.168584804981946945e-03,-1.209904029965400696e-01,1.234829146414995193e-02,4.675362259149551392e-02,-1.114879399538040161e-01,-2.742070518434047699e-02,5.595207586884498596e-02,-3.693749755620956421e-02,-8.437600731849670410e-02,8.690703660249710083e-03,-7.888868451118469238e-02,-1.348762214183807373e-02,-9.043991565704345703e-02,-5.100205540657043457e-03,1.493824124336242676e-01,-3.516953811049461365e-02,-2.147251740097999573e-02,8.634348958730697632e-02,-6.840012222528457642e-02,5.642705038189888000e-02,6.381478905677795410e-02,-6.923262774944305420e-02,-7.794509828090667725e-02,-1.115418225526809692e-01,-1.192001625895500183e-01,-2.182639837265014648e-01,-6.503731757402420044e-02,-4.256416484713554382e-02,9.320107847452163696e-02,4.045312851667404175e-02,-7.146057207137346268e-03,1.759575605392456055e-01,-3.000832907855510712e-02,-6.679219752550125122e-02,3.870316594839096069e-02,-3.386692842468619347e-03,1.356895565986633301e-01,-2.111892774701118469e-02,-1.635984927415847778e-01,2.174810618162155151e-01,1.928296983242034912e-01,7.708528637886047363e-02,9.611771255731582642e-02,2.452754601836204529e-02,9.084245562553405762e-02,-1.115684024989604950e-02,3.415375947952270508e-02,4.711685702204704285e-02,-7.778985798358917236e-02,4.425124824047088623e-02,-2.495247311890125275e-02,6.380116194486618042e-02,-2.829961013048887253e-03,-8.963949978351593018e-02,-3.567581251263618469e-02,-1.977843791246414185e-01,-1.425548642873764038e-01,8.455517888069152832e-02,3.866213560104370117e-02,-1.104810461401939392e-02,-1.090504229068756104e-02,-2.773110195994377136e-02,9.244080283679068089e-04,1.159880384802818298e-01,8.565153926610946655e-02,1.236271299421787262e-02,1.522140111774206161e-02,4.343278333544731140e-02,-3.453918546438217163e-02,2.375346235930919647e-02,5.060642957687377930e-02,2.299189381301403046e-02,-1.110058091580867767e-02,8.511326462030410767e-02,1.609924435615539551e-01,5.428560078144073486e-02,1.617841795086860657e-02,-1.847566291689872742e-02,1.814809627830982208e-02,-7.737421896308660507e-03,-9.608087688684463501e-02,3.476475551724433899e-02,-2.024612203240394592e-02,8.336558006703853607e-03,-4.963137209415435791e-02,-2.154883742332458496e-02,5.086712539196014404e-02,-1.342455744743347168e-01,1.198440091684460640e-03,-8.526355773210525513e-02,3.524124622344970703e-02,-6.063451617956161499e-02,-2.013699263334274292e-01,-8.075692504644393921e-02,9.995881468057632446e-02
2.819779701530933380e-02,2.513677626848220825e-02,1.010255329310894012e-02,-5.258122459053993225e-02,1.946343295276165009e-02,-4.272315185517072678e-03,-3.037030808627605438e-02,-4.370186477899551392e-02,-3.574924543499946594e-02,-2.469278685748577118e-02,-2.304122224450111389e-02,-6.254277378320693970e-02,-3.400054201483726501e-02,2.553691156208515167e-02,-9.603794896975159645e-04,-1.602851971983909607e-02,7.728451862931251526e-03,3.773606941103935242e-02,1.579640898853540421e-03,-8.591946214437484741e-03,-4.489391110837459564e-03,-2.944348007440567017e-02,-8.115321397781372070e-03,5.304951593279838562e-02,1.007978618144989014e-02,-9.331014007329940796e-03,-6.859879940748214722e-03,-5.416071508079767227e-03,-1.253589801490306854e-02,1.835857890546321869e-02,-5.113109946250915527e-03,-3.171589598059654236e-02,4.519658908247947693e-02,6.194035056978464127e-03,-2.310189604759216309e-02,-1.243977923877537251e-03,9.248706512153148651e-03,1.026770006865262985e-02,-2.560338750481605530e-02,1.852398552000522614e-02,-4.894544836133718491e-03,-3.457053005695343018e-02,-1.961870491504669189e-02,-3.537456691265106201e-02,1.189512480050325394e-02,-6.310080178081989288e-03,-7.158692460507154465e-03,4.632040858268737793e-02,-3.739212825894355774e-02,-2.630576863884925842e-02,2.472900599241256714e-02,5.238663405179977417e-03,2.560615539550781250e-04,2.581439353525638580e-02,-1.263253204524517059e-02,1.551026757806539536e-02,4.234909429214894772e-04,-4.689475521445274353e-02,-5.410068482160568237e-02,-1.326349005103111267e-02,-1.015744265168905258e-02,4.747059568762779236e-02,2.919127047061920166e-02,-6.251998245716094971e-03,4.130759090185165405e-02,1.552014029584825039e-03,-7.663665339350700378e-03,1.756799966096878052e-02,4.505275748670101166e-03,3.741340339183807373e-02,2.633803524076938629e-03,-1.604654453694820404e-02,6.127947941422462463e-02,7.399405539035797119e-02,2.484004013240337372e-02,1.153093017637729645e-02,-3.423038125038146973e-02,3.333687782287597656e-04,-2.447979897260665894e-02,1.861434616148471832e-02,1.782207563519477844e-02,-4.188751336187124252e-03,2.149673737585544586e-02,-2.881646342575550079e-02,1.356729958206415176e-02,-1.208008080720901489e-02,-2.434040792286396027e-02,-4.268884076736867428e-04,-6.686717271804809570e-02,-3.596777096390724182e-02,9.380838833749294281e-03,7.501878309994935989e-03,-4.408688098192214966e-02,-9.330179542303085327e-03,-1.572520844638347626e-02,-1.185388304293155670e-02,1.778471469879150391e-02,8.314547594636678696e-04,-1.586372591555118561e-02,7.564458996057510376e-03,-1.009760610759258270e-02,-1.669138483703136444e-02,1.034571509808301926e-02,2.095949277281761169e-02,3.430770011618733406e-03,1.227764040231704712e-02,2.240237966179847717e-02,2.426883578300476074e-02,6.040737498551607132e-03,1.078751403838396072e-02,-9.505581110715866089e-03,1.542618684470653534e-02,-9.442882612347602844e-03,-3.442997112870216370e-02,-1.576629653573036194e-02,-1.264084596186876297e-02,4.860958084464073181e-03,2.470952458679676056e-02,-2.016387134790420532e-02,-2.155717462301254272e-03,-3.194528818130493164e-02,-1.248717308044433594e-05,-1.321408618241548538e-02,-2.098076418042182922e-02,-1.248434744775295258e-02,-4.151397198438644409e-02,-1.649331301450729370e-02,5.309319123625755310e-02
-6.196604296565055847e-02,3.337838128209114075e-02,-6.279349327087402344e-05,-5.449311807751655579e-02,1.959540881216526031e-02,-2.809785306453704834e-03,2.499941550195217133e-02,-2.036063373088836670e-02,-8.928272128105163574e-02,-2.301086857914924622e-02,-2.049972303211688995e-02,2.314690127968788147e-02,-5.352508276700973511e-02,-6.252483278512954712e-02,1.965102739632129669e-03,-1.686815172433853149e-02,-9.795500896871089935e-03,1.291968077421188354e-01,1.438402831554412842e-01,1.832002773880958557e-02,1.771330088376998901e-02,-1.043865829706192017e-02,3.312194719910621643e-02,8.401068300008773804e-02,-7.765404414385557175e-03,-6.778046488761901855e-03,-7.402642164379358292e-03,3.433601465076208115e-03,-7.016986608505249023e-02,-5.401224642992019653e-02,5.716429278254508972e-02,-9.303002059459686279e-02,2.916402556002140045e-02,1.371816545724868774e-01,-4.620213434100151062e-02,6.275968253612518311e-02,6.951732188463211060e-02,-1.722622066736221313e-01,-6.012239307165145874e-02,4.462301731109619141e-03,2.771138586103916168e-02,2.740506827831268311e-02,7.058203220367431641e-02,5.802881345152854919e-02,-1.151631772518157959e-01,-5.727265402674674988e-02,3.651959821581840515e-03,8.395323902368545532e-02,-2.442921046167612076e-03,9.099493920803070068e-02,1.140820682048797607e-01,3.927601873874664307e-02,-6.822226941585540771e-02,1.563782058656215668e-02,-1.639975979924201965e-02,-4.628938809037208557e-02,3.354601189494132996e-02,-5.084316432476043701e-02,3.772056475281715393e-02,-1.009433995932340622e-03,-1.657068915665149689e-02,-3.014535456895828247e-02,-3.172069042921066284e-02,-1.576036773622035980e-02,1.904757171869277954e-01,8.606266975402832031e-02,4.450808838009834290e-02,-4.937995225191116333e-02,1.461073849350214005e-02,7.199955731630325317e-02,5.023915320634841919e-02,-6.678549200296401978e-02,2.517051808536052704e-02,9.427995234727859497e-02,4.731040820479393005e-02,5.238516256213188171e-02,8.554680645465850830e-02,4.814326763153076172e-02,-4.747570306062698364e-02,4.145343229174613953e-02,1.978794485330581665e-02,2.523130923509597778e-02,-2.103780955076217651e-02,2.309066615998744965e-02,-8.649573475122451782e-02,-3.554999828338623047e-02,-6.951951235532760620e-02,-6.976650655269622803e-02,-1.534672081470489502e-01,-4.721564427018165588e-02,6.179387867450714111e-02,8.141034096479415894e-02,-3.110560774803161621e-02,4.229881241917610168e-02,-1.278963088989257812e-01,-2.280209399759769440e-02,-1.392322126775979996e-02,6.537341326475143433e-02,-6.624779663980007172e-03,-1.308166533708572388e-01,-3.057345934212207794e-02,-5.603201314806938171e-02,2.065823227167129517e-02,6.546353548765182495e-02,2.287137694656848907e-02,3.296530246734619141e-02,1.414058953523635864e-01,1.391813009977340698e-01,-6.231665611267089844e-05,-3.908861428499221802e-02,-2.845326624810695648e-02,2.456191554665565491e-02,2.756492979824542999e-02,6.640897691249847412e-02,-4.702835902571678162e-02,-1.230053305625915527e-01,-3.316862508654594421e-02,1.437296867370605469e-01,-1.555659901350736618e-02,2.046415209770202637e-02,-1.069746389985084534e-01,2.769301272928714752e-02,4.160783812403678894e-02,2.412673272192478180e-02,3.000407479703426361e-02,5.826390162110328674e-02,-1.410930184647440910e-03,1.089158877730369568e-01
