2.312518842518329620e-02,1.124206371605396271e-02,-5.044938623905181885e-02,-2.376362122595310211e-02,-4.659946542233228683e-03,6.323699839413166046e-03,-1.680659875273704529e-02,1.940694870427250862e-03,5.256961565464735031e-03,-9.626508690416812897e-03,1.112975366413593292e-02,-2.043144404888153076e-02,-4.709414020180702209e-02,-2.386402897536754608e-02,3.714633639901876450e-03,-1.655823551118373871e-02,-2.380336634814739227e-03,3.716004546731710434e-03,-2.117856219410896301e-02,9.270938113331794739e-03,2.010101266205310822e-02,-1.748231612145900726e-02,-2.012481354176998138e-02,2.053246274590492249e-02,2.291239425539970398e-02,7.545386906713247299e-03,-9.760456159710884094e-03,1.600325480103492737e-02,-5.366005003452301025e-03,3.998496569693088531e-03,-8.336498402059078217e-03,-3.607738763093948364e-02,-1.035213004797697067e-03,2.080506831407546997e-02,-4.110557585954666138e-02,1.789041981101036072e-02,1.611921563744544983e-02,-2.650852315127849579e-02,-2.017054148018360138e-02,2.318377839401364326e-03,9.843702428042888641e-04,-4.542949050664901733e-02,7.886185310781002045e-03,1.003744173794984818e-02,-3.548219567164778709e-03,-1.867881603538990021e-02,5.443989066407084465e-04,2.592646749690175056e-03,-4.364549240563064814e-04,-1.926353573799133301e-02,-1.841589994728565216e-02,-2.848307415843009949e-02,-1.206497289240360260e-02,1.075816154479980469e-02,-1.093895267695188522e-02,-2.399707771837711334e-02,-2.144287712872028351e-02,-2.784661948680877686e-03,-2.659748308360576630e-02,6.910779513418674469e-03,-2.472832053899765015e-02,-1.267022546380758286e-02,2.971069328486919403e-02,8.964477106928825378e-03,3.885398060083389282e-02,-9.524056687951087952e-03,9.640006348490715027e-03,1.767823472619056702e-02,1.962930709123611450e-02,2.375414781272411346e-02,-6.219455506652593613e-03,-2.529745362699031830e-02,5.288629233837127686e-02,3.516608476638793945e-02,2.178145386278629303e-02,1.706884242594242096e-02,-7.926521939225494862e-04,-6.694066803902387619e-03,-1.468904316425323486e-02,6.521370261907577515e-03,-9.374193847179412842e-03,-2.619921602308750153e-02,-3.113885177299380302e-03,8.366269990801811218e-03,-1.416799891740083694e-02,-5.127563606947660446e-03,-9.447441436350345612e-03,4.342915955930948257e-03,-4.778360947966575623e-02,-3.123014979064464569e-02,1.515713427215814590e-02,3.086363710463047028e-02,2.025723271071910858e-02,1.600185222923755646e-02,-1.516118645668029785e-02,2.074316330254077911e-02,1.689907908439636230e-02,1.381812803447246552e-02,8.348746225237846375e-03,2.632492221891880035e-03,5.467568058520555496e-03,1.362182851880788803e-02,1.393522974103689194e-02,8.610452525317668915e-03,8.796748588792979717e-04,-4.033108055591583252e-02,3.359920531511306763e-02,1.570340059697628021e-02,-5.176289007067680359e-03,2.410040050745010376e-02,3.595813177525997162e-03,5.949456244707107544e-03,1.970170065760612488e-02,-5.220544058829545975e-03,3.124965541064739227e-02,1.448720321059226990e-02,-2.141970209777355194e-02,-2.220929600298404694e-02,1.957112736999988556e-02,2.932812459766864777e-02,-3.797926381230354309e-02,2.455253340303897858e-02,4.351707175374031067e-03,1.861163415014743805e-02,-8.877729065716266632e-03,-4.385954514145851135e-02,1.081823837012052536e-03,5.431361496448516846e-02
1.716015860438346863e-02,1.972463913261890411e-02,-4.408381879329681396e-02,-1.505373627878725529e-03,-1.483856351114809513e-03,-2.844713162630796432e-03,-1.383868698030710220e-02,1.233336236327886581e-02,3.047103434801101685e-02,1.084904931485652924e-02,-1.221071463078260422e-02,-2.563650533556938171e-02,-2.940518781542778015e-02,-3.429982811212539673e-02,1.007186062633991241e-02,-1.468257699161767960e-02,5.555185023695230484e-03,1.965370960533618927e-03,2.854994731023907661e-03,-3.210175549611449242e-03,1.121849287301301956e-02,-3.883802890777587891e-02,-2.815887518227100372e-02,2.913755737245082855e-02,1.226330827921628952e-02,1.709491200745105743e-02,7.495649158954620361e-03,6.038842839188873768e-04,-1.167327631264925003e-02,1.843478716909885406e-02,9.696536697447299957e-03,-1.391860190778970718e-02,4.561542300507426262e-04,1.224367134273052216e-02,-1.336485799401998520e-02,1.379697304219007492e-02,5.154027137905359268e-03,-6.596498657017946243e-03,-1.122355461120605469e-04,-1.290985569357872009e-02,-2.119179069995880127e-02,-2.239969931542873383e-02,3.100056899711489677e-03,1.890555955469608307e-02,-8.952050469815731049e-03,-2.221570350229740143e-02,-1.061760075390338898e-02,2.935907337814569473e-03,1.535327546298503876e-02,-7.699812762439250946e-03,-2.914211712777614594e-03,-2.616898529231548309e-02,5.698111839592456818e-03,2.011433057487010956e-02,1.201413851231336594e-02,-2.651632763445377350e-02,-1.146626751869916916e-02,-8.452989161014556885e-03,-4.114089161157608032e-02,-1.454185135662555695e-02,-1.666186493821442127e-03,-3.408150281757116318e-03,1.522000040858983994e-02,-2.340127527713775635e-02,2.500775270164012909e-02,-1.540479250252246857e-02,-3.503963584080338478e-03,1.158805470913648605e-02,1.852234825491905212e-02,1.327770203351974487e-02,-7.198775652796030045e-03,-2.163894660770893097e-02,3.761232271790504456e-02,1.827158592641353607e-02,1.688376255333423615e-02,9.844670072197914124e-03,3.734064055606722832e-03,-1.194295007735490799e-02,-1.330723054707050323e-02,3.915766254067420959e-03,-1.268998067826032639e-02,-2.818442508578300476e-02,5.128159187734127045e-03,1.524246763437986374e-02,-1.179708726704120636e-02,-2.508519031107425690e-02,4.479198716580867767e-03,-1.201664004474878311e-02,-2.996447123587131500e-02,-2.791558206081390381e-02,1.192745566368103027e-02,3.241026028990745544e-02,-9.953824803233146667e-03,-9.193756617605686188e-03,-3.176990151405334473e-02,-6.110770162194967270e-03,-1.251398702152073383e-03,1.959233917295932770e-02,1.735119521617889404e-02,-8.228980004787445068e-03,1.377176493406295776e-02,1.605307124555110931e-02,2.182956226170063019e-02,-7.424931507557630539e-03,-5.235534161329269409e-03,-4.353835433721542358e-02,1.082672923803329468e-02,-1.590171456336975098e-02,-8.322135545313358307e-03,-1.736936857923865318e-03,-6.009445991367101669e-03,-4.639710765331983566e-03,-1.844077557325363159e-02,-5.643784534186124802e-03,9.586129337549209595e-03,-1.173013169318437576e-02,6.783201824873685837e-03,2.389187924563884735e-03,5.759532097727060318e-03,4.586872644722461700e-03,-4.309480637311935425e-02,7.363215088844299316e-03,-1.901355804875493050e-03,8.590218611061573029e-03,-7.443724316544830799e-04,-5.094768106937408447e-02,1.080396305769681931e-02,4.805995151400566101e-02
1.661940105259418488e-02,1.408933545462787151e-03,-3.799932077527046204e-02,-1.045382674783468246e-02,-1.274049282073974609e-04,-1.786021282896399498e-03,-6.913997698575258255e-03,-1.064418163150548935e-02,4.834852181375026703e-03,-3.448889590799808502e-03,-2.296741353347897530e-03,-5.925406701862812042e-03,-3.246226906776428223e-02,-1.573828794062137604e-02,-9.871716611087322235e-04,-9.580169804394245148e-03,-6.608777213841676712e-03,-7.697043474763631821e-04,-2.070235274732112885e-02,6.859849672764539719e-03,1.349921338260173798e-02,-1.652584783732891083e-02,-2.764062955975532532e-02,2.833548933267593384e-02,1.497150771319866180e-02,-1.462411787360906601e-02,-3.465846646577119827e-03,4.524199757725000381e-03,-1.595352590084075928e-02,-3.587259911000728607e-03,-3.948190715163946152e-03,-2.453561499714851379e-02,-7.218293845653533936e-03,1.028030551970005035e-02,-7.671473547816276550e-03,1.201628334820270538e-02,1.250815577805042267e-02,-1.753355935215950012e-02,-2.186310291290283203e-02,-2.570152282714843750e-04,-1.045584212988615036e-03,-2.425403147935867310e-02,-2.603315981104969978e-03,-2.928078174591064453e-04,-1.496507227420806885e-02,-1.409905031323432922e-02,-6.547867087647318840e-04,1.904805377125740051e-02,1.594977267086505890e-02,4.135965427849441767e-04,6.412626244127750397e-03,-1.229531038552522659e-02,-1.710078120231628418e-02,3.048142185434699059e-03,3.462121821939945221e-03,-1.551250275224447250e-02,-1.524115633219480515e-02,-1.258914545178413391e-02,-2.685580216348171234e-02,-1.466046832501888275e-02,-5.873582325875759125e-03,-1.200865395367145538e-02,1.278911717236042023e-02,-1.216253079473972321e-02,1.952778175473213196e-02,-1.286185160279273987e-02,1.297037396579980850e-02,1.012937258929014206e-02,2.086452580988407135e-02,2.232412807643413544e-02,-1.820293953642249107e-03,-1.090694777667522430e-02,2.457940019667148590e-02,1.154761761426925659e-02,1.602661423385143280e-02,1.711934246122837067e-02,3.004511818289756775e-03,-4.066265653818845749e-03,-1.722883246839046478e-02,2.666675485670566559e-03,-8.293378166854381561e-03,-1.416898239403963089e-02,-1.800831034779548645e-02,-4.010119009763002396e-03,-5.482260603457689285e-03,-1.949408836662769318e-02,5.486372858285903931e-03,4.897823091596364975e-03,-3.443583101034164429e-02,-1.973929628729820251e-02,9.679461829364299774e-03,1.746300980448722839e-02,-6.016569212079048157e-03,1.013053394854068756e-02,-1.627432554960250854e-02,-4.078365396708250046e-03,-5.433558253571391106e-04,3.902117256075143814e-03,1.624165452085435390e-03,-9.472920559346675873e-03,-1.625314168632030487e-02,9.949503466486930847e-03,5.871316883713006973e-03,3.195035969838500023e-03,-2.229716628789901733e-03,-2.888379059731960297e-02,1.867193169891834259e-02,1.502794027328491211e-02,3.582908771932125092e-03,1.075285859405994415e-02,-4.686678294092416763e-03,-1.668570679612457752e-03,7.020476274192333221e-03,2.068963600322604179e-03,-8.727804757654666901e-03,-1.523913163691759109e-02,-7.433426566421985626e-03,4.399896599352359772e-03,5.277464631944894791e-03,7.687565404921770096e-03,-2.873615734279155731e-02,1.245067641139030457e-02,5.784387234598398209e-03,5.331635475158691406e-05,-1.844065636396408081e-02,-2.461773157119750977e-02,1.667052879929542542e-02,5.771283432841300964e-02
1.582493260502815247e-02,1.400790363550186157e-02,-3.858592361211776733e-02,-1.396341715008020401e-02,1.838199794292449951e-02,2.392901666462421417e-02,-2.313996898010373116e-03,-2.164633385837078094e-02,-1.242972724139690399e-02,-7.075876928865909576e-03,-5.583674646914005280e-03,-1.048669405281543732e-02,-3.376126661896705627e-02,-1.592391170561313629e-02,-6.993983872234821320e-03,-3.095558285713195801e-02,-1.622114330530166626e-02,9.107427671551704407e-03,-3.052260540425777435e-02,1.247093826532363892e-02,2.872865088284015656e-02,-2.515640296041965485e-02,-5.931217689067125320e-03,4.006832093000411987e-02,1.961795985698699951e-02,-2.188180945813655853e-02,-2.141505666077136993e-02,-5.277464631944894791e-03,-3.083129646256566048e-03,2.054688287898898125e-03,-8.444763720035552979e-03,-3.201730921864509583e-02,-1.362272165715694427e-02,-4.148816689848899841e-03,-2.837080880999565125e-02,1.615708321332931519e-02,2.712960541248321533e-02,-1.287979166954755783e-02,-1.135717611759901047e-02,6.583326961845159531e-03,-3.027487732470035553e-02,-4.766889289021492004e-02,-5.827568937093019485e-03,-1.857755356468260288e-03,-1.863284595310688019e-02,-1.568573154509067535e-02,-8.472208864986896515e-03,-5.912234541028738022e-03,1.171630527824163437e-02,1.991080120205879211e-02,2.374376170337200165e-03,-2.924296632409095764e-02,-3.200677037239074707e-02,1.727936672978103161e-03,-2.662842348217964172e-02,-1.092962455004453659e-02,-5.214166827499866486e-03,-2.373189665377140045e-02,-2.642433345317840576e-02,-8.561609312891960144e-03,-9.891246445477008820e-03,-1.092363521456718445e-02,2.746469154953956604e-02,-3.153105033561587334e-03,3.069639764726161957e-02,-1.813266426324844360e-02,4.236314911395311356e-03,1.647862419486045837e-02,5.010413471609354019e-03,2.162682265043258667e-02,-2.389873377978801727e-03,-1.834854111075401306e-02,2.823906764388084412e-02,2.250100672245025635e-02,3.980645444244146347e-03,1.594378240406513214e-02,-1.719954609870910645e-02,-1.740455627441406250e-04,-1.773350127041339874e-02,2.761632762849330902e-02,-1.829431764781475067e-02,-3.337975591421127319e-02,1.192479627206921577e-03,2.103149704635143280e-02,1.667240634560585022e-02,-5.927254445850849152e-03,-8.256135042756795883e-04,8.347406052052974701e-03,-5.859684199094772339e-02,-3.806279972195625305e-02,8.619898930191993713e-03,2.670475095510482788e-02,-6.007687654346227646e-03,5.426025483757257462e-03,-1.176138967275619507e-02,-2.209428511559963226e-02,-4.384608007967472076e-03,2.721660304814577103e-03,2.439333684742450714e-02,9.421813301742076874e-03,-8.042749832384288311e-04,-1.269209571182727814e-02,-2.016231976449489594e-02,-1.916021853685379028e-02,2.563828369602560997e-03,-1.615761965513229370e-02,3.205633535981178284e-02,1.229826081544160843e-02,6.820856360718607903e-04,2.062483876943588257e-02,3.405140480026602745e-03,9.277315810322761536e-03,-1.853369735181331635e-02,-6.982004269957542419e-03,7.633090019226074219e-03,-6.245650351047515869e-03,-1.129596959799528122e-02,3.329217433929443359e-04,1.007579360157251358e-02,3.314631525427103043e-03,-5.947110801935195923e-02,1.192155573517084122e-02,-8.223735727369785309e-03,2.070899493992328644e-02,-8.062991313636302948e-03,-2.448977716267108917e-02,6.418496835976839066e-03,6.709205359220504761e-02
-1.004248391836881638e-03,6.076195836067199707e-02,1.228175219148397446e-02,-1.311415135860443115e-01,8.664996176958084106e-02,1.922959685325622559e-01,-7.541475445032119751e-02,-1.845457032322883606e-02,-3.883520141243934631e-02,5.350538063794374466e-03,-4.930158145725727081e-03,-1.496250741183757782e-02,-5.929904431104660034e-02,-5.712953396141529083e-03,9.459294378757476807e-02,-9.303640574216842651e-02,2.889689430594444275e-02,6.621047854423522949e-02,5.028710886836051941e-02,6.927450001239776611e-02,7.703859359025955200e-02,-4.333691671490669250e-02,-7.628165930509567261e-02,2.032305598258972168e-01,1.418099999427795410e-01,6.278028339147567749e-02,-3.204096108675003052e-03,7.134781032800674438e-02,4.312146082520484924e-02,1.280765235424041748e-02,8.706497959792613983e-03,-1.289378106594085693e-01,4.688384383916854858e-02,6.158151850104331970e-02,-1.548648029565811157e-01,1.040337607264518738e-01,1.217672601342201233e-01,-4.171636700630187988e-02,-2.256010472774505615e-02,3.205788508057594299e-02,6.543023884296417236e-02,-4.183899611234664917e-02,-2.754309959709644318e-02,3.328413516283035278e-02,-1.164192892611026764e-02,-1.412987112998962402e-01,6.581965833902359009e-02,1.115815863013267517e-01,2.101657167077064514e-02,4.599652066826820374e-02,-1.174482330679893494e-02,-1.499875783920288086e-01,-1.185171529650688171e-01,5.406932905316352844e-02,-1.122492924332618713e-02,-4.211531579494476318e-02,-7.559976726770401001e-02,-5.242710188031196594e-02,-1.647893190383911133e-01,-5.476363375782966614e-02,-1.071235537528991699e-01,-7.239824533462524414e-02,-3.627885505557060242e-02,-6.481645163148641586e-03,2.186939865350723267e-01,5.415803194046020508e-02,1.176090911030769348e-01,1.008257865905761719e-01,1.002460718154907227e-01,1.379022151231765747e-01,2.729128301143646240e-02,-7.288594730198383331e-03,1.472583562135696411e-01,1.314416974782943726e-01,-2.695620059967041016e-04,1.358320266008377075e-01,6.961748003959655762e-02,1.226966157555580139e-01,5.669161304831504822e-02,2.653955481946468353e-02,-3.198688104748725891e-02,-1.022642850875854492e-01,8.034107740968465805e-04,-5.029531568288803101e-02,1.215772330760955811e-01,3.884401172399520874e-02,-1.425676234066486359e-02,2.935102907940745354e-03,-1.148173287510871887e-01,-8.351363986730575562e-02,4.967804253101348877e-02,9.841955453157424927e-02,1.838846132159233093e-02,1.477896869182586670e-01,-2.289558993652462959e-03,-4.133481159806251526e-02,1.303676515817642212e-01,8.648703992366790771e-02,1.352025121450424194e-01,2.748836763203144073e-02,-6.196486204862594604e-02,3.232964128255844116e-02,5.204630643129348755e-02,1.984853856265544891e-02,6.479021906852722168e-02,-3.507268056273460388e-02,1.173461005091667175e-01,6.095528230071067810e-02,-1.441923994570970535e-02,2.167192287743091583e-02,3.764075040817260742e-02,-7.922125048935413361e-03,-1.724152010865509510e-03,2.375370077788829803e-02,1.253946274518966675e-01,4.548391699790954590e-02,1.853393577039241791e-02,-3.643165901303291321e-02,7.895745337009429932e-02,1.327741146087646484e-01,-1.457467377185821533e-01,1.145233735442161560e-01,-2.301700226962566376e-02,7.114173471927642822e-02,1.066384930163621902e-02,-1.666037440299987793e-01,-1.732494868338108063e-02,1.605784446001052856e-01
3.558208420872688293e-02,-5.356335639953613281e-02,1.377691179513931274e-01,-1.639064997434616089e-01,5.790284648537635803e-02,6.474412977695465088e-02,-8.665356785058975220e-02,-1.726556941866874695e-02,1.173717081546783447e-01,5.749751999974250793e-02,-3.815886005759239197e-02,8.158060163259506226e-02,1.121791303157806396e-01,-8.153666555881500244e-02,-3.838931024074554443e-02,-1.618146300315856934e-01,-2.619084343314170837e-02,4.417234286665916443e-02,4.056878387928009033e-03,4.003838449716567993e-02,8.995043486356735229e-02,-2.383039705455303192e-02,-3.444214537739753723e-02,2.231876999139785767e-01,2.534923255443572998e-01,1.092735957354307175e-02,5.459784297272562981e-04,4.623407498002052307e-02,4.933678358793258667e-02,-1.504629384726285934e-02,-8.728276193141937256e-02,-1.375783085823059082e-01,8.632197976112365723e-02,-1.330602020025253296e-01,-8.223472535610198975e-02,1.598229557275772095e-01,5.175660923123359680e-02,-1.086607649922370911e-01,-2.541259862482547760e-02,8.558543771505355835e-02,4.803039878606796265e-02,6.031022407114505768e-03,5.348348245024681091e-02,1.019549295306205750e-01,8.132903836667537689e-03,-1.598571985960006714e-01,1.203726045787334442e-02,1.313726883381605148e-02,-5.502548813819885254e-02,-1.810320094227790833e-02,-8.070191740989685059e-02,-1.002345681190490723e-01,-8.512517809867858887e-02,-1.293175667524337769e-02,-7.368301600217819214e-02,-7.333377748727798462e-02,-1.964271217584609985e-01,-5.688057839870452881e-02,-1.629005670547485352e-01,-3.075546957552433014e-02,-6.430328357964754105e-03,4.332831129431724548e-02,4.211037978529930115e-02,5.805331096053123474e-02,1.229278221726417542e-01,-5.072209611535072327e-02,1.001944616436958313e-01,7.039008289575576782e-02,1.070679072290658951e-02,1.139389127492904663e-01,3.890307620167732239e-02,-2.187564410269260406e-02,2.315321415662765503e-01,1.620783209800720215e-01,1.776411682367324829e-01,1.472752094268798828e-01,-7.132307440042495728e-02,-3.568640351295471191e-02,-4.161072522401809692e-02,-3.009986318647861481e-02,5.964058637619018555e-02,-6.973655521869659424e-02,8.779541403055191040e-02,6.216209754347801208e-02,1.391111761331558228e-01,-4.971184581518173218e-02,1.267118006944656372e-02,2.441457100212574005e-02,-2.183969132602214813e-02,8.295225910842418671e-03,1.296786069869995117e-01,1.004916056990623474e-01,-5.741425603628158569e-02,5.189631134271621704e-02,-3.927161917090415955e-02,9.198185289278626442e-04,5.600923299789428711e-02,-4.658162221312522888e-02,6.332889944314956665e-02,-1.039397269487380981e-01,-1.047310158610343933e-01,7.514879107475280762e-02,1.144612394273281097e-02,1.364837586879730225e-02,-2.609404921531677246e-02,4.941374808549880981e-02,1.031583026051521301e-01,3.872947394847869873e-02,3.135755285620689392e-02,2.793806605041027069e-02,5.752861872315406799e-02,-1.145863998681306839e-02,-7.017342746257781982e-02,4.793498665094375610e-02,2.236404642462730408e-02,2.245766483247280121e-02,9.406668692827224731e-02,1.239594966173171997e-01,-4.456549882888793945e-03,2.678834600374102592e-03,-1.015014424920082092e-01,1.521300226449966431e-01,1.234248355031013489e-01,5.439411476254463196e-02,6.849001627415418625e-03,-1.682232022285461426e-01,1.196456775069236755e-01,2.069107443094253540e-01
2.530883252620697021e-02,-2.954611927270889282e-02,1.090795323252677917e-01,-1.838613301515579224e-01,3.601535223424434662e-03,9.941312670707702637e-02,-1.237907260656356812e-02,-2.864798530936241150e-02,1.328250914812088013e-01,8.382848650217056274e-02,-3.826402872800827026e-02,6.242263317108154297e-02,8.083906769752502441e-02,-3.681198880076408386e-02,-4.082593321800231934e-02,-1.360013782978057861e-01,5.305925849825143814e-03,1.408510468900203705e-02,4.951968044042587280e-02,9.679546207189559937e-02,8.650028705596923828e-02,-4.905071482062339783e-02,-2.722433768212795258e-02,2.549585998058319092e-01,2.674260437488555908e-01,1.927753724157810211e-02,2.242507785558700562e-02,1.252676248550415039e-01,4.874252155423164368e-02,-1.863864599727094173e-03,-6.537235528230667114e-02,-1.281531900167465210e-01,5.987758561968803406e-02,-4.209675267338752747e-02,-6.660681962966918945e-02,1.210819333791732788e-01,4.337918385863304138e-02,-1.147560328245162964e-01,-5.128763243556022644e-02,2.049257420003414154e-02,4.399919882416725159e-02,-3.670645644888281822e-03,5.779574066400527954e-02,6.855392456054687500e-02,-1.408251281827688217e-02,-1.857243180274963379e-01,-1.217897888273000717e-02,-7.887526415288448334e-03,-4.056961461901664734e-02,-1.584614627063274384e-02,-1.153989881277084351e-02,-4.095003008842468262e-02,-6.415276229381561279e-02,-6.392838433384895325e-03,-1.284891217947006226e-01,-1.027131304144859314e-01,-1.460173875093460083e-01,-4.895239695906639099e-02,-1.842910498380661011e-01,-2.262718416750431061e-02,-1.484144851565361023e-02,1.171198580414056778e-02,-5.198162980377674103e-03,5.862473323941230774e-02,1.654546111822128296e-01,-6.660729646682739258e-02,1.226121410727500916e-01,1.201442703604698181e-01,-6.266004871577024460e-03,1.380380243062973022e-01,5.579642578959465027e-02,-8.795706182718276978e-02,2.213294059038162231e-01,1.694733053445816040e-01,1.571602523326873779e-01,1.245877966284751892e-01,-8.399225026369094849e-02,-2.336669340729713440e-02,-6.421657651662826538e-02,-3.466548398137092590e-02,1.075922977179288864e-03,-7.148991525173187256e-02,6.021142005920410156e-02,4.058573767542839050e-02,1.006004288792610168e-01,-5.491694435477256775e-02,2.690026536583900452e-02,1.576823368668556213e-02,-5.213071405887603760e-02,-5.713182687759399414e-02,1.219587326049804688e-01,6.864750385284423828e-02,-1.149339005351066589e-01,2.118678577244281769e-02,6.550247780978679657e-03,3.685282170772552490e-02,6.313527375459671021e-02,-4.173106327652931213e-02,7.573400437831878662e-02,-7.464347779750823975e-02,-9.767738729715347290e-02,7.988838106393814087e-02,-2.149831689894199371e-02,3.006550110876560211e-02,1.222847402095794678e-02,2.130212821066379547e-02,8.488653600215911865e-02,4.900704324245452881e-02,6.789519451558589935e-03,3.647409752011299133e-02,4.764055833220481873e-02,1.474991720169782639e-02,-2.014781534671783447e-02,3.294098004698753357e-02,-2.717160154134035110e-03,-1.107557956129312515e-02,1.100132241845130920e-01,1.399333477020263672e-01,-2.161693386733531952e-02,7.226549554616212845e-03,-1.503304988145828247e-01,1.122862845659255981e-01,1.051673516631126404e-01,3.428190946578979492e-02,-4.864693805575370789e-02,-1.844800412654876709e-01,6.957616657018661499e-02,1.849312037229537964e-01
3.259558230638504028e-02,3.304377570748329163e-02,7.934049516916275024e-02,-1.513746231794357300e-01,-3.198747336864471436e-02,1.069909110665321350e-01,3.962413966655731201e-02,-2.325624600052833557e-02,-2.769045531749725342e-03,3.001622110605239868e-02,-6.305589526891708374e-02,-7.962593808770179749e-03,-6.966715306043624878e-02,-1.026713550090789795e-01,8.972518146038055420e-02,-1.405215859413146973e-01,1.966980285942554474e-03,1.218649968504905701e-01,1.134055182337760925e-01,8.790646493434906006e-02,5.354136601090431213e-02,-7.251317799091339111e-02,-1.663994640111923218e-01,2.145587950944900513e-01,2.252899259328842163e-01,1.075310260057449341e-01,-4.826300591230392456e-02,2.133828960359096527e-02,4.139818251132965088e-02,2.302623912692070007e-02,3.142781928181648254e-02,-7.099866122007369995e-02,1.099885702133178711e-01,8.794832974672317505e-02,-3.349859267473220825e-02,1.128670573234558105e-01,6.803126633167266846e-02,-2.626065164804458618e-02,2.502779848873615265e-02,2.248352207243442535e-02,-9.607673622667789459e-03,-1.078712791204452515e-01,-6.095522642135620117e-02,-2.956368960440158844e-02,-9.524007886648178101e-02,-1.870042234659194946e-01,4.587902128696441650e-02,1.430254727602005005e-01,5.462115630507469177e-02,2.119911648333072662e-02,-9.405334480106830597e-03,-1.067391932010650635e-01,1.029505673795938492e-02,8.144113421440124512e-02,-7.812884449958801270e-02,-1.256508529186248779e-01,-1.158563792705535889e-01,2.941820025444030762e-02,-1.090635806322097778e-01,-5.595505703240633011e-03,-6.175647024065256119e-03,-3.981992602348327637e-02,1.677248254418373108e-02,3.717156872153282166e-02,1.403316706418991089e-01,-6.833709031343460083e-02,3.114899061620235443e-02,7.353167235851287842e-02,1.113153845071792603e-01,6.032184883952140808e-02,-1.825330662541091442e-03,-1.249638572335243225e-02,1.629187911748886108e-01,8.362130075693130493e-02,5.056424811482429504e-02,5.262622237205505371e-02,-3.897289186716079712e-02,4.041843488812446594e-02,-8.745422959327697754e-02,2.408086322247982025e-02,-4.706086590886116028e-02,-2.715030126273632050e-02,-2.347747050225734711e-02,8.529175072908401489e-02,9.558524936437606812e-02,1.132606877945363522e-03,1.417050138115882874e-02,-4.441589582711458206e-03,-1.240347102284431458e-01,-1.133509650826454163e-01,5.458758026361465454e-02,1.132267788052558899e-01,-8.465453982353210449e-02,6.071139872074127197e-02,-1.204888299107551575e-01,-4.802059009671211243e-02,1.122565865516662598e-01,8.926530927419662476e-02,-1.227674726396799088e-02,-5.994425714015960693e-02,-7.012630254030227661e-02,2.854131534695625305e-02,2.593933604657649994e-02,1.283598095178604126e-01,4.523593932390213013e-02,-9.186146408319473267e-02,1.187728121876716614e-01,5.770882964134216309e-02,2.719062194228172302e-02,5.461301654577255249e-02,2.268952690064907074e-02,1.005581989884376526e-01,1.082896515727043152e-01,-3.018037229776382446e-02,3.744322806596755981e-02,5.646830424666404724e-02,-6.075996905565261841e-02,3.080048784613609314e-02,3.341967239975929260e-02,1.252587437629699707e-01,-1.207241341471672058e-01,8.685383945703506470e-02,5.141117051243782043e-02,5.945079773664474487e-02,-6.604426540434360504e-03,-2.216300070285797119e-01,-5.269806366413831711e-03,1.319532692432403564e-01
4.757184162735939026e-02,8.167204260826110840e-02,1.400129050016403198e-01,-9.912195801734924316e-02,8.378329128026962280e-02,6.965443491935729980e-02,-4.431023448705673218e-02,3.024522401392459869e-02,3.147878497838973999e-02,-1.661746180616319180e-03,-2.482348121702671051e-02,-3.148932475596666336e-03,-6.186317279934883118e-02,-8.688294887542724609e-02,8.348575979471206665e-02,-8.746168762445449829e-02,-1.666710153222084045e-02,6.915663927793502808e-02,4.097112640738487244e-02,9.271574020385742188e-02,2.309751696884632111e-02,-2.127909846603870392e-02,-8.869648724794387817e-02,1.489652246236801147e-01,1.696843206882476807e-01,9.391745924949645996e-02,-2.137189172208309174e-02,7.497427612543106079e-02,5.694842338562011719e-02,3.551562130451202393e-02,5.579996109008789062e-02,-1.408910155296325684e-01,5.807286128401756287e-02,4.812908545136451721e-02,-1.079051569104194641e-01,8.931095153093338013e-02,1.157753393054008484e-01,-5.621229112148284912e-02,-2.835282310843467712e-02,6.806822121143341064e-02,-3.386673703789710999e-02,-9.891108423471450806e-02,-6.853435188531875610e-02,-1.156108640134334564e-02,7.913185283541679382e-03,-1.567043364048004150e-01,3.752456232905387878e-02,1.002815887331962585e-01,6.634423136711120605e-02,4.857778549194335938e-05,4.132606461644172668e-02,-1.366135627031326294e-01,-2.440280653536319733e-02,4.336321353912353516e-02,-5.649133026599884033e-02,-5.867183580994606018e-02,-1.101274639368057251e-01,2.240124903619289398e-02,-9.788113087415695190e-02,-4.691429436206817627e-02,-1.157627403736114502e-01,-5.772481486201286316e-02,-2.815905399620532990e-02,5.428390577435493469e-02,1.724916994571685791e-01,-3.296158090233802795e-02,4.107906669378280640e-02,2.690332941710948944e-02,2.309209480881690979e-02,-1.909622550010681152e-02,-4.154532775282859802e-02,-2.376293577253818512e-02,1.430612355470657349e-01,1.050648838281631470e-01,3.497577086091041565e-02,5.685203149914741516e-02,7.536327000707387924e-03,1.070079430937767029e-01,-1.090760342776775360e-02,-1.175480429083108902e-02,-4.765289276838302612e-02,-1.669925078749656677e-02,5.227795615792274475e-02,1.047244742512702942e-01,5.035872012376785278e-02,2.041538804769515991e-02,2.150013297796249390e-02,5.114719271659851074e-03,-7.463058829307556152e-02,-1.706308871507644653e-01,1.976640708744525909e-02,9.286525100469589233e-02,-8.792831003665924072e-02,6.769046653062105179e-03,-9.748073667287826538e-02,-3.843263536691665649e-02,1.151288375258445740e-01,9.899769723415374756e-02,-4.763933643698692322e-02,-5.774547904729843140e-02,8.221619762480258942e-03,9.535242617130279541e-02,3.613126277923583984e-02,9.871891140937805176e-02,9.319250285625457764e-02,-5.216326937079429626e-02,9.611780196428298950e-02,3.030140697956085205e-02,-1.668545603752136230e-02,6.245154514908790588e-02,4.724885523319244385e-02,9.111303836107254028e-02,4.862282425165176392e-02,2.997933141887187958e-02,8.484124392271041870e-02,9.848683327436447144e-02,2.362532541155815125e-02,2.243994176387786865e-02,8.602703921496868134e-03,1.269739866256713867e-01,-1.222783103585243225e-01,5.445588752627372742e-02,5.991224199533462524e-02,5.462962016463279724e-02,-6.259060930460691452e-03,-2.155105620622634888e-01,-4.680789262056350708e-02,1.351039409637451172e-01
1.785934716463088989e-02,-3.380374982953071594e-02,5.075976252555847168e-03,-1.056132018566131592e-01,1.183142736554145813e-01,6.791666895151138306e-02,1.397405471652746201e-02,-4.729355126619338989e-02,1.655638590455055237e-02,3.511986136436462402e-02,-3.747304901480674744e-02,4.273686092346906662e-03,4.921367019414901733e-02,-5.708058550953865051e-02,3.897723555564880371e-02,-1.092525497078895569e-01,-9.458735585212707520e-03,9.242869913578033447e-02,6.551671773195266724e-02,5.171309784054756165e-02,-2.487652376294136047e-02,-1.778409183025360107e-01,-6.083738058805465698e-02,1.641325950622558594e-01,2.021244764328002930e-01,2.965051680803298950e-02,4.932941123843193054e-02,1.697731763124465942e-02,3.576328977942466736e-02,-6.287598609924316406e-02,-1.963303424417972565e-02,-1.124390438199043274e-01,-1.266545709222555161e-02,-5.818807333707809448e-02,-6.303404457867145538e-03,1.245981678366661072e-01,1.731308922171592712e-02,-5.571560934185981750e-02,8.950560353696346283e-03,6.250081956386566162e-02,2.807722240686416626e-02,-3.294488042593002319e-02,9.449181705713272095e-02,4.665391147136688232e-02,-6.968530267477035522e-02,-8.136160671710968018e-02,8.643270283937454224e-02,1.264731585979461670e-01,-1.800795271992683411e-02,2.831979840993881226e-02,1.085700560361146927e-02,-6.936197727918624878e-02,-1.201450750231742859e-01,-9.148568660020828247e-02,-3.945140540599822998e-02,-7.945954054594039917e-02,-6.147344782948493958e-02,-5.909204483032226562e-02,-1.514533013105392456e-01,1.292034517973661423e-02,1.371501944959163666e-03,-1.897670328617095947e-02,4.170785471796989441e-02,5.484870076179504395e-02,1.736409068107604980e-01,-3.343630954623222351e-02,9.681790322065353394e-02,8.900719881057739258e-02,2.687137760221958160e-02,7.329735904932022095e-02,1.189965382218360901e-02,-3.759598731994628906e-02,2.227100878953933716e-01,1.018300876021385193e-01,8.487615734338760376e-02,1.019525900483131409e-01,-2.274296618998050690e-02,-1.368219498544931412e-02,-4.016987234354019165e-02,-3.513444587588310242e-02,3.240186022594571114e-03,3.914541751146316528e-02,1.451669959351420403e-03,1.644138060510158539e-02,1.955644041299819946e-01,3.192659467458724976e-02,-1.339170522987842560e-02,-2.741799503564834595e-02,-1.386653631925582886e-01,-9.250474721193313599e-02,9.670476615428924561e-02,5.206414312124252319e-02,4.726850893348455429e-03,1.070124655961990356e-02,-5.512606352567672729e-02,5.388447269797325134e-02,3.856877796351909637e-03,-1.031162496656179428e-02,-6.727682799100875854e-02,-6.690811365842819214e-02,-1.281971950083971024e-02,1.024846062064170837e-01,4.929896816611289978e-02,5.574258044362068176e-03,-5.430639535188674927e-02,-5.837988108396530151e-02,4.585891216993331909e-02,9.821393340826034546e-02,1.391890496015548706e-01,5.568878725171089172e-02,-8.536965586245059967e-03,7.801459729671478271e-02,2.527461387217044830e-02,4.544494207948446274e-03,2.065029460936784744e-03,1.023727282881736755e-01,1.163799501955509186e-02,-2.156760357320308685e-02,-5.768756195902824402e-02,1.147438064217567444e-01,-9.378889203071594238e-02,-8.286642841994762421e-03,5.793614313006401062e-02,4.355742037296295166e-02,3.731292672455310822e-03,-1.227102950215339661e-01,-1.807748898863792419e-02,2.230752706527709961e-01
3.621564060449600220e-02,5.540911853313446045e-02,6.957966089248657227e-02,-8.867035061120986938e-02,8.047324419021606445e-02,1.644576787948608398e-01,6.354361772537231445e-02,6.977504584938287735e-03,3.241823986172676086e-02,6.767971813678741455e-02,-4.222220182418823242e-02,1.952968724071979523e-02,-5.558853968977928162e-02,-4.769996553659439087e-02,1.301365047693252563e-01,-1.195160970091819763e-01,-2.754125557839870453e-02,3.650496155023574829e-02,1.308449823409318924e-02,1.243477985262870789e-01,8.096095174551010132e-02,-5.969683080911636353e-02,-9.067581593990325928e-02,2.312715053558349609e-01,2.432911098003387451e-01,6.352866441011428833e-02,-6.133333593606948853e-02,1.532833836972713470e-02,5.396306887269020081e-02,-6.804609298706054688e-02,-5.573185160756111145e-03,5.026338249444961548e-02,6.108563393354415894e-02,8.232352137565612793e-02,-1.142602041363716125e-01,1.086897477507591248e-01,3.257664665579795837e-02,-6.421174108982086182e-02,-2.051941305398941040e-02,6.115662679076194763e-02,3.273928165435791016e-02,-5.791261419653892517e-02,-4.304860532283782959e-02,-2.801418118178844452e-02,-1.066133901476860046e-01,-2.034994661808013916e-01,-6.448937952518463135e-02,5.503659695386886597e-02,4.850564897060394287e-02,-2.245840802788734436e-02,-1.101288292557001114e-02,-5.615860596299171448e-02,9.779518842697143555e-02,4.516827687621116638e-02,-4.033574834465980530e-02,-6.923817098140716553e-02,-1.437608003616333008e-01,-1.022076606750488281e-02,-8.165341615676879883e-02,-2.111523039638996124e-02,-7.760786265134811401e-02,1.986849680542945862e-02,7.751064002513885498e-02,8.505246043205261230e-02,1.243187263607978821e-01,-1.085594594478607178e-01,6.875803321599960327e-02,8.208185434341430664e-02,8.615304529666900635e-02,5.950308591127395630e-02,-1.011334080249071121e-02,-8.072077482938766479e-02,1.818075925111770630e-01,1.089041680097579956e-01,5.552023649215698242e-02,4.792627319693565369e-02,-4.784533753991127014e-02,1.508401334285736084e-02,-4.855712875723838806e-03,9.171687066555023193e-02,-5.593528598546981812e-02,-8.019920438528060913e-02,4.431112483143806458e-02,1.533591598272323608e-01,5.295006930828094482e-02,-7.903543114662170410e-02,-4.191423580050468445e-02,4.728186130523681641e-02,-1.426003575325012207e-01,-1.915147751569747925e-01,4.569043591618537903e-02,1.316281110048294067e-01,-2.764185145497322083e-02,5.898112431168556213e-02,-4.851718991994857788e-02,2.570700086653232574e-02,2.910661511123180389e-02,5.588385835289955139e-02,-8.096290379762649536e-02,-5.917021259665489197e-02,-4.181981086730957031e-02,-3.617337346076965332e-02,2.351181209087371826e-02,1.258196383714675903e-01,9.209866076707839966e-02,-2.092800848186016083e-02,1.088148504495620728e-01,7.124716788530349731e-02,3.440082818269729614e-02,8.192300796508789062e-02,-8.249233663082122803e-02,5.720225162804126740e-03,6.267021596431732178e-02,-1.003437209874391556e-02,8.633301407098770142e-02,4.071034025400876999e-03,5.319068208336830139e-03,6.223670020699501038e-02,-2.116319257766008377e-03,4.029361903667449951e-02,-1.185740306973457336e-01,7.253699004650115967e-02,-2.462377771735191345e-02,9.894475340843200684e-02,-5.096659529954195023e-03,-2.186347544193267822e-01,-4.252585396170616150e-02,1.387310214340686798e-02
2.324490062892436981e-02,4.317393153905868530e-02,1.461618989706039429e-01,-1.440302729606628418e-01,3.870951011776924133e-02,7.218828797340393066e-02,1.013890840113162994e-02,2.375289611518383026e-02,7.366588711738586426e-02,5.449591949582099915e-02,-1.270632445812225342e-01,-2.859715372323989868e-02,-8.706732839345932007e-02,-1.070122569799423218e-01,9.760580211877822876e-02,-3.123345598578453064e-02,-5.253322422504425049e-02,6.017210334539413452e-02,1.286044418811798096e-01,6.256180256605148315e-02,5.748878419399261475e-02,-9.469124674797058105e-02,-1.003192737698554993e-01,9.866738319396972656e-02,1.878716349601745605e-01,-4.343802481889724731e-02,3.031236492097377777e-02,2.869774401187896729e-02,4.302150756120681763e-02,-7.165871560573577881e-02,-3.987934812903404236e-02,6.804641336202621460e-02,-8.088362216949462891e-02,-3.666800633072853088e-02,-4.168224707245826721e-02,8.413635194301605225e-02,-2.395534701645374298e-02,-6.623362004756927490e-02,-5.846937373280525208e-02,1.117411404848098755e-01,-3.026785328984260559e-02,3.064578212797641754e-02,7.536455243825912476e-02,-2.966096857562661171e-03,-2.182657122611999512e-01,-1.343436390161514282e-01,-1.102831773459911346e-02,5.560743808746337891e-02,-3.622626513242721558e-02,-1.009494438767433167e-01,-1.743398979306221008e-02,-1.167166903614997864e-01,-5.592916160821914673e-02,2.130594337359070778e-03,-1.878204382956027985e-02,1.039330381900072098e-02,-3.987369313836097717e-02,-4.008429870009422302e-02,-7.095421105623245239e-02,-1.006721984595060349e-03,-6.178530678153038025e-02,6.525208055973052979e-02,1.335560828447341919e-01,8.545817434787750244e-02,1.845796853303909302e-01,2.119235508143901825e-02,8.443611115217208862e-02,3.926888108253479004e-02,4.260126128792762756e-02,8.172995597124099731e-02,-8.127389475703239441e-03,-5.109065398573875427e-02,2.445513755083084106e-01,1.351928412914276123e-01,-6.815238390117883682e-03,1.005393415689468384e-01,5.446219444274902344e-02,9.112028032541275024e-02,-4.590566456317901611e-02,1.332338154315948486e-02,-3.717880323529243469e-02,1.842921786010265350e-02,-3.412063047289848328e-02,6.321034580469131470e-02,1.021162420511245728e-01,3.369083628058433533e-02,1.558639388531446457e-02,4.740023985505104065e-03,-2.838420867919921875e-02,-8.373960852622985840e-02,9.540031105279922485e-02,1.795511245727539062e-01,-5.578768625855445862e-02,1.749801635742187500e-02,-3.924037143588066101e-02,-1.568269170820713043e-02,1.318567693233489990e-01,1.002235487103462219e-01,5.425353348255157471e-02,-5.359521135687828064e-02,-2.503577806055545807e-02,1.098081022500991821e-01,7.473060488700866699e-02,2.729860879480838776e-02,-2.482586354017257690e-02,-1.835699528455734253e-01,1.383188664913177490e-01,1.184152960777282715e-01,3.906293213367462158e-02,5.536698922514915466e-02,3.325993195176124573e-02,1.436305940151214600e-01,8.137019723653793335e-02,-1.007358916103839874e-02,4.583131521940231323e-02,-5.844097211956977844e-02,-9.166490286588668823e-03,-8.318172767758369446e-03,-4.129830747842788696e-02,8.929277956485748291e-02,-2.067410498857498169e-01,9.438214451074600220e-02,7.421740889549255371e-02,2.035050652921199799e-02,-1.352954655885696411e-01,-1.912370175123214722e-01,-6.468047946691513062e-02,1.856432557106018066e-01
3.035297384485602379e-03,5.854959040880203247e-02,1.151501387357711792e-01,-1.333852708339691162e-01,3.636701265349984169e-03,7.103833556175231934e-02,3.125776071101427078e-03,2.191714011132717133e-02,6.149612739682197571e-02,-2.372445352375507355e-02,-6.977768987417221069e-02,-4.891796782612800598e-02,-1.105207279324531555e-01,-1.566856354475021362e-01,9.412283450365066528e-02,-6.766029447317123413e-02,-4.457741975784301758e-03,4.848272725939750671e-02,3.879139944911003113e-02,8.306609094142913818e-02,1.645863242447376251e-02,-5.652689188718795776e-02,-1.009182408452033997e-01,1.663593053817749023e-01,1.888229101896286011e-01,3.359608352184295654e-02,1.844470947980880737e-02,8.331398665904998779e-02,4.420660436153411865e-02,5.510764569044113159e-02,2.828855998814105988e-02,-1.104546263813972473e-01,7.408472895622253418e-02,8.479218184947967529e-02,-9.206790477037429810e-02,1.025828123092651367e-01,7.589151710271835327e-02,-7.540722191333770752e-02,-7.530122995376586914e-02,2.608541771769523621e-02,-3.732560947537422180e-02,-5.332859605550765991e-02,-2.570530585944652557e-02,2.314180880784988403e-02,-4.720782116055488586e-02,-1.455926448106765747e-01,1.024654414504766464e-02,6.902734935283660889e-02,5.273707211017608643e-02,-4.541638121008872986e-02,-2.364421077072620392e-02,-1.368288993835449219e-01,-1.682182215154170990e-02,5.176638811826705933e-02,-6.538359075784683228e-02,-7.032528519630432129e-02,-1.252280771732330322e-01,1.819823682308197021e-02,-1.285398155450820923e-01,-1.378132961690425873e-02,-3.122362866997718811e-02,-1.122162211686372757e-02,1.473719347268342972e-02,2.685046941041946411e-02,8.129550516605377197e-02,-7.091326266527175903e-02,3.149497881531715393e-02,1.756016537547111511e-02,7.934674620628356934e-02,3.901068121194839478e-02,-3.461220115423202515e-02,-6.363316625356674194e-02,1.741901338100433350e-01,1.155805587768554688e-01,7.885438203811645508e-02,4.951789230108261108e-02,-1.103072776459157467e-03,1.248923689126968384e-01,-1.934555475600063801e-03,2.864110656082630157e-02,-2.184685552492737770e-03,-2.247032336890697479e-02,6.320227682590484619e-02,1.134949102997779846e-01,7.781104743480682373e-02,-6.417930591851472855e-03,-4.786948114633560181e-02,-1.230135932564735413e-02,-8.889271318912506104e-02,-1.314485520124435425e-01,3.867561370134353638e-02,9.050246328115463257e-02,-6.011624634265899658e-02,5.855445936322212219e-02,-6.992113590240478516e-02,-1.627012342214584351e-02,8.371748030185699463e-02,8.300065249204635620e-02,-4.868865013122558594e-02,-5.392677150666713715e-03,2.595589123666286469e-02,4.105231910943984985e-02,3.991195559501647949e-02,1.370216310024261475e-01,1.280078142881393433e-01,-5.531176179647445679e-02,1.123631298542022705e-01,3.408136591315269470e-02,3.052177466452121735e-02,7.027123123407363892e-02,4.712637513875961304e-02,4.278769716620445251e-02,1.758331432938575745e-02,8.380930870771408081e-03,6.346442550420761108e-02,5.149989202618598938e-02,-2.121704816818237305e-02,3.579832240939140320e-02,-2.598875667899847031e-03,9.284184128046035767e-02,-1.442439258098602295e-01,1.193152889609336853e-01,6.187997385859489441e-02,1.385736912488937378e-01,3.887174278497695923e-02,-1.699076145887374878e-01,-3.722409531474113464e-02,1.337914019823074341e-01
1.160877868533134460e-01,1.504364460706710815e-01,1.699129194021224976e-01,-2.067382186651229858e-01,1.005168557167053223e-01,1.612887680530548096e-01,-6.188567727804183960e-02,-2.923986641690135002e-03,-9.045591577887535095e-03,2.813380211591720581e-02,-6.576921045780181885e-02,6.547490507364273071e-02,4.226111248135566711e-02,-9.852610528469085693e-02,6.142327189445495605e-02,-7.906933873891830444e-02,-6.980618834495544434e-02,7.505843043327331543e-02,2.899753861129283905e-02,9.214804321527481079e-02,2.058453299105167389e-02,-7.959668338298797607e-02,-8.375675231218338013e-02,1.671056449413299561e-01,2.301969975233078003e-01,3.633797168731689453e-04,1.602297835052013397e-02,-4.897963255643844604e-02,6.362399458885192871e-02,4.055729880928993225e-02,9.103402495384216309e-03,-1.512408256530761719e-01,8.056083321571350098e-02,-5.330826714634895325e-02,-4.135906323790550232e-02,1.378815919160842896e-01,7.598580420017242432e-02,-1.025989130139350891e-01,6.019811704754829407e-02,8.542030304670333862e-02,-4.725301638245582581e-03,-1.991506107151508331e-02,-9.401006251573562622e-02,2.800129354000091553e-03,2.004769397899508476e-03,-3.278144076466560364e-02,1.194976866245269775e-01,8.476789295673370361e-02,-1.800693944096565247e-02,2.945253439247608185e-02,5.111943185329437256e-02,-8.227947354316711426e-02,-7.819433510303497314e-02,-5.404870584607124329e-02,-1.373277306556701660e-01,-1.105046793818473816e-01,-6.984230875968933105e-02,-6.623782962560653687e-02,-2.337243407964706421e-01,-1.593940518796443939e-02,3.218149766325950623e-02,-4.795211181044578552e-02,-2.844007685780525208e-02,8.768719621002674103e-03,1.373283267021179199e-01,-3.517772629857063293e-02,8.593805134296417236e-02,9.739666432142257690e-02,9.555118530988693237e-02,1.381834149360656738e-01,1.158164814114570618e-02,-4.711396619677543640e-02,2.359933257102966309e-01,1.049643158912658691e-01,1.623009592294692993e-01,1.639798879623413086e-01,-4.161830991506576538e-02,9.011496603488922119e-02,1.592581719160079956e-02,3.957164660096168518e-02,1.931507326662540436e-02,-2.447878755629062653e-02,-3.830890869721770287e-03,3.614456206560134888e-02,1.189256180077791214e-02,-7.390382885932922363e-02,-4.512175917625427246e-02,-5.212709307670593262e-02,-1.108819544315338135e-01,2.382810227572917938e-03,1.289827674627304077e-01,8.668170124292373657e-02,-1.216416880488395691e-01,3.369077667593955994e-02,-3.178687021136283875e-02,-3.447337448596954346e-02,5.647549405694007874e-02,7.480034977197647095e-02,3.654996678233146667e-02,-6.048341095447540283e-02,-8.619410544633865356e-02,9.968759864568710327e-02,-3.623674437403678894e-02,4.099112004041671753e-02,5.152322724461555481e-02,-3.109745122492313385e-02,1.802607327699661255e-01,9.639557451009750366e-02,2.525388449430465698e-02,5.593944340944290161e-02,-5.627096816897392273e-02,1.187128573656082153e-02,-1.185748912394046783e-02,-3.644660115242004395e-02,6.438821088522672653e-03,8.063973486423492432e-02,2.501445449888706207e-02,6.868933141231536865e-02,-4.474581778049468994e-02,2.930537797510623932e-02,-1.461071372032165527e-01,1.133966296911239624e-01,1.414596736431121826e-01,8.024691045284271240e-02,-5.599490925669670105e-02,-1.951120644807815552e-01,-6.823492702096700668e-03,1.638514697551727295e-01
7.010284811258316040e-03,4.315426945686340332e-02,-1.328579187393188477e-01,-1.592356860637664795e-01,-5.049885064363479614e-02,1.028302907943725586e-01,-1.051212996244430542e-01,2.639937400817871094e-02,1.229888666421175003e-02,2.157743275165557861e-02,-1.886980980634689331e-02,-1.011833846569061279e-01,-1.224419549107551575e-01,-6.101790443062782288e-02,-1.256956811994314194e-02,-1.271356195211410522e-01,1.003213785588741302e-02,4.142799600958824158e-02,7.710822671651840210e-02,1.094099804759025574e-01,7.554041594266891479e-02,-7.810532301664352417e-02,-5.394882522523403168e-03,1.457297950983047485e-01,1.582636386156082153e-01,2.418155549094080925e-03,-1.747456938028335571e-02,-3.100125305354595184e-02,-6.398489326238632202e-02,-3.933544456958770752e-02,-4.115853458642959595e-02,-1.007005497813224792e-01,-4.787896573543548584e-02,-3.362940391525626183e-03,-1.360787153244018555e-01,4.341755434870719910e-02,8.245644718408584595e-02,-1.743801534175872803e-01,-8.711419999599456787e-02,-6.798326224088668823e-02,-4.799365252256393433e-02,-1.347891539335250854e-01,6.302004214376211166e-03,7.744184136390686035e-02,-1.030416488647460938e-01,-1.337617933750152588e-01,-4.882244020700454712e-02,4.021456465125083923e-02,1.039678156375885010e-01,7.817167043685913086e-02,8.153465390205383301e-02,-1.212530508637428284e-01,-4.746092483401298523e-02,4.699071124196052551e-02,-9.751202166080474854e-02,-9.903784096240997314e-02,-3.969457000494003296e-02,-4.545537009835243225e-02,-1.472036391496658325e-01,-5.314351245760917664e-02,-2.083431929349899292e-02,1.599139533936977386e-02,-5.781496409326791763e-03,2.411897061392664909e-03,2.078925371170043945e-01,-4.811577033251523972e-03,3.317083045840263367e-02,8.739684522151947021e-02,8.613100647926330566e-02,2.030336409807205200e-01,5.124662071466445923e-02,-7.558954507112503052e-02,2.008497864007949829e-01,1.882764101028442383e-01,2.955079451203346252e-02,6.316997855901718140e-02,9.886687621474266052e-03,5.467918515205383301e-02,3.980135917663574219e-02,1.811213791370391846e-02,-3.209900110960006714e-02,-5.520714446902275085e-02,1.604299992322921753e-02,-6.770566571503877640e-03,-7.407529279589653015e-03,-6.011442281305789948e-03,4.459077119827270508e-02,4.622074961662292480e-02,-1.919308453798294067e-01,-1.402221471071243286e-01,1.256834566593170166e-01,1.128055080771446228e-01,-1.384783536195755005e-02,3.350361809134483337e-02,-5.345747992396354675e-02,-1.229273378849029541e-01,7.680858671665191650e-02,-2.284787595272064209e-02,1.138589605689048767e-01,1.188114844262599945e-02,-3.553371503949165344e-02,8.076490834355354309e-03,1.323697064071893692e-02,-2.623545564711093903e-02,5.087324604392051697e-02,-6.999139487743377686e-02,1.414939314126968384e-01,1.289793998003005981e-01,6.206796318292617798e-02,8.415310084819793701e-02,9.056050330400466919e-03,2.376100048422813416e-02,8.726722747087478638e-02,2.513355761766433716e-02,6.952441483736038208e-02,-2.574232220649719238e-02,2.497067302465438843e-02,-3.386804834008216858e-02,7.862692326307296753e-02,1.366891115903854370e-01,-9.934943914413452148e-02,1.703720688819885254e-01,3.239486739039421082e-02,1.167677715420722961e-01,-1.803610473871231079e-02,-1.391936242580413818e-01,7.275725156068801880e-02,1.975465267896652222e-01
2.668685279786586761e-02,6.116401776671409607e-02,1.365377902984619141e-01,-1.018257439136505127e-01,5.520123243331909180e-02,2.097672522068023682e-01,1.428983807563781738e-01,-1.369164232164621353e-02,-2.486779913306236267e-02,3.135692700743675232e-02,-1.656638085842132568e-01,-1.295971572399139404e-01,-5.434267595410346985e-02,-7.473707199096679688e-02,5.374721065163612366e-02,-1.196504533290863037e-01,2.209187485277652740e-02,6.085781380534172058e-02,7.699587941169738770e-02,1.670031398534774780e-01,9.563598781824111938e-02,-2.121156826615333557e-02,-1.072160154581069946e-01,2.160734385251998901e-01,2.311536073684692383e-01,2.223849296569824219e-04,-7.494161278009414673e-02,-6.478354334831237793e-02,4.518710449337959290e-02,-7.705824822187423706e-02,1.452766917645931244e-02,8.071365766227245331e-03,1.501708328723907471e-01,6.512883305549621582e-02,-9.626150876283645630e-02,1.112323254346847534e-01,1.599127501249313354e-01,-1.197877451777458191e-01,-2.451715059578418732e-02,6.211204826831817627e-02,1.384640485048294067e-02,-5.085632205009460449e-03,-7.819889485836029053e-02,-7.089108228683471680e-03,-1.238056570291519165e-01,-2.045338004827499390e-01,-8.932780474424362183e-02,2.737290970981121063e-02,4.929302260279655457e-02,-1.517185103148221970e-02,-2.819693461060523987e-02,-9.161952137947082520e-02,6.173047050833702087e-02,5.854801461100578308e-02,-8.710077404975891113e-02,-1.505987644195556641e-01,-2.103812992572784424e-01,-9.117469191551208496e-03,-6.904853135347366333e-02,-2.918920246884226799e-03,-4.226486757397651672e-02,5.537854507565498352e-02,9.121024608612060547e-02,1.468958854675292969e-01,1.614669263362884521e-01,-7.079209387302398682e-02,4.511432722210884094e-02,9.634547680616378784e-02,1.467167735099792480e-01,1.017807945609092712e-01,-4.374169185757637024e-02,-3.485286235809326172e-02,1.935900747776031494e-01,1.280318051576614380e-01,3.544138744473457336e-02,8.733147382736206055e-02,-1.869770511984825134e-02,7.031437009572982788e-02,-3.772848099470138550e-02,8.815125375986099243e-02,-2.698996290564537048e-02,1.897779526188969612e-03,6.698101013898849487e-02,1.052517294883728027e-01,9.840289130806922913e-03,-4.825087264180183411e-02,-1.986861601471900940e-02,5.048375204205513000e-02,-8.656086772680282593e-02,-1.784554719924926758e-01,9.222127497196197510e-02,1.253719776868820190e-01,-4.421656578779220581e-02,7.471013069152832031e-02,1.806414127349853516e-02,7.569210976362228394e-02,8.452701568603515625e-02,8.249860256910324097e-02,-7.446926832199096680e-02,-6.291451305150985718e-02,-2.480948576703667641e-03,4.079204425215721130e-02,-6.062964722514152527e-02,6.549834460020065308e-02,1.333835422992706299e-01,9.185328334569931030e-02,7.599104940891265869e-02,6.790672987699508667e-02,1.005591638386249542e-02,7.560116797685623169e-02,-3.356354683637619019e-02,4.629756510257720947e-02,6.990826874971389771e-02,-6.434199959039688110e-02,3.732713311910629272e-02,1.171699073165655136e-02,-7.437585294246673584e-02,3.354446729645133018e-03,-7.064043311402201653e-04,7.592360675334930420e-02,-1.489803940057754517e-01,1.085440516471862793e-01,-9.387843310832977295e-03,8.828148245811462402e-02,-6.392377614974975586e-02,-1.954364925622940063e-01,-3.565670177340507507e-02,1.197224706411361694e-01
7.893100380897521973e-02,1.118966788053512573e-01,1.265754997730255127e-01,-1.376684159040451050e-01,7.702704519033432007e-02,6.491549313068389893e-02,2.986663021147251129e-02,-5.710102245211601257e-02,3.571063652634620667e-02,-1.467426493763923645e-02,-3.952680155634880066e-02,-3.231454174965620041e-03,-8.409712463617324829e-02,-4.985489696264266968e-02,8.821380138397216797e-02,-1.273145675659179688e-01,-5.352276563644409180e-02,3.212680667638778687e-02,3.796009719371795654e-02,4.743907228112220764e-02,2.030135318636894226e-02,-6.855645030736923218e-02,-1.089577823877334595e-01,1.846184730529785156e-01,1.805326938629150391e-01,9.007799625396728516e-02,-3.168648108839988708e-02,5.482320208102464676e-03,2.505990304052829742e-02,8.886667899787425995e-03,-8.700657635927200317e-03,-1.139691397547721863e-01,1.037434861063957214e-01,1.284991800785064697e-01,-1.214230284094810486e-01,1.015235185623168945e-01,6.867195665836334229e-02,-8.675842732191085815e-02,-4.471500590443611145e-02,6.125866621732711792e-02,1.137189660221338272e-02,-3.402268886566162109e-02,-1.072642579674720764e-02,-4.493995010852813721e-02,-8.773367106914520264e-02,-1.753472089767456055e-01,2.436396852135658264e-02,8.551965653896331787e-02,-2.400139719247817993e-02,-1.943111419677734375e-05,-3.291647881269454956e-02,-1.181768998503684998e-01,1.759651303291320801e-02,3.981266915798187256e-02,-1.166787967085838318e-01,-9.457734972238540649e-02,-7.557387650012969971e-02,-5.583127588033676147e-02,-1.203298866748809814e-01,-5.949554964900016785e-02,-6.308510899543762207e-02,-5.112573131918907166e-02,7.694335281848907471e-02,2.665829472243785858e-02,1.523802578449249268e-01,-1.608387939631938934e-02,7.572810351848602295e-02,9.350909292697906494e-02,7.473015785217285156e-02,6.108479946851730347e-02,-1.676920615136623383e-02,-4.515920579433441162e-02,1.159599795937538147e-01,9.872005134820938110e-02,1.636859774589538574e-01,9.979803115129470825e-02,-4.978393763303756714e-02,7.870529592037200928e-02,1.055785454809665680e-02,-2.327116951346397400e-02,-4.147886647842824459e-04,-6.040111649781465530e-03,4.933157563209533691e-02,1.160430088639259338e-01,1.062967851758003235e-01,-1.038072817027568817e-02,-2.855960093438625336e-02,-8.378075063228607178e-02,-1.187536567449569702e-01,-1.100659370422363281e-01,8.028829842805862427e-02,9.850300103425979614e-02,-6.443437933921813965e-02,6.000296398997306824e-02,-1.321103125810623169e-01,-7.422885298728942871e-02,5.123496428132057190e-02,8.834076672792434692e-02,-1.355302520096302032e-02,-2.417295798659324646e-02,-7.143512368202209473e-02,1.410107500851154327e-02,2.899003587663173676e-02,3.237393870949745178e-02,3.229090943932533264e-02,-8.555464446544647217e-02,1.415492147207260132e-01,7.378005981445312500e-02,1.843539532274007797e-03,6.982676684856414795e-02,3.429949283599853516e-04,1.039096787571907043e-01,1.024333462119102478e-01,3.213781863451004028e-03,4.878281056880950928e-02,6.923315674066543579e-02,-4.506703466176986694e-02,1.681827753782272339e-02,3.022235818207263947e-02,8.684676140546798706e-02,-9.979092329740524292e-02,3.326221928000450134e-02,3.360045701265335083e-02,-1.680293306708335876e-02,-9.640572592616081238e-03,-1.842299252748489380e-01,-6.722915917634963989e-02,1.447415798902511597e-01
7.652889937162399292e-02,9.264946728944778442e-02,-6.760630756616592407e-02,-1.173179820179939270e-01,8.631806820631027222e-02,8.074150979518890381e-02,-4.900981113314628601e-02,4.871647804975509644e-02,5.747200548648834229e-02,4.162184894084930420e-02,7.869973778724670410e-03,1.323515363037586212e-02,-6.911855936050415039e-02,-1.039788499474525452e-01,9.451340138912200928e-02,-7.843615114688873291e-02,-1.235800515860319138e-02,7.304070889949798584e-02,-5.051371455192565918e-02,7.082338631153106689e-02,1.030335724353790283e-01,-9.513619542121887207e-02,-4.654676839709281921e-02,1.133290305733680725e-01,1.154486089944839478e-01,-3.321221098303794861e-02,9.098129346966743469e-03,8.869113773107528687e-02,9.108797647058963776e-03,-5.323771387338638306e-02,3.179553523659706116e-02,-1.323946714401245117e-01,-4.505401104688644409e-02,1.136688292026519775e-01,-1.458446532487869263e-01,9.271999448537826538e-02,8.440788090229034424e-02,-9.535252302885055542e-02,-7.970173656940460205e-02,-2.634922415018081665e-02,3.777082636952400208e-02,2.029402367770671844e-02,3.907873481512069702e-02,3.554267063736915588e-02,-8.307744562625885010e-02,-6.101270392537117004e-02,3.478029370307922363e-02,1.951413601636886597e-02,2.154791355133056641e-02,-4.727389290928840637e-02,-2.111046388745307922e-02,-4.342650994658470154e-02,5.626804381608963013e-02,2.875482663512229919e-02,8.922513807192444801e-04,-1.525453571230173111e-02,-5.773321166634559631e-02,-1.365555729717016220e-02,-9.898992627859115601e-02,-4.808044433593750000e-02,-3.863073512911796570e-02,6.761716306209564209e-02,3.359569609165191650e-02,1.421874165534973145e-01,1.789230853319168091e-01,-8.304842561483383179e-02,5.117430165410041809e-02,5.421089380979537964e-02,1.313516646623611450e-01,1.127733811736106873e-01,-1.272800378501415253e-02,-1.269515305757522583e-01,2.173445969820022583e-01,1.576490551233291626e-01,8.201173692941665649e-02,6.625863164663314819e-02,-1.737205125391483307e-02,6.839959323406219482e-02,1.989915221929550171e-02,4.557757079601287842e-02,-4.691747575998306274e-02,-5.370135605335235596e-02,7.203684747219085693e-02,9.041186422109603882e-02,5.048321187496185303e-02,-3.209668025374412537e-02,2.348744682967662811e-02,3.857325064018368721e-03,-2.034063786268234253e-01,-6.501870602369308472e-02,5.288626253604888916e-02,1.141538396477699280e-01,-5.860623344779014587e-02,4.136640951037406921e-02,-4.460159689188003540e-02,6.042949110269546509e-02,-2.155485562980175018e-02,8.195259422063827515e-02,1.382495276629924774e-02,1.621846109628677368e-02,2.002370730042457581e-02,4.592915996909141541e-02,6.202889233827590942e-02,1.318025887012481689e-01,1.443497091531753540e-01,-3.350543603301048279e-02,1.311657428741455078e-01,5.269769951701164246e-02,-7.166053634136915207e-03,5.772950127720832825e-02,-5.248775333166122437e-02,-1.194596011191606522e-02,8.407215587794780731e-03,2.469534054398536682e-03,1.234780251979827881e-01,6.742771714925765991e-02,-5.187909305095672607e-02,-2.914574183523654938e-02,1.232755277305841446e-02,1.090604737401008606e-01,-1.182222068309783936e-01,1.250490695238113403e-01,-5.061044171452522278e-02,1.039930358529090881e-01,1.976319029927253723e-02,-1.909660547971725464e-01,-1.627590507268905640e-02,1.436223983764648438e-01
2.061184961348772049e-03,1.094038933515548706e-01,8.429567515850067139e-02,-1.364241093397140503e-01,8.416499942541122437e-02,9.467156976461410522e-02,-9.985639899969100952e-02,6.617990881204605103e-02,1.281651854515075684e-01,1.355153769254684448e-01,-4.004790633916854858e-02,1.909479685127735138e-02,-9.457705914974212646e-02,-2.705239225178956985e-03,1.253440827131271362e-01,-1.104174330830574036e-01,-9.433152526617050171e-02,1.111076772212982178e-01,1.169658303260803223e-01,9.838627278804779053e-02,2.788139320909976959e-02,-8.354361355304718018e-02,6.003348529338836670e-02,1.389152854681015015e-01,1.839922964572906494e-01,3.985271602869033813e-02,-3.689413890242576599e-02,3.972200304269790649e-02,5.248808488249778748e-02,-5.451852455735206604e-02,1.510010380297899246e-02,8.250257372856140137e-02,-1.010312046855688095e-02,3.698934242129325867e-02,-8.498038351535797119e-02,9.306759387254714966e-02,2.291984111070632935e-02,-7.989485561847686768e-02,-4.973191767930984497e-03,5.024335160851478577e-02,3.789186105132102966e-02,-1.608554646372795105e-02,2.606906555593013763e-02,-1.130902115255594254e-02,-2.147973030805587769e-01,-1.201037466526031494e-01,-6.039247382432222366e-03,4.276419430971145630e-02,-1.451742500066757202e-01,4.438925907015800476e-02,3.862331155687570572e-03,-5.663954094052314758e-02,-1.520936470478773117e-02,-6.930986046791076660e-02,-5.413208901882171631e-02,-5.860676243901252747e-02,-5.910852551460266113e-02,-8.526048809289932251e-02,-1.628323793411254883e-01,-3.775374591350555420e-02,-5.397581681609153748e-02,3.198461979627609253e-02,8.091894537210464478e-02,5.378837138414382935e-02,1.620464771986007690e-01,-3.180997446179389954e-02,1.055228244513273239e-02,1.075655221939086914e-01,1.089862659573554993e-01,1.299279183149337769e-01,1.244850084185600281e-02,1.545278821140527725e-03,1.512227505445480347e-01,1.058968901634216309e-01,7.819191366434097290e-02,1.359246075153350830e-01,-4.880285263061523438e-02,8.054928481578826904e-02,9.409983642399311066e-03,8.098481339402496815e-04,-3.746430203318595886e-02,-6.147214025259017944e-02,7.631185650825500488e-02,9.905958920717239380e-02,1.090353354811668396e-01,-1.127127781510353088e-01,-9.834001958370208740e-02,-1.419290993362665176e-02,-4.558509588241577148e-02,-6.761105358600616455e-02,9.540373086929321289e-02,1.118229851126670837e-01,-1.506139989942312241e-02,3.260353207588195801e-02,-1.229342371225357056e-01,-6.764789670705795288e-02,5.564092425629496574e-04,3.183018788695335388e-02,3.700626548379659653e-03,9.169558994472026825e-03,-8.857971057295799255e-03,2.275306545197963715e-02,-7.126653194427490234e-02,4.660531878471374512e-02,-1.192149613052606583e-02,-6.803499162197113037e-02,1.243217214941978455e-01,3.434793278574943542e-02,1.755605451762676239e-02,2.868830226361751556e-02,-8.179202675819396973e-02,-1.480065844953060150e-02,5.319195240736007690e-02,2.833507489413022995e-03,7.773070037364959717e-02,6.704948097467422485e-02,8.648417890071868896e-03,5.418995022773742676e-02,5.595893133431673050e-03,6.429491937160491943e-02,-9.152827411890029907e-02,9.151565283536911011e-02,2.925121225416660309e-02,-4.111428931355476379e-02,-4.880632832646369934e-02,-1.768003106117248535e-01,-6.501938402652740479e-02,1.183799207210540771e-01
6.843598932027816772e-02,1.139815822243690491e-01,1.815377771854400635e-01,-1.291114687919616699e-01,5.905863270163536072e-02,1.119884401559829712e-01,1.241090744733810425e-01,2.238236367702484131e-02,1.195737160742282867e-02,-1.671268604695796967e-02,-1.531338393688201904e-01,-4.663975909352302551e-02,4.070891812443733215e-02,-5.897111818194389343e-02,8.863580971956253052e-02,-1.474398225545883179e-01,1.178979291580617428e-03,6.355531513690948486e-02,4.096565023064613342e-02,1.396076679229736328e-01,-4.248295444995164871e-03,-8.760800957679748535e-02,-1.572435945272445679e-01,2.393901795148849487e-01,2.404037714004516602e-01,2.822474576532840729e-02,-9.982104599475860596e-02,-4.317577555775642395e-02,4.113529622554779053e-02,6.449251435697078705e-03,4.946500808000564575e-02,-1.348651349544525146e-01,1.390807330608367920e-01,2.453582361340522766e-02,-5.805843975394964218e-03,1.056358367204666138e-01,6.251442432403564453e-02,-8.160810172557830811e-02,2.947772480547428131e-02,3.601973876357078552e-02,4.180749505758285522e-02,-1.592581719160079956e-02,-3.173265606164932251e-02,-3.014547377824783325e-02,-2.402171120047569275e-02,-1.487230807542800903e-01,1.099440734833478928e-02,1.338095963001251221e-01,5.788303539156913757e-02,6.763038784265518188e-02,6.598336249589920044e-02,5.689200945198535919e-03,6.488747894763946533e-02,2.951408177614212036e-02,-8.268634974956512451e-02,-1.571660041809082031e-01,-1.734602302312850952e-01,-7.256746292114257812e-02,-1.533266156911849976e-01,-6.183021888136863708e-02,-4.971455410122871399e-02,-2.285594679415225983e-02,2.798851206898689270e-02,9.932731837034225464e-02,1.907626837491989136e-01,-5.459536239504814148e-02,1.163998544216156006e-01,1.144356727600097656e-01,1.360164433717727661e-01,1.627532392740249634e-01,-4.379862546920776367e-02,-7.782037556171417236e-02,1.733028739690780640e-01,6.883758306503295898e-02,8.537932485342025757e-02,1.408448666334152222e-01,-1.302574574947357178e-01,9.837482124567031860e-02,-3.521478921175003052e-02,5.741672217845916748e-02,-1.150476634502410889e-01,-5.562292039394378662e-02,8.317050337791442871e-02,3.174709528684616089e-02,9.980807453393936157e-02,-4.167034476995468140e-02,-5.833782628178596497e-02,1.892626471817493439e-02,-1.069731563329696655e-01,-8.063458651304244995e-02,7.801483571529388428e-02,1.865748316049575806e-02,-1.293586939573287964e-01,2.441510930657386780e-02,-2.598639205098152161e-02,-3.485188586637377739e-03,3.760497272014617920e-02,4.940331727266311646e-02,-4.529993981122970581e-02,-2.790060453116893768e-02,2.086636144667863846e-03,8.735414594411849976e-02,-2.303446875885128975e-03,6.520325690507888794e-02,1.147858500480651855e-01,-1.954470388591289520e-02,5.561709776520729065e-02,3.473400697112083435e-02,1.079213339835405350e-02,2.509486861526966095e-02,-2.401295304298400879e-02,1.181535646319389343e-01,1.159501522779464722e-01,-7.167727500200271606e-02,1.302147656679153442e-02,7.972798496484756470e-02,-2.134013734757900238e-02,8.070203661918640137e-02,-4.996760189533233643e-02,4.532459750771522522e-02,-8.490855991840362549e-02,1.197925209999084473e-01,5.370923504233360291e-02,8.484512567520141602e-02,-2.766153775155544281e-02,-2.619539201259613037e-01,-1.014735922217369080e-01,1.787379533052444458e-01
