1.173651739954948425e-01,9.595563262701034546e-02,2.146427184343338013e-01,-9.988182783126831055e-02,1.721078455448150635e-01,1.134554147720336914e-01,5.338957533240318298e-02,7.566148787736892700e-02,6.753219664096832275e-02,9.054054506123065948e-03,-1.789301335811614990e-01,-3.949025180190801620e-03,5.915058404207229614e-02,-1.000631749629974365e-01,3.480991348624229431e-02,-8.814045786857604980e-02,1.012058183550834656e-02,1.501618535257875919e-03,-1.849291496910154819e-03,1.213730722665786743e-01,2.827158570289611816e-02,-8.356939256191253662e-02,-1.426257044076919556e-01,2.057701349258422852e-01,2.302599996328353882e-01,-2.543660439550876617e-02,-5.501681193709373474e-02,-5.146099720150232315e-03,5.456216633319854736e-02,-9.454295039176940918e-02,-5.508185178041458130e-02,-7.130336016416549683e-02,3.098851069808006287e-02,-1.983596943318843842e-02,-4.722358286380767822e-02,5.545998737215995789e-02,3.037173487246036530e-02,-9.397473186254501343e-02,-4.366659000515937805e-02,8.238633722066879272e-02,-5.239557474851608276e-03,2.309936285018920898e-02,2.143936231732368469e-02,-1.346864085644483566e-02,-1.100789457559585571e-01,-1.344984322786331177e-01,3.429860621690750122e-02,5.619092658162117004e-02,-1.093330755829811096e-01,3.006734699010848999e-02,7.745615392923355103e-02,-5.873631685972213745e-02,-4.657148197293281555e-02,-3.555845096707344055e-02,-7.267039269208908081e-02,-1.035942062735557556e-01,-1.427048295736312866e-01,-5.518117919564247131e-02,-1.424844712018966675e-01,-1.729655452072620392e-02,-6.833857297897338867e-02,-2.366812713444232941e-02,8.962528407573699951e-02,9.154874831438064575e-02,2.397587746381759644e-01,-2.815637551248073578e-02,5.583403259515762329e-02,6.705716252326965332e-02,1.930375210940837860e-02,9.788595885038375854e-02,-1.501056831330060959e-02,-5.953168496489524841e-02,2.405255138874053955e-01,1.424219906330108643e-01,9.496269375085830688e-02,1.411821395158767700e-01,-3.383056819438934326e-02,1.270075589418411255e-01,1.839558035135269165e-02,4.766354337334632874e-02,-1.329018771648406982e-01,-9.915252774953842163e-02,-6.927607953548431396e-02,-1.932779327034950256e-02,1.599808335304260254e-01,7.783395797014236450e-02,-4.494548216462135315e-02,8.425065316259860992e-03,-1.128835752606391907e-01,-2.682006359100341797e-02,1.375357508659362793e-01,1.071926578879356384e-01,-1.499672532081604004e-01,-8.837469853460788727e-03,-5.357188358902931213e-02,-1.723312586545944214e-02,6.729491800069808960e-02,7.333174347877502441e-02,3.424806147813796997e-02,-5.621397867798805237e-02,-5.669383332133293152e-03,1.041764691472053528e-01,3.980704583227634430e-03,3.935005515813827515e-02,-8.446759544312953949e-03,-5.623337998986244202e-02,1.188403591513633728e-01,9.442291408777236938e-02,-3.307717619463801384e-03,1.033299043774604797e-02,1.019820850342512131e-02,8.284224569797515869e-02,4.971217364072799683e-02,-3.272487595677375793e-02,1.095048431307077408e-02,4.732658341526985168e-02,-5.848820134997367859e-02,1.552343647927045822e-02,-6.590763479471206665e-02,2.983572334051132202e-02,-1.272837072610855103e-01,1.405721604824066162e-01,1.422689110040664673e-01,6.943422555923461914e-02,-5.542374029755592346e-02,-2.080247253179550171e-01,-6.360861938446760178e-03,1.879066228866577148e-01
3.218069300055503845e-02,1.907704211771488190e-02,8.450435101985931396e-02,-6.340099871158599854e-02,8.080010116100311279e-02,2.939047664403915405e-02,6.409407593309879303e-03,3.320194408297538757e-02,3.179419413208961487e-02,4.871981218457221985e-02,-7.873968034982681274e-02,3.414512798190116882e-02,-6.806395202875137329e-02,-1.408605277538299561e-01,4.857766255736351013e-02,-1.001096814870834351e-01,-3.266467899084091187e-02,8.671876275911927223e-04,3.367083147168159485e-02,8.526261150836944580e-02,6.164495646953582764e-02,-4.252165555953979492e-02,-4.671543836593627930e-02,5.593558400869369507e-02,1.198344677686691284e-01,-6.616332381963729858e-02,-1.552003994584083557e-02,2.620007470250129700e-02,-3.821736574172973633e-02,-3.319422900676727295e-02,6.326202768832445145e-03,3.711496666073799133e-02,-5.933794379234313965e-02,3.249936178326606750e-02,3.535860776901245117e-02,4.953590780496597290e-02,-5.351560562849044800e-02,-8.141353726387023926e-02,-1.144877541810274124e-02,1.286474335938692093e-02,-2.642844244837760925e-02,-8.458172902464866638e-03,5.450818315148353577e-02,-4.781349375844001770e-02,-1.261510848999023438e-01,-1.443204581737518311e-01,1.424251962453126907e-02,4.735480248928070068e-02,-1.278485506772994995e-01,-7.021585851907730103e-02,7.389410864561796188e-03,-8.639173209667205811e-02,-6.225492805242538452e-02,-3.003325127065181732e-02,-5.342568084597587585e-02,-3.124465234577655792e-02,-3.916252776980400085e-02,-2.746906690299510956e-02,-7.520882785320281982e-02,-1.441810932010412216e-02,-1.613613590598106384e-02,5.837126821279525757e-02,8.625455945730209351e-02,6.789933145046234131e-02,1.158555373549461365e-01,5.166216287761926651e-03,6.026477739214897156e-02,4.217415675520896912e-02,6.025669723749160767e-02,6.038596481084823608e-02,-9.801439940929412842e-02,-2.536223456263542175e-02,1.237173601984977722e-01,6.909675151109695435e-02,2.467187680304050446e-02,1.196162924170494080e-01,4.111795127391815186e-02,5.584235489368438721e-02,2.045887894928455353e-02,8.073449134826660156e-05,-7.270798087120056152e-02,-1.727680303156375885e-02,-6.073488388210535049e-03,1.038083508610725403e-01,1.373269259929656982e-01,5.202449485659599304e-02,6.893412768840789795e-02,1.937117241322994232e-02,-4.764204472303390503e-02,-3.830515593290328979e-02,7.054671645164489746e-02,1.334140002727508545e-01,-9.326084703207015991e-02,5.933117121458053589e-02,-6.144135445356369019e-02,-6.342874467372894287e-02,3.163932263851165771e-02,3.616661950945854187e-02,5.389094725251197815e-02,-8.773639798164367676e-02,-8.560547977685928345e-02,3.271374478936195374e-02,6.092562153935432434e-02,6.427667289972305298e-02,-4.482576996088027954e-02,-9.034931659698486328e-02,1.465899944305419922e-01,1.134134531021118164e-01,3.657446056604385376e-02,3.906891494989395142e-02,-2.477076277136802673e-02,4.626758769154548645e-02,-5.111502856016159058e-02,-5.635886453092098236e-03,5.001236498355865479e-02,2.824225462973117828e-02,-3.929917514324188232e-02,1.632846146821975708e-02,9.379199706017971039e-03,8.279503881931304932e-02,-1.097899749875068665e-01,9.054094552993774414e-02,5.239190906286239624e-02,-1.826878637075424194e-02,-9.819246828556060791e-02,-1.418363749980926514e-01,-6.435516476631164551e-02,1.006770804524421692e-01
1.013539731502532959e-01,5.808403342962265015e-02,1.741398572921752930e-01,-2.396029084920883179e-01,8.687214553356170654e-02,1.449202001094818115e-01,-4.309287294745445251e-02,-4.261066392064094543e-02,-1.306068990379571915e-02,7.896298915147781372e-02,-1.362133473157882690e-01,-7.420731335878372192e-02,3.109959512948989868e-02,-1.751458086073398590e-02,2.962690033018589020e-02,-8.625802397727966309e-02,7.795736938714981079e-02,7.960510253906250000e-02,3.660648688673973083e-02,1.102433279156684875e-01,6.523097306489944458e-02,-5.585111677646636963e-02,-1.350031197071075439e-01,1.754190176725387573e-01,2.415995746850967407e-01,-2.944443374872207642e-02,2.213995158672332764e-02,-4.941591620445251465e-02,5.512885376811027527e-02,1.955399848520755768e-02,1.742719858884811401e-02,-1.255600154399871826e-01,3.382163122296333313e-03,-5.414305627346038818e-02,-7.912641018629074097e-02,1.130680888891220093e-01,9.731810539960861206e-02,-1.027911379933357239e-01,5.209484696388244629e-02,9.576957672834396362e-02,8.307496458292007446e-02,7.463584654033184052e-03,-7.207212597131729126e-02,9.008103981614112854e-03,1.959984749555587769e-02,-1.370208859443664551e-01,3.859344869852066040e-02,8.334083110094070435e-02,-1.595069468021392822e-02,9.498035162687301636e-02,9.942835569381713867e-02,-6.100009381771087646e-02,-1.013641580939292908e-01,-2.018776349723339081e-02,-6.493442505598068237e-02,-1.296762079000473022e-01,-1.295221149921417236e-01,-9.195383638143539429e-02,-1.897023469209671021e-01,6.203352240845561028e-04,4.263934120535850525e-02,3.093732893466949463e-02,1.867654919624328613e-02,5.701995640993118286e-02,2.073885202407836914e-01,-6.247207894921302795e-02,1.162361428141593933e-01,9.136308729648590088e-02,7.788790762424468994e-02,1.196115165948867798e-01,4.310705885291099548e-02,-7.663900405168533325e-02,2.383462935686111450e-01,1.436984539031982422e-01,1.296705901622772217e-01,1.422641277313232422e-01,-4.057892411947250366e-02,6.982012838125228882e-02,-3.707063850015401840e-03,3.294586017727851868e-02,-8.501057326793670654e-02,-8.462992310523986816e-02,6.055756937712430954e-03,-1.629658229649066925e-02,4.091757163405418396e-02,-7.831297069787979126e-02,-1.536189112812280655e-03,-1.074570603668689728e-02,-6.682518869638442993e-02,2.566423267126083374e-02,1.743863970041275024e-01,1.326818317174911499e-01,-1.070177704095840454e-01,5.361060798168182373e-02,2.830964326858520508e-02,-1.887004822492599487e-02,5.884112417697906494e-02,5.964593216776847839e-02,8.545278757810592651e-02,-1.178898513317108154e-01,-3.834467381238937378e-02,1.044299900531768799e-01,1.518928259611129761e-02,2.584468759596347809e-02,5.498472601175308228e-03,-4.730443283915519714e-02,1.039189621806144714e-01,6.454443931579589844e-02,-1.070336252450942993e-02,5.323528125882148743e-02,-2.725304476916790009e-02,1.862977631390094757e-02,3.650318086147308350e-02,-5.894592497497797012e-03,-4.095788672566413879e-02,5.731227993965148926e-02,4.280616715550422668e-02,4.217543825507164001e-02,-1.017054766416549683e-01,-1.071855984628200531e-02,-1.786143332719802856e-01,9.187603741884231567e-02,1.484833210706710815e-01,6.672509014606475830e-02,-8.488626778125762939e-02,-2.407076805830001831e-01,-3.541453927755355835e-02,1.714590340852737427e-01
8.085756003856658936e-02,7.416687160730361938e-02,1.811518073081970215e-01,-2.001882493495941162e-01,8.043941110372543335e-02,1.046031266450881958e-01,-3.523299843072891235e-02,-3.090327046811580658e-02,4.536293447017669678e-02,7.732886075973510742e-02,-1.322211325168609619e-01,-6.935497373342514038e-02,3.300873562693595886e-02,-1.638974808156490326e-02,2.748988568782806396e-02,-7.333333790302276611e-02,4.799885302782058716e-02,5.994042009115219116e-02,2.781430073082447052e-02,9.574515372514724731e-02,3.059066645801067352e-02,-8.694195747375488281e-02,-1.351340115070343018e-01,1.646049618721008301e-01,2.229594886302947998e-01,1.486406475305557251e-02,4.163857549428939819e-02,-2.756978385150432587e-02,1.868992671370506287e-02,-2.227786555886268616e-02,-1.422085706144571304e-02,-1.303791701793670654e-01,3.493831260129809380e-03,-6.571250408887863159e-02,-1.533685997128486633e-02,1.124404370784759521e-01,7.601726800203323364e-02,-9.197532385587692261e-02,4.343626648187637329e-02,1.080222651362419128e-01,9.427770972251892090e-02,1.928549073636531830e-02,-3.308559954166412354e-02,3.108788980171084404e-03,-2.470130287110805511e-02,-1.046425476670265198e-01,4.997704923152923584e-02,1.031950414180755615e-01,-2.518246136605739594e-02,3.674922510981559753e-02,7.334857434034347534e-02,-7.490519434213638306e-02,-9.158781915903091431e-02,-2.411824278533458710e-02,-6.526435911655426025e-02,-1.230216026306152344e-01,-9.724976122379302979e-02,-6.548544019460678101e-02,-1.870520412921905518e-01,1.812613941729068756e-02,3.881776332855224609e-02,9.137822315096855164e-03,1.307490374892950058e-02,-9.667273610830307007e-03,1.817405074834823608e-01,-7.979424297809600830e-02,1.028862893581390381e-01,9.002223610877990723e-02,7.743956893682479858e-02,1.171494275331497192e-01,3.063780255615711212e-02,-1.231292113661766052e-01,2.040740102529525757e-01,1.253435909748077393e-01,1.164784729480743408e-01,1.240771710872650146e-01,-1.511836983263492584e-02,6.905392557382583618e-02,5.540969315916299820e-03,5.746926181018352509e-03,-4.842790216207504272e-02,-2.803017199039459229e-02,-2.840993739664554596e-02,8.999848738312721252e-03,7.287881523370742798e-02,-4.912483692169189453e-02,1.140247005969285965e-02,1.719984598457813263e-02,-1.242799963802099228e-02,-1.546375639736652374e-02,1.577993482351303101e-01,1.270031929016113281e-01,-1.087054163217544556e-01,3.147530183196067810e-02,-1.417556684464216232e-02,-6.480929907411336899e-03,5.275671556591987610e-02,4.870687797665596008e-02,2.057562768459320068e-02,-1.142391264438629150e-01,-7.100076228380203247e-02,1.325907260179519653e-01,7.397461682558059692e-02,6.794184446334838867e-02,-6.051956443116068840e-04,-6.775457412004470825e-02,9.320154041051864624e-02,5.864893645048141479e-02,2.330402284860610962e-02,2.351145632565021515e-02,-1.438718009740114212e-02,4.846595972776412964e-02,6.052836775779724121e-03,-7.940035313367843628e-03,-2.127647958695888519e-02,7.284839637577533722e-03,2.633114345371723175e-02,5.274004861712455750e-02,-7.224289327859878540e-02,7.965562981553375721e-04,-1.751008778810501099e-01,6.025993824005126953e-02,1.067577823996543884e-01,5.866755917668342590e-02,-4.528019204735755920e-02,-2.173815518617630005e-01,-2.756829746067523956e-02,1.809146404266357422e-01
7.012182474136352539e-02,1.712011732161045074e-02,1.983451992273330688e-01,-1.721103936433792114e-01,1.403673589229583740e-01,1.932382583618164062e-01,4.225854296237230301e-03,-1.577621698379516602e-02,-7.851945236325263977e-03,5.539557337760925293e-02,-1.755199879407882690e-01,-4.539475589990615845e-02,3.022241778671741486e-02,4.944256320595741272e-02,2.915801294147968292e-02,-5.731711909174919128e-02,4.608755186200141907e-02,8.025091141462326050e-02,3.177999332547187805e-02,6.571642309427261353e-02,4.868710413575172424e-02,-2.244622819125652313e-02,-6.967633962631225586e-02,1.900361925363540649e-01,2.297924309968948364e-01,1.851305179297924042e-02,6.226048246026039124e-02,-6.173343211412429810e-02,4.282912611961364746e-02,-5.180342122912406921e-03,1.747755217365920544e-03,-1.428186297416687012e-01,4.155086725950241089e-02,-8.077471703290939331e-02,-1.414655894041061401e-01,1.000219210982322693e-01,7.720147818326950073e-02,-7.625760138034820557e-02,4.253578558564186096e-02,5.508574470877647400e-02,1.863088086247444153e-02,-3.180195111781358719e-03,-6.118791550397872925e-02,4.993364959955215454e-02,7.747707422822713852e-04,-1.398366689682006836e-01,8.904117345809936523e-02,7.613734155893325806e-02,1.937111280858516693e-02,5.814188718795776367e-02,9.331597387790679932e-02,-1.773990876972675323e-02,-8.354964852333068848e-02,-4.592068120837211609e-02,-8.055804669857025146e-02,-1.063035428524017334e-01,-1.439675241708755493e-01,-7.869569957256317139e-02,-1.971925348043441772e-01,2.775301784276962280e-02,5.525714531540870667e-02,1.104995142668485641e-02,1.157705765217542648e-02,8.215866982936859131e-03,2.033772915601730347e-01,-4.829283058643341064e-02,1.021459996700286865e-01,1.330566853284835815e-01,1.119289919734001160e-01,1.224133372306823730e-01,4.937210306525230408e-02,-2.013233490288257599e-03,2.397532761096954346e-01,1.391213834285736084e-01,1.344673633575439453e-01,1.743390113115310669e-01,-5.354143679141998291e-03,1.165933012962341309e-01,1.233240868896245956e-02,-8.617842569947242737e-03,-2.513939514756202698e-03,-1.427002064883708954e-02,-2.727829664945602417e-02,-3.823358193039894104e-02,4.387932643294334412e-02,-7.957590371370315552e-02,-2.923915535211563110e-02,2.084209397435188293e-02,-1.520453603006899357e-03,-2.927798405289649963e-02,1.471999436616897583e-01,6.540958583354949951e-02,-9.793178737163543701e-02,6.733425706624984741e-02,-2.868008427321910858e-02,-1.294030807912349701e-02,2.916530705988407135e-02,4.598489031195640564e-02,8.389237523078918457e-02,-9.607351571321487427e-02,-7.597235590219497681e-02,8.684144914150238037e-02,5.204361863434314728e-03,2.472030930221080780e-02,3.089246340095996857e-02,-4.931278899312019348e-02,1.175129860639572144e-01,5.465354025363922119e-02,1.062269601970911026e-02,6.757150590419769287e-02,-3.372522071003913879e-02,-1.247865613549947739e-02,4.751735366880893707e-03,9.917022660374641418e-03,-5.155755672603845596e-03,6.781689822673797607e-02,3.178482130169868469e-02,1.037210598587989807e-01,-4.973515495657920837e-02,4.427444562315940857e-02,-1.544983983039855957e-01,5.399132892489433289e-02,1.352579742670059204e-01,6.099590659141540527e-02,-9.659159928560256958e-02,-2.056477814912796021e-01,-3.341151773929595947e-02,1.856928169727325439e-01
1.375650800764560699e-02,4.442065954208374023e-03,2.106143161654472351e-02,-4.202615469694137573e-02,8.871531113982200623e-03,2.891342341899871826e-02,-1.696942374110221863e-03,-8.753820322453975677e-03,-7.278611417859792709e-03,1.864490564912557602e-03,-3.533673286437988281e-02,-7.765255868434906006e-03,-5.805605556815862656e-03,-1.703798770904541016e-04,3.891954664140939713e-03,-2.000261656939983368e-02,-1.967516727745532990e-03,8.652886375784873962e-03,7.535463199019432068e-03,1.645872183144092560e-02,1.040334627032279968e-02,-1.967432349920272827e-02,-3.450953587889671326e-02,2.667851746082305908e-02,3.048273362219333649e-02,-7.053108885884284973e-03,2.384687773883342743e-03,5.897453520447015762e-03,-4.171764012426137924e-03,-1.664550043642520905e-02,-1.637994498014450073e-02,-1.545800641179084778e-02,4.206840880215167999e-03,-1.009659282863140106e-02,-2.352602034807205200e-02,9.775564074516296387e-03,1.067934464663267136e-02,-9.592805057764053345e-03,-9.017818607389926910e-03,1.644550240598618984e-03,-6.843191105872392654e-03,-1.108371373265981674e-02,-1.021391339600086212e-02,-3.208387643098831177e-03,-1.167276967316865921e-02,-2.152503468096256256e-02,-1.734373974613845348e-03,8.544713258743286133e-03,1.479952246882021427e-03,1.253887731581926346e-02,1.683204248547554016e-02,-6.993209011852741241e-03,-1.132853981107473373e-02,-1.674867793917655945e-02,-7.851706817746162415e-03,-2.488406002521514893e-02,-2.423925884068012238e-02,-1.640157587826251984e-02,-2.306948788464069366e-02,1.599788665771484375e-04,9.170469129458069801e-04,-1.232171151787042618e-02,7.596971932798624039e-03,-9.979690425097942352e-03,2.782088331878185272e-02,-1.678556390106678009e-02,9.173491969704627991e-03,6.314252968877553940e-03,8.188123814761638641e-03,9.719720110297203064e-03,-5.459462758153676987e-03,-3.466830123215913773e-03,3.830833733081817627e-02,2.042027376592159271e-02,-2.625905908644199371e-03,2.615218609571456909e-02,-5.026625469326972961e-03,8.326307870447635651e-03,-1.958664879202842712e-02,-5.380548536777496338e-03,-8.008179720491170883e-04,-1.426957454532384872e-02,-5.429511424154043198e-03,4.357396974228322506e-04,-9.940564632415771484e-03,-6.813629064708948135e-03,1.143484725616872311e-03,7.682588882744312286e-03,-1.246360875666141510e-02,-1.661076210439205170e-02,1.827268861234188080e-02,9.319989010691642761e-03,-2.576248534023761749e-02,7.015976123511791229e-03,-7.983366027474403381e-03,-1.510478090494871140e-02,1.252129767090082169e-02,4.490643274039030075e-03,-4.598498344421386719e-05,-2.538626827299594879e-02,-1.871465332806110382e-02,3.908256534487009048e-03,-4.879822954535484314e-03,1.314520020969212055e-03,1.145533286035060883e-02,-1.147538516670465469e-02,1.369894202798604965e-02,8.059439714998006821e-04,-3.069003345444798470e-03,1.028215326368808746e-02,-9.985561482608318329e-04,3.226238768547773361e-03,7.310408633202314377e-03,-8.345290087163448334e-03,-2.094317041337490082e-02,-1.730293035507202148e-02,-4.852762911468744278e-03,8.404712192714214325e-03,-4.616852849721908569e-03,-6.925411988049745560e-03,-3.882312402129173279e-02,-1.333831809461116791e-03,2.541387453675270081e-03,-1.020965166389942169e-02,-2.007414214313030243e-02,-3.039906732738018036e-02,-7.498271763324737549e-03,5.344971641898155212e-02
3.237337246537208557e-02,5.390673130750656128e-02,1.414744108915328979e-01,-1.562450379133224487e-01,1.195156946778297424e-01,1.587583571672439575e-01,-3.160597383975982666e-02,-2.601319458335638046e-03,-2.188958413898944855e-02,1.443962100893259048e-02,-1.529697030782699585e-01,-1.927196420729160309e-02,8.121874183416366577e-02,-8.835323154926300049e-03,4.877585545182228088e-02,-9.970635175704956055e-02,-4.711175337433815002e-03,1.074237376451492310e-01,3.617933019995689392e-02,7.271248847246170044e-02,4.166671633720397949e-02,-2.877153269946575165e-02,-9.471664577722549438e-02,1.707126498222351074e-01,2.297270148992538452e-01,4.897793289273977280e-03,-9.022437036037445068e-03,-3.832036256790161133e-02,4.666000977158546448e-02,2.312777936458587646e-02,4.439892247319221497e-02,-1.216351091861724854e-01,3.988479077816009521e-02,-7.118048518896102905e-02,-5.071504414081573486e-02,8.870786428451538086e-02,5.946478247642517090e-02,-4.575533047318458557e-02,4.407082125544548035e-02,6.699130684137344360e-02,-1.530542690306901932e-02,4.413227364420890808e-02,-5.318939313292503357e-02,4.086561035364866257e-03,-4.223211109638214111e-02,-1.005513370037078857e-01,8.048364520072937012e-02,9.652929753065109253e-02,-1.662112958729267120e-02,9.188335388898849487e-02,1.110123768448829651e-01,-5.326552689075469971e-02,-7.199581712484359741e-02,-2.088728360831737518e-02,-9.635633975267410278e-02,-1.356827914714813232e-01,-1.105433627963066101e-01,-6.760929524898529053e-02,-1.969573199748992920e-01,-3.055869229137897491e-02,7.880029734224081039e-04,2.552416548132896423e-02,3.816933184862136841e-02,5.166981369256973267e-02,2.160553336143493652e-01,-1.185683347284793854e-02,8.378781378269195557e-02,8.089875429868698120e-02,2.303007803857326508e-02,6.049888581037521362e-02,-1.802398078143596649e-02,-4.526511579751968384e-02,1.958422362804412842e-01,1.306779384613037109e-01,1.056292057037353516e-01,1.454387456178665161e-01,-2.544032782316207886e-02,1.085955351591110229e-01,-2.931055612862110138e-02,1.997952722012996674e-02,-3.894673287868499756e-02,-4.768176749348640442e-02,-3.911563381552696228e-02,-3.188062459230422974e-02,9.263933449983596802e-02,-2.749429270625114441e-02,-6.492970045655965805e-03,-1.869037374854087830e-02,-6.481206417083740234e-02,-3.509140759706497192e-02,1.221957430243492126e-01,6.269039958715438843e-02,-9.613545984029769897e-02,6.504306942224502563e-02,-2.147874608635902405e-02,-6.185214035212993622e-03,1.662464439868927002e-02,4.212795570492744446e-02,8.388088643550872803e-02,-1.226851344108581543e-01,-3.749706596136093140e-02,9.500277042388916016e-02,-4.760139808058738708e-02,1.303944550454616547e-02,1.512526185251772404e-03,-3.785971924662590027e-02,7.395884394645690918e-02,3.029589913785457611e-02,3.676999732851982117e-02,4.596770182251930237e-02,-4.925476014614105225e-02,5.510691087692975998e-03,5.448495503515005112e-03,3.209554776549339294e-02,-4.699505493044853210e-02,-1.071954239159822464e-02,6.045006588101387024e-02,5.002110823988914490e-02,-6.647644191980361938e-02,5.503556504845619202e-02,-1.622118204832077026e-01,8.459597826004028320e-02,9.953528642654418945e-02,2.355062216520309448e-02,-8.480422943830490112e-02,-1.721490919589996338e-01,3.764044959098100662e-03,1.916334480047225952e-01
6.306922435760498047e-02,4.344869777560234070e-02,1.139501929283142090e-01,-1.205823868513107300e-01,7.863903790712356567e-02,8.720944076776504517e-02,4.626404494047164917e-02,3.581091389060020447e-02,5.637434497475624084e-02,2.869294770061969757e-02,-7.084701955318450928e-02,4.877273365855216980e-02,7.922361046075820923e-02,-9.650066494941711426e-02,8.980150520801544189e-02,-8.411913365125656128e-02,-1.455782167613506317e-02,1.187793537974357605e-01,4.277626797556877136e-02,7.044194638729095459e-02,7.266482338309288025e-03,-7.455145567655563354e-02,-9.022442996501922607e-02,1.944901347160339355e-01,2.446402013301849365e-01,3.356036171317100525e-02,3.535461798310279846e-02,-5.289862398058176041e-03,2.407010830938816071e-02,-1.103262528777122498e-01,1.413566898554563522e-02,-4.324094951152801514e-02,2.898360602557659149e-02,-1.420420128852128983e-02,-7.137206196784973145e-02,1.133540347218513489e-01,5.146359652280807495e-02,-1.084243804216384888e-01,6.118836253881454468e-02,1.635405421257019043e-01,1.328010857105255127e-01,-1.622167788445949554e-02,-1.422767993062734604e-02,-3.920514136552810669e-02,-6.174913793802261353e-02,-1.946023404598236084e-01,5.145923420786857605e-02,1.166802272200584412e-01,-1.251259539276361465e-02,6.447537243366241455e-02,2.455071732401847839e-02,-1.469270586967468262e-01,-7.068033516407012939e-02,-1.447668764740228653e-02,-7.492940127849578857e-02,-7.836341112852096558e-02,-6.878273934125900269e-02,-6.618958711624145508e-02,-1.504886746406555176e-01,-3.306598216295242310e-02,1.217418257147073746e-02,2.757821045815944672e-02,3.569155931472778320e-02,4.369356855750083923e-02,1.453549712896347046e-01,-3.553029522299766541e-02,1.527225375175476074e-01,6.248995661735534668e-02,-6.720502674579620361e-02,1.978985220193862915e-02,-2.997185662388801575e-02,-6.916401535272598267e-02,2.287646383047103882e-01,1.660638451576232910e-01,1.160265132784843445e-01,1.381298303604125977e-01,-3.628001734614372253e-02,3.315797075629234314e-02,2.166885510087013245e-02,6.444332748651504517e-02,-9.076874703168869019e-02,-2.422773279249668121e-02,3.334578871726989746e-02,7.376823574304580688e-02,1.716821640729904175e-01,-7.190261036157608032e-02,3.477177768945693970e-02,6.211382523179054260e-02,-5.756007507443428040e-02,-9.265502542257308960e-02,7.114087045192718506e-02,8.316612988710403442e-02,3.579397499561309814e-02,5.058799311518669128e-02,-7.564004510641098022e-02,-1.705698296427726746e-02,8.734995126724243164e-02,4.662266373634338379e-02,3.977724350988864899e-03,-1.875758729875087738e-02,-2.163948304951190948e-02,3.551758453249931335e-02,-8.429178036749362946e-03,6.798933446407318115e-02,2.803392149507999420e-02,-1.314415037631988525e-02,8.421276509761810303e-02,4.668501764535903931e-02,7.239261269569396973e-02,7.590405642986297607e-02,3.037575632333755493e-02,8.933038264513015747e-02,4.011991247534751892e-02,-2.623566240072250366e-02,1.470486354082822800e-02,9.763095527887344360e-02,3.322042524814605713e-02,5.972925573587417603e-02,1.920190872624516487e-03,9.321524947881698608e-02,-1.249767765402793884e-01,1.191408038139343262e-01,1.253193020820617676e-01,4.484412074089050293e-02,-6.920554675161838531e-03,-1.922106742858886719e-01,-7.553745806217193604e-02,1.156071498990058899e-01
1.708189211785793304e-02,4.708292707800865173e-02,1.563658863306045532e-01,-1.160507127642631531e-01,7.964143157005310059e-02,9.161217510700225830e-02,9.548343718051910400e-03,-3.348013386130332947e-02,-1.628248370252549648e-03,4.628739506006240845e-02,-1.150209754705429077e-01,-1.656815782189369202e-02,4.977293685078620911e-02,2.422446850687265396e-03,3.265018388628959656e-02,-3.819650784134864807e-02,6.015832349658012390e-02,5.558429658412933350e-02,4.184491559863090515e-02,1.080635040998458862e-01,2.120163524523377419e-03,-5.102068185806274414e-02,-8.143775165081024170e-02,1.769526898860931396e-01,2.065480351448059082e-01,2.628269232809543610e-02,1.710025593638420105e-03,3.003345988690853119e-02,2.787770144641399384e-02,-1.259865052998065948e-02,-7.063767313957214355e-02,-1.070094332098960876e-01,3.247939050197601318e-02,-1.182789951562881470e-01,-6.191985309123992920e-02,1.111400797963142395e-01,3.964600339531898499e-02,-1.201483011245727539e-01,5.399132892489433289e-02,6.750119477510452271e-02,5.517689511179924011e-02,-4.767157137393951416e-02,-2.877414226531982422e-04,-6.158861145377159119e-02,-7.180785387754440308e-02,-1.314649283885955811e-01,1.004114523530006409e-01,1.325450539588928223e-01,1.183049194514751434e-02,3.764726594090461731e-02,1.034965515136718750e-01,-7.098890841007232666e-02,-1.099744364619255066e-01,-4.949558991938829422e-03,-3.033615648746490479e-02,-9.994754940271377563e-02,-1.251112222671508789e-01,-5.093798786401748657e-02,-1.400411725044250488e-01,-1.586956530809402466e-02,-3.447899594902992249e-02,4.776679445058107376e-03,1.388281676918268204e-02,-7.152732927352190018e-03,1.974968314170837402e-01,-5.982402339577674866e-02,1.302916258573532104e-01,1.029860824346542358e-01,3.173897042870521545e-02,7.977649569511413574e-02,-6.984387990087270737e-03,-7.091447710990905762e-02,1.706741452217102051e-01,1.509066522121429443e-01,1.484895348548889160e-01,1.562494635581970215e-01,-4.526398703455924988e-02,9.230659902095794678e-02,3.272422403097152710e-02,3.991499543190002441e-02,-3.847281634807586670e-02,-1.735882274806499481e-02,-1.167139876633882523e-02,-6.093467772006988525e-02,1.051126495003700256e-01,-3.085032850503921509e-02,-4.734353721141815186e-02,1.249796524643898010e-02,-3.452793136239051819e-02,-8.254001289606094360e-02,9.192316979169845581e-02,2.660536440089344978e-03,-6.837132573127746582e-02,3.829571977257728577e-02,3.509887307882308960e-02,4.987097531557083130e-02,6.208105385303497314e-02,4.293315857648849487e-02,-2.096634544432163239e-02,-1.096254438161849976e-01,-5.257093906402587891e-02,8.235327154397964478e-02,-6.782933603972196579e-03,1.104703173041343689e-02,7.735321670770645142e-02,-1.849550381302833557e-02,6.239888072013854980e-02,5.317313969135284424e-02,5.415440723299980164e-02,4.049070551991462708e-02,-5.140783637762069702e-02,-2.439821604639291763e-03,2.296303026378154755e-02,1.810078695416450500e-02,1.462593581527471542e-02,5.459958687424659729e-02,-1.239075325429439545e-02,2.930368110537528992e-02,-7.209207862615585327e-02,6.428931653499603271e-02,-8.954416215419769287e-02,3.907221928238868713e-02,9.885817021131515503e-02,5.628804117441177368e-02,-9.523699060082435608e-03,-1.752574145793914795e-01,-3.760283067822456360e-02,1.715339720249176025e-01
6.238444894552230835e-02,3.840397344902157784e-03,1.422938555479049683e-01,-1.830129474401473999e-01,2.320599928498268127e-02,2.032822221517562866e-01,-4.567188024520874023e-02,-6.357107311487197876e-02,-5.942603200674057007e-02,5.182563140988349915e-02,-1.504777371883392334e-01,-2.704994380474090576e-02,5.293342843651771545e-02,5.126507207751274109e-02,1.408722158521413803e-02,-9.458585083484649658e-02,7.699194550514221191e-02,1.095928102731704712e-01,6.098544970154762268e-02,6.681551039218902588e-02,6.920560449361801147e-02,-2.760638482868671417e-02,-5.118333548307418823e-02,1.569114178419113159e-01,2.133883684873580933e-01,-5.101366713643074036e-02,4.496879875659942627e-02,1.807108335196971893e-02,5.486491695046424866e-02,2.675790898501873016e-02,2.806954085826873779e-03,-1.074569001793861389e-01,7.567225396633148193e-02,-6.226455047726631165e-02,-1.505579501390457153e-01,9.758936613798141479e-02,6.390831619501113892e-02,-9.750785678625106812e-02,3.029128350317478180e-02,7.541128247976303101e-02,7.881668210029602051e-02,-2.748839557170867920e-03,-3.046796843409538269e-02,6.814059615135192871e-02,-1.407056394964456558e-02,-1.052463799715042114e-01,8.091562241315841675e-02,6.559672206640243530e-02,2.897952497005462646e-02,9.534534811973571777e-02,1.071305274963378906e-01,1.932791247963905334e-02,6.900588050484657288e-03,2.583563141524791718e-02,-1.983829028904438019e-02,-7.106637954711914062e-02,-5.901176854968070984e-02,-5.942469090223312378e-02,-1.589019596576690674e-01,-1.996037364006042480e-02,-6.225885078310966492e-02,4.198057949542999268e-02,-2.009636536240577698e-02,1.735316030681133270e-02,1.877098232507705688e-01,-1.159200221300125122e-01,6.448106467723846436e-02,1.554296910762786865e-01,1.147359013557434082e-01,1.093284189701080322e-01,-8.624399080872535706e-03,6.626945734024047852e-02,2.557761073112487793e-01,1.649403572082519531e-01,9.183413535356521606e-02,1.598488688468933105e-01,1.202736794948577881e-02,5.056484416127204895e-02,-1.581858471035957336e-02,2.244187891483306885e-02,-7.920210808515548706e-02,-1.246882323175668716e-02,4.471699893474578857e-02,-4.149737209081649780e-02,5.806145444512367249e-02,6.103707943111658096e-03,-6.509134918451309204e-02,4.105574265122413635e-02,-5.345408618450164795e-02,-1.156430412083864212e-02,1.505478918552398682e-01,5.580146983265876770e-02,-3.876509889960289001e-02,9.086704254150390625e-02,1.284328848123550415e-02,1.435187086462974548e-02,4.625408723950386047e-02,2.865471132099628448e-02,6.364025920629501343e-02,-1.080427542328834534e-01,-6.482687592506408691e-02,1.115469262003898621e-01,3.138027340173721313e-02,4.337823018431663513e-02,8.001251518726348877e-02,-5.658452585339546204e-02,4.667404666543006897e-02,1.200198428705334663e-03,4.377161711454391479e-02,5.228033661842346191e-02,-6.315887719392776489e-02,-2.442612871527671814e-02,3.953811526298522949e-02,5.366765707731246948e-02,-2.052998915314674377e-02,5.401922762393951416e-02,4.848023131489753723e-02,8.910127729177474976e-02,2.533894591033458710e-02,7.182190567255020142e-02,-1.394696086645126343e-01,7.541475351899862289e-04,8.515607565641403198e-02,6.504523754119873047e-02,-5.025705322623252869e-02,-1.967519968748092651e-01,-7.008451968431472778e-02,1.589650660753250122e-01
1.504644285887479782e-02,3.693139553070068359e-02,3.535226732492446899e-02,-8.897521346807479858e-02,1.236655414104461670e-01,1.299455612897872925e-01,4.636670928448438644e-03,-4.202469810843467712e-02,-2.852803654968738556e-02,5.196113139390945435e-02,-1.138838455080986023e-01,-6.249150633811950684e-02,3.421799512580037117e-03,-5.504123866558074951e-02,8.819334208965301514e-02,-4.674110189080238342e-02,7.543240487575531006e-02,1.383229792118072510e-01,3.273651748895645142e-02,7.952994108200073242e-02,4.890399053692817688e-02,-9.132884442806243896e-02,-1.012819185853004456e-01,1.325388997793197632e-01,1.871030628681182861e-01,-1.966294273734092712e-02,2.074060216546058655e-02,8.705931715667247772e-03,4.078023135662078857e-02,8.852105587720870972e-02,-5.736406892538070679e-03,-1.212684065103530884e-01,1.549146603792905807e-02,1.236152183264493942e-02,-5.730705708265304565e-02,6.746336817741394043e-02,3.608348593115806580e-02,-2.219088748097419739e-02,2.782993018627166748e-03,1.741414703428745270e-02,-3.819983219727873802e-03,2.539973147213459015e-02,3.756372630596160889e-02,-6.234965845942497253e-02,-2.602427266538143158e-02,-4.970028251409530640e-02,1.419133991003036499e-01,1.834761649370193481e-01,-6.208891794085502625e-02,1.060256510972976685e-01,1.293005496263504028e-01,-5.856342986226081848e-02,-1.418470889329910278e-01,-5.484816059470176697e-02,-7.319962233304977417e-02,-6.469261646270751953e-02,-4.967753961682319641e-02,-3.961675614118576050e-02,-1.485371589660644531e-01,-1.109715364873409271e-02,6.234102696180343628e-02,1.436048187315464020e-02,1.878809183835983276e-02,1.891396380960941315e-02,1.731582283973693848e-01,-5.181715637445449829e-02,6.705173105001449585e-02,4.406058788299560547e-02,-3.900443017482757568e-02,7.320922613143920898e-02,-1.116217486560344696e-02,-5.912022665143013000e-02,1.596894413232803345e-01,1.464728862047195435e-01,1.385899335145950317e-01,1.537787616252899170e-01,-2.540160715579986572e-02,4.334774240851402283e-02,-8.401867817156016827e-04,3.968373313546180725e-02,-6.313829869031906128e-02,-4.890851676464080811e-02,5.738408118486404419e-02,-1.068256236612796783e-02,1.374022066593170166e-01,5.455545708537101746e-02,-1.330046798102557659e-03,-1.484210509806871414e-02,-5.244151130318641663e-02,-5.807039886713027954e-02,1.038253083825111389e-01,5.384277552366256714e-02,-5.253598839044570923e-02,6.150963529944419861e-02,-8.238704502582550049e-02,-1.957288384437561035e-02,-8.862708695232868195e-03,1.788639836013317108e-02,-3.068433888256549835e-02,-6.509719789028167725e-02,-9.965357370674610138e-03,1.126584410667419434e-01,7.290561683475971222e-03,-3.498528897762298584e-02,-1.047223457135260105e-03,-3.219823166728019714e-02,1.724075153470039368e-02,3.085354715585708618e-02,6.956817954778671265e-02,6.674252450466156006e-02,-1.412917301058769226e-02,1.074368041008710861e-02,-8.522965759038925171e-02,-1.057334989309310913e-02,-2.380746603012084961e-02,1.080542337149381638e-02,8.677507936954498291e-02,6.237201765179634094e-02,6.181995384395122528e-03,6.279762089252471924e-02,-1.229370832443237305e-01,-2.613295055925846100e-02,1.235454576089978218e-03,2.146364189684391022e-02,-6.622276734560728073e-03,-1.183416768908500671e-01,5.570833384990692139e-02,1.946666538715362549e-01
4.154039174318313599e-02,7.242057472467422485e-02,1.051729470491409302e-01,-1.156224384903907776e-01,6.324681639671325684e-02,1.150974631309509277e-01,-2.493204362690448761e-02,4.106562212109565735e-02,-7.257152348756790161e-02,-8.094789460301399231e-03,-1.342681795358657837e-01,-1.624405384063720703e-02,-6.468214094638824463e-02,-4.262633994221687317e-02,8.209994435310363770e-02,-6.950893253087997437e-02,3.768842294812202454e-02,6.488524377346038818e-02,-3.614343330264091492e-02,4.814270883798599243e-02,6.880234181880950928e-02,-4.038043320178985596e-03,-8.302652090787887573e-02,2.350351363420486450e-01,2.013972848653793335e-01,5.231200484558939934e-04,9.827683679759502411e-03,1.570131257176399231e-02,2.638126723468303680e-02,-1.132403966039419174e-02,-7.585587352514266968e-02,-1.379301548004150391e-01,5.750153213739395142e-02,2.330608107149600983e-02,-2.534582652151584625e-02,1.021231114864349365e-01,1.579719409346580505e-02,-7.310301065444946289e-02,5.641902238130569458e-02,9.011662751436233521e-02,-6.527314335107803345e-02,-4.703877121210098267e-02,-8.480464108288288116e-03,2.855444885790348053e-02,-7.551520317792892456e-02,-6.640790402889251709e-02,8.591799437999725342e-02,3.947511687874794006e-02,3.817397728562355042e-02,8.265388756990432739e-02,1.076772212982177734e-01,-1.174397915601730347e-01,-1.227454468607902527e-01,-3.670457750558853149e-02,-1.087587326765060425e-01,-8.369634300470352173e-02,-4.610830917954444885e-02,-4.012086242437362671e-02,-1.634971946477890015e-01,-2.052936330437660217e-02,2.253144793212413788e-02,-2.859542518854141235e-02,-1.496754400432109833e-02,8.677498996257781982e-02,1.727392077445983887e-01,-4.124847054481506348e-02,8.116369694471359253e-02,6.442868709564208984e-02,3.284425288438796997e-02,6.246638670563697815e-02,-3.014246933162212372e-02,-1.068194210529327393e-01,1.851227283477783203e-01,9.001520276069641113e-02,9.416776895523071289e-02,1.581341624259948730e-01,-6.921637058258056641e-02,1.149289533495903015e-01,8.287179283797740936e-03,-5.218047276139259338e-02,-4.107103496789932251e-02,2.125485241413116455e-02,-4.583892878144979477e-03,-1.898111030459403992e-02,1.368570774793624878e-01,1.038153693079948425e-01,3.105359710752964020e-02,5.306312814354896545e-03,-9.181066602468490601e-02,1.547966897487640381e-02,1.550661921501159668e-01,9.872705489397048950e-02,-4.375674575567245483e-02,2.234754152595996857e-02,-5.773182213306427002e-02,-8.324556052684783936e-02,1.146464645862579346e-01,1.058093756437301636e-01,1.245301440358161926e-01,-9.241756051778793335e-02,-1.746566221117973328e-02,1.503155976533889771e-01,-4.353543370962142944e-02,2.914886549115180969e-02,5.690056830644607544e-02,-1.034992560744285583e-01,1.136969327926635742e-01,2.409286797046661377e-02,-3.275250270962715149e-02,-3.901160135865211487e-02,-6.463317666202783585e-03,2.704300172626972198e-02,2.201562002301216125e-02,-6.585948634892702103e-03,-5.595174431800842285e-02,1.065617352724075317e-01,1.105087623000144958e-02,7.150765974074602127e-03,-1.502799987792968750e-02,6.559657305479049683e-02,-1.809301823377609253e-01,8.343065530061721802e-02,9.369073063135147095e-02,1.948798075318336487e-02,-8.108288981020450592e-03,-9.858056157827377319e-02,6.366558372974395752e-02,2.127609401941299438e-01
5.800973996520042419e-02,5.522313527762889862e-03,1.523455679416656494e-01,-1.711189448833465576e-01,6.383583694696426392e-02,9.022877365350723267e-02,1.698265038430690765e-02,-4.848650470376014709e-02,3.960184752941131592e-02,8.385109156370162964e-02,-1.116311624646186829e-01,-1.234826166182756424e-02,7.611910998821258545e-02,-4.762390255928039551e-02,8.741911733523011208e-04,-1.404671072959899902e-01,4.106523096561431885e-02,9.470736980438232422e-02,9.986139088869094849e-02,1.368231773376464844e-01,7.430730760097503662e-02,-3.643070533871650696e-02,-1.242954581975936890e-01,1.705059856176376343e-01,2.520612776279449463e-01,4.235749132931232452e-03,-2.541941963136196136e-02,-1.754401135258376598e-03,7.466086652129888535e-03,-8.204559981822967529e-02,-2.718598023056983948e-02,-7.017852365970611572e-02,2.635857462882995605e-02,-5.680500343441963196e-02,-7.034809142351150513e-02,8.847507089376449585e-02,8.919263631105422974e-02,-1.231267303228378296e-01,7.102508097887039185e-02,7.444929331541061401e-02,6.589318811893463135e-02,4.556474741548299789e-03,2.704583294689655304e-02,-9.571526944637298584e-02,-7.677034288644790649e-02,-2.235799431800842285e-01,4.121768102049827576e-02,8.339567482471466064e-02,-8.060643821954727173e-02,7.713683694601058960e-02,5.150254443287849426e-02,-1.164415106177330017e-01,-6.015475466847419739e-02,6.385775282979011536e-03,-1.729488968849182129e-01,-1.677264869213104248e-01,-1.390828788280487061e-01,-4.100370779633522034e-02,-1.380968838930130005e-01,-4.474100470542907715e-02,-4.841592162847518921e-02,-9.456411004066467285e-03,4.741748794913291931e-02,1.009423434734344482e-01,2.550153434276580811e-01,-2.752192504703998566e-02,1.373268365859985352e-01,6.939933449029922485e-02,-3.685515001416206360e-02,6.060661375522613525e-02,-3.307446837425231934e-02,-9.651500731706619263e-02,2.249928563833236694e-01,1.624338328838348389e-01,7.475920766592025757e-02,1.652756482362747192e-01,-2.295370446518063545e-03,7.563988864421844482e-02,5.051469430327415466e-02,5.509070679545402527e-02,-5.899962410330772400e-02,-3.885368257761001587e-02,5.578042473644018173e-03,1.623317971825599670e-02,9.278893470764160156e-02,-5.018559470772743225e-02,-1.183749455958604813e-02,1.061593182384967804e-02,-3.164670616388320923e-02,-8.014120161533355713e-02,1.609847843647003174e-01,1.161800399422645569e-01,-2.144126966595649719e-02,4.819438233971595764e-02,7.879778742790222168e-03,1.967480033636093140e-02,7.731503248214721680e-02,4.113145917654037476e-02,6.880819052457809448e-02,-1.491386592388153076e-01,-7.221527397632598877e-02,2.682756818830966949e-02,-6.939756870269775391e-02,-5.286613944917917252e-03,2.479319088160991669e-02,-2.360539883375167847e-02,7.578781247138977051e-02,5.587256327271461487e-02,2.096026763319969177e-02,4.775182157754898071e-02,-6.786956917494535446e-03,7.042377442121505737e-02,-6.214330717921257019e-02,-2.646394446492195129e-02,1.504087168723344803e-02,6.100222468376159668e-02,2.289714291691780090e-02,4.117222130298614502e-02,-3.473471850156784058e-02,2.904935739934444427e-02,-1.732814610004425049e-01,1.166560575366020203e-01,7.250449806451797485e-02,9.960113093256950378e-03,-6.832602620124816895e-02,-2.422077804803848267e-01,4.999461397528648376e-02,1.676340401172637939e-01
5.093950405716896057e-02,-6.355667859315872192e-02,1.257285773754119873e-01,-8.732191473245620728e-02,1.187061071395874023e-01,1.820724159479141235e-01,5.703864153474569321e-03,-2.591479197144508362e-02,-1.734552788548171520e-03,3.590052947402000427e-02,-9.264571964740753174e-02,-3.431509807705879211e-02,-4.316861182451248169e-02,-3.362671285867691040e-02,3.329788520932197571e-02,-5.499574542045593262e-02,5.200161039829254150e-02,1.174596175551414490e-01,8.905832469463348389e-02,6.875461339950561523e-02,4.657594114542007446e-02,-8.414260298013687134e-02,-7.801530510187149048e-02,1.400780677795410156e-01,2.192773371934890747e-01,5.921173095703125000e-02,6.332934647798538208e-02,3.836261853575706482e-02,-2.509355545043945312e-05,2.688623778522014618e-02,-8.238217793405056000e-03,-1.672216206789016724e-01,6.542374938726425171e-02,3.182248026132583618e-02,-5.382521823048591614e-02,5.780863016843795776e-02,1.200019614771008492e-03,-5.426459014415740967e-02,8.909525349736213684e-03,1.306682010181248188e-03,4.707599803805351257e-02,-3.197961673140525818e-02,1.882163342088460922e-03,-7.306347042322158813e-02,-9.568198770284652710e-02,-9.807636588811874390e-02,1.608320921659469604e-01,1.588928103446960449e-01,-4.219540208578109741e-02,4.051421210169792175e-02,9.723613411188125610e-02,2.994976378977298737e-02,-1.131141334772109985e-01,-6.917434930801391602e-02,-8.151025325059890747e-02,-9.310594946146011353e-02,-7.010904699563980103e-02,-8.196877688169479370e-02,-1.814529448747634888e-01,-5.469499528408050537e-02,-4.883525520563125610e-02,2.963136881589889526e-02,-5.167623981833457947e-02,3.478800132870674133e-02,1.730106174945831299e-01,-1.374330073595046997e-01,3.998914361000061035e-02,8.816571533679962158e-02,-6.344769150018692017e-03,4.843280464410781860e-02,-1.020250003784894943e-02,6.377899646759033203e-02,2.747731208801269531e-01,1.683079898357391357e-01,-3.433337435126304626e-02,1.365728229284286499e-01,6.664093583822250366e-02,9.469783306121826172e-02,4.580053314566612244e-02,1.945967786014080048e-02,-6.469279527664184570e-02,-2.651963382959365845e-02,-5.625839531421661377e-02,2.435583621263504028e-02,1.656815707683563232e-01,4.112846218049526215e-03,-4.203213751316070557e-02,-5.811773985624313354e-02,-8.195753395557403564e-02,-6.555431336164474487e-02,4.451055452227592468e-02,2.377791889011859894e-02,-7.094339281320571899e-02,4.507129266858100891e-02,-1.207067370414733887e-01,-7.805541157722473145e-02,6.398977711796760559e-03,-1.515093538910150528e-02,3.429938107728958130e-02,2.275373553857207298e-03,4.463220387697219849e-02,1.280733942985534668e-01,-1.922230422496795654e-02,2.307845093309879303e-02,5.420581251382827759e-02,-3.330470249056816101e-02,4.266236722469329834e-02,-2.363131567835807800e-02,5.991823598742485046e-02,1.075698286294937134e-01,9.355360642075538635e-03,-2.044157311320304871e-02,-1.614856161177158356e-02,-7.629098743200302124e-02,-1.582195237278938293e-02,3.969230130314826965e-02,7.324402779340744019e-02,9.543781727552413940e-02,1.342418510466814041e-02,1.168455779552459717e-01,-1.094297766685485840e-01,1.673720590770244598e-02,1.117028817534446716e-01,6.411548703908920288e-02,-2.362973242998123169e-02,-1.467736810445785522e-01,-5.330116674304008484e-02,1.955667138099670410e-01
4.106759442947804928e-04,2.096298150718212128e-02,6.874740868806838989e-02,-7.634980231523513794e-02,1.429353095591068268e-02,3.978898003697395325e-02,-4.853418562561273575e-03,-2.573508769273757935e-02,-1.604082435369491577e-02,1.638176292181015015e-02,-6.028366088867187500e-02,-1.463535055518150330e-02,1.019481196999549866e-02,-4.148310050368309021e-03,5.336561240255832672e-03,-5.825412645936012268e-02,1.496164710260927677e-03,2.868874743580818176e-02,8.881990797817707062e-03,3.077919781208038330e-02,-1.248515304177999496e-02,-2.194385789334774017e-02,-2.251411229372024536e-02,8.059313893318176270e-02,8.547923713922500610e-02,1.270559616386890411e-02,-5.267958622425794601e-03,-3.281588479876518250e-02,9.770984761416912079e-04,1.046210061758756638e-03,-2.338984049856662750e-02,-5.138414725661277771e-02,2.474946714937686920e-02,-3.231026232242584229e-02,-1.875892654061317444e-02,4.845447838306427002e-02,5.207671597599983215e-02,-2.458619140088558197e-02,-5.622475873678922653e-03,3.940661996603012085e-02,3.389936313033103943e-02,1.695273676887154579e-03,-2.522511221468448639e-02,-1.919386326335370541e-03,-2.419058978557586670e-02,-5.401150509715080261e-02,4.384580254554748535e-02,4.525348916649818420e-02,7.101952098309993744e-03,1.032843068242073059e-02,4.208142682909965515e-02,-3.044373169541358948e-02,-1.446408312767744064e-02,-3.029406070709228516e-04,-2.528143115341663361e-02,-4.518160223960876465e-02,-4.949411377310752869e-02,-2.058498002588748932e-02,-7.303044199943542480e-02,-7.685420569032430649e-04,3.462497517466545105e-02,1.876291818916797638e-02,1.251000352203845978e-02,2.640807302668690681e-03,7.776381820440292358e-02,-2.233738265931606293e-02,3.967441990971565247e-02,3.764767944812774658e-02,1.933348551392555237e-02,5.760727077722549438e-02,-1.118443347513675690e-02,-1.112176664173603058e-02,7.132212817668914795e-02,4.245546460151672363e-02,7.040321826934814453e-02,5.694327875971794128e-02,-4.144608101341873407e-04,3.012207150459289551e-02,-1.147911045700311661e-02,2.899084240198135376e-02,-1.111118961125612259e-02,-4.366040229797363281e-05,-1.255186926573514938e-02,-1.098931208252906799e-02,1.148206088691949844e-02,-1.959296315908432007e-02,-4.770033527165651321e-03,2.215085551142692566e-02,-1.986709795892238617e-02,-5.108756199479103088e-02,4.718504473567008972e-02,3.789278492331504822e-02,-3.339809179306030273e-02,2.585960738360881805e-02,9.504925459623336792e-03,-2.686792425811290741e-02,-1.016700826585292816e-02,8.031552657485008240e-03,-1.824683137238025665e-02,-3.699833154678344727e-02,-3.551422432065010071e-02,3.502324689179658890e-03,-2.260698936879634857e-02,2.340172417461872101e-02,3.668127954006195068e-02,-5.525740794837474823e-03,3.444639965891838074e-02,8.808681741356849670e-03,-5.295374896377325058e-03,2.038020640611648560e-02,-2.951913885772228241e-02,1.317055150866508484e-02,8.747276151552796364e-04,8.061650209128856659e-03,-3.134028241038322449e-02,1.229941146448254585e-03,-2.281452994793653488e-03,2.696074731647968292e-02,-2.973674796521663666e-02,2.172941341996192932e-02,-5.698680132627487183e-02,2.534841559827327728e-02,3.785900771617889404e-02,1.399515010416507721e-02,-1.440288219600915909e-02,-8.853194117546081543e-02,-1.834708079695701599e-02,8.940050750970840454e-02
8.677083998918533325e-02,6.199002638459205627e-02,1.188662201166152954e-01,-1.691218912601470947e-01,9.572935104370117188e-02,1.935265213251113892e-01,2.356679551303386688e-02,-3.191643953323364258e-02,2.046192064881324768e-02,4.002865776419639587e-02,-1.416157484054565430e-01,-3.035300970077514648e-02,3.220865130424499512e-02,-6.255508959293365479e-02,8.709625154733657837e-02,-5.463943257927894592e-02,5.333017185330390930e-02,1.175109595060348511e-01,1.255974620580673218e-01,7.297299802303314209e-02,8.464879542589187622e-02,-4.508354142308235168e-02,-3.592282533645629883e-02,2.247765362262725830e-01,2.584187388420104980e-01,-1.753376796841621399e-02,6.527575105428695679e-02,6.545449607074260712e-03,4.845891147851943970e-02,-2.227021381258964539e-02,1.000585407018661499e-02,-1.307680606842041016e-01,6.398088485002517700e-02,-6.551834940910339355e-02,-1.481663137674331665e-01,1.346637606620788574e-01,3.662448748946189880e-02,-8.842880278825759888e-02,5.343863740563392639e-02,7.571578770875930786e-02,8.597553521394729614e-02,-3.511831397190690041e-03,-2.013342641294002533e-02,7.623668015003204346e-02,2.181776612997055054e-02,-9.625211358070373535e-02,5.838909372687339783e-02,4.245016723871231079e-02,3.106675669550895691e-02,1.102487221360206604e-01,1.338666379451751709e-01,-3.964990377426147461e-02,-1.577284187078475952e-01,-1.564330235123634338e-02,-8.565871976315975189e-03,-1.756573915481567383e-01,-1.102921441197395325e-01,-8.159060776233673096e-02,-1.841783076524734497e-01,6.188908591866493225e-03,8.809784427285194397e-03,2.543019689619541168e-02,-2.551805973052978516e-02,1.388749480247497559e-02,1.744229197502136230e-01,-2.968261018395423889e-02,8.486449718475341797e-02,9.196374565362930298e-02,1.387557666748762131e-02,1.178411841392517090e-01,3.678461164236068726e-02,-1.860204339027404785e-02,2.506815195083618164e-01,1.581209152936935425e-01,1.514486521482467651e-01,1.493292897939682007e-01,-1.939401961863040924e-02,4.992130771279335022e-02,-2.959379181265830994e-02,1.287824101746082306e-02,-6.327603012323379517e-02,-6.797284632921218872e-02,-3.099333122372627258e-02,-8.373934775590896606e-02,7.895220071077346802e-02,7.277925033122301102e-03,-2.429211977869272232e-03,5.805908143520355225e-02,-1.149912476539611816e-01,1.615234650671482086e-02,1.819652765989303589e-01,9.218651801347732544e-02,-1.039574667811393738e-02,1.129252985119819641e-01,-2.736919093877077103e-03,5.629002582281827927e-03,5.669301003217697144e-02,7.951036840677261353e-02,6.966113299131393433e-02,-1.204963847994804382e-01,-6.612545996904373169e-02,1.248639672994613647e-01,-8.036469109356403351e-03,-8.070168551057577133e-04,3.654550015926361084e-02,-2.554971724748611450e-02,1.313709020614624023e-01,4.064586386084556580e-02,4.522098228335380554e-02,1.068366505205631256e-02,-6.204400584101676941e-02,-5.580260977149009705e-02,1.016134675592184067e-02,1.768270321190357208e-02,-1.044053584337234497e-02,7.549449056386947632e-02,4.387158900499343872e-02,4.838196560740470886e-02,-2.966173924505710602e-02,2.162208780646324158e-02,-1.510321199893951416e-01,2.014769613742828369e-02,1.291460841894149780e-01,4.246144369244575500e-02,-9.981676191091537476e-02,-2.122837156057357788e-01,6.181131117045879364e-03,1.927273124456405640e-01
5.754887685179710388e-02,-3.208084031939506531e-02,1.592139750719070435e-01,-1.152121946215629578e-01,7.995606958866119385e-02,7.129760831594467163e-02,1.025290414690971375e-01,1.289194226264953613e-01,-8.086638152599334717e-02,-3.751051798462867737e-02,-1.896512806415557861e-01,-1.106067933142185211e-02,7.165557146072387695e-02,-8.948728442192077637e-02,8.899179846048355103e-02,-8.754652738571166992e-02,-2.758196368813514709e-02,1.294421106576919556e-01,-1.336479838937520981e-02,7.618080079555511475e-02,5.126522108912467957e-02,-9.005655348300933838e-02,-1.716981828212738037e-01,2.535707652568817139e-01,2.609614133834838867e-01,-2.392112463712692261e-02,-7.888507097959518433e-02,-6.263337284326553345e-02,9.025700390338897705e-02,-7.943435013294219971e-02,1.369721349328756332e-02,7.090836297720670700e-03,7.439544051885604858e-02,-3.148387745022773743e-02,7.944700191728770733e-04,1.063967645168304443e-01,6.579615175724029541e-02,-6.761778891086578369e-02,-1.929865777492523193e-02,9.188693761825561523e-02,3.775675222277641296e-02,6.723140180110931396e-02,2.151026017963886261e-02,-1.506706140935420990e-02,-7.682757824659347534e-02,-4.596008732914924622e-02,1.152252685278654099e-02,4.310084506869316101e-02,-1.499477475881576538e-01,-2.053019357845187187e-03,3.151210024952888489e-02,-8.533601462841033936e-02,-8.723995089530944824e-02,-9.096846915781497955e-03,-9.988273493945598602e-03,-7.464247196912765503e-02,-1.162040680646896362e-01,-4.195025935769081116e-02,-1.997344195842742920e-01,-2.360528148710727692e-02,-1.978654600679874420e-02,8.680750615894794464e-03,9.491872042417526245e-02,1.218343675136566162e-01,2.144786268472671509e-01,-6.372672319412231445e-02,2.073178440332412720e-02,6.674783676862716675e-02,6.196795729920268059e-04,5.060898512601852417e-02,-5.128508061170578003e-02,-1.685706079006195068e-01,2.413661777973175049e-01,1.806229501962661743e-01,1.538442522287368774e-01,1.496843844652175903e-01,-9.344931691884994507e-03,1.274602711200714111e-01,1.105356663465499878e-01,1.208292469382286072e-01,-1.263275593519210815e-01,-2.234947867691516876e-02,-3.868968784809112549e-02,-5.983114242553710938e-02,1.379712522029876709e-01,5.385820567607879639e-02,-1.282675862312316895e-01,-9.654906578361988068e-03,-1.194536536931991577e-01,-5.402493849396705627e-02,1.082895174622535706e-01,9.032832831144332886e-02,-5.676297470927238464e-02,1.931305043399333954e-02,-6.407013535499572754e-02,-1.246441341936588287e-02,8.542429655790328979e-02,1.277720779180526733e-01,-3.577204421162605286e-02,-9.812612831592559814e-02,6.421194970607757568e-02,1.680236011743545532e-01,3.654883429408073425e-02,3.623596951365470886e-02,-1.027404796332120895e-03,1.401344407349824905e-02,1.680864989757537842e-01,1.354574561119079590e-01,6.385560333728790283e-02,8.939612656831741333e-02,-9.238991886377334595e-03,8.870966732501983643e-02,3.567980229854583740e-02,-5.269469320774078369e-02,-1.068029832094907761e-02,5.117274820804595947e-02,2.072165720164775848e-02,3.735962882637977600e-02,-4.766297712922096252e-02,4.081196151673793793e-03,-1.063201203942298889e-01,1.529489755630493164e-01,1.587695628404617310e-01,2.809136733412742615e-02,-4.315563663840293884e-02,-1.839783191680908203e-01,-4.424811340868473053e-03,1.302040368318557739e-01
5.841992795467376709e-03,3.554112836718559265e-02,1.045196503400802612e-01,-1.675158888101577759e-01,7.915848493576049805e-02,1.453534215688705444e-01,-4.819921683520078659e-03,3.182996297255158424e-03,5.033259093761444092e-02,3.364969789981842041e-02,-8.547001332044601440e-02,1.976113393902778625e-02,2.255593426525592804e-02,2.450636588037014008e-02,8.298645168542861938e-02,-7.598198205232620239e-02,1.903518289327621460e-02,7.659067958593368530e-02,2.674057893455028534e-02,1.170621290802955627e-01,1.184767410159111023e-01,-1.840559416450560093e-03,-2.554283849895000458e-02,1.919723451137542725e-01,2.054621875286102295e-01,6.654307991266250610e-02,5.456393212080001831e-02,3.414366766810417175e-02,8.626666665077209473e-02,-1.489239931106567383e-02,-8.740232326090335846e-03,-3.869040310382843018e-02,2.998551353812217712e-03,-3.277706354856491089e-02,-9.669788181781768799e-02,6.702352315187454224e-02,4.342808201909065247e-02,-7.105313241481781006e-02,-1.429853681474924088e-02,1.009261235594749451e-01,5.203201994299888611e-02,1.162702962756156921e-02,-2.667253278195858002e-02,3.856181725859642029e-02,-3.424422442913055420e-02,-1.038932725787162781e-01,4.757498949766159058e-02,7.227189093828201294e-02,6.217399146407842636e-03,5.929907411336898804e-02,1.159790083765983582e-01,-5.076184123754501343e-02,-8.166212588548660278e-02,2.597653539851307869e-03,-6.093575153499841690e-03,-8.035010099411010742e-02,-7.494851946830749512e-02,-2.903920225799083710e-02,-1.411552131175994873e-01,2.407439798116683960e-02,-3.394011780619621277e-02,-2.796281129121780396e-02,-6.950623355805873871e-03,3.390778973698616028e-02,1.664031296968460083e-01,-8.479087799787521362e-02,3.896247968077659607e-02,9.848891943693161011e-02,2.860796265304088593e-02,2.826783433556556702e-02,-3.671702370047569275e-02,-1.350798755884170532e-01,1.553603559732437134e-01,1.191518008708953857e-01,9.459460526704788208e-02,1.572688966989517212e-01,5.124493967741727829e-03,8.368276804685592651e-02,2.088945917785167694e-02,3.830863162875175476e-02,-7.668906450271606445e-02,-6.612966954708099365e-02,-7.858680561184883118e-03,1.291530765593051910e-02,4.989343695342540741e-03,-1.342876106500625610e-01,1.219213008880615234e-04,5.774687603116035461e-02,-2.500775270164012909e-02,-1.307408958673477173e-01,1.244327351450920105e-01,5.433521792292594910e-02,-8.190359920263290405e-02,9.401883184909820557e-02,5.920763313770294189e-02,-1.158773317001760006e-03,9.494364261627197266e-02,1.132714599370956421e-01,2.967954613268375397e-02,-5.103373154997825623e-02,-3.828789293766021729e-02,5.948411300778388977e-02,-7.325368002057075500e-03,6.896212697029113770e-02,5.597087740898132324e-02,-3.537500649690628052e-02,9.588219970464706421e-02,9.003122150897979736e-02,5.855457857251167297e-02,4.336186870932579041e-02,-3.371792659163475037e-02,-6.060449779033660889e-02,-7.924598641693592072e-03,5.568264168687164783e-04,-6.528083235025405884e-02,8.115947246551513672e-03,2.348613739013671875e-02,3.870799019932746887e-02,-7.588921487331390381e-02,6.695688515901565552e-02,-1.310221552848815918e-01,-4.801563918590545654e-03,5.647451430559158325e-02,7.079090923070907593e-02,-2.461802773177623749e-02,-1.216320097446441650e-01,-3.202055394649505615e-02,9.712044149637222290e-02
1.786819472908973694e-02,1.055159699171781540e-02,2.078599482774734497e-01,-9.276635199785232544e-02,7.630169391632080078e-02,1.770475357770919800e-01,-1.374691445380449295e-02,-1.223210990428924561e-02,6.424737721681594849e-02,4.915079101920127869e-02,-1.175345703959465027e-01,8.498820476233959198e-03,4.034258425235748291e-03,2.581484243273735046e-02,-9.234463796019554138e-03,-5.169481784105300903e-02,7.660534232854843140e-02,3.773693367838859558e-02,-6.777599453926086426e-03,3.153993934392929077e-02,4.388991743326187134e-02,-6.571434438228607178e-02,-1.712512224912643433e-02,2.172526568174362183e-01,2.061699181795120239e-01,4.208011925220489502e-02,6.969474256038665771e-02,3.905329108238220215e-02,-2.539927139878273010e-03,4.029400646686553955e-03,-4.678511619567871094e-02,-1.042082682251930237e-01,5.688652023673057556e-02,-3.709511458873748779e-02,-1.048130095005035400e-01,9.647090733051300049e-02,3.790117427706718445e-02,-7.868260890245437622e-02,7.854697178117930889e-04,3.335685655474662781e-02,1.343529950827360153e-02,-4.450594261288642883e-02,-3.749768808484077454e-02,1.812336966395378113e-02,-4.333469085395336151e-03,-1.412654370069503784e-01,1.175019145011901855e-01,1.134857460856437683e-01,2.737639285624027252e-02,7.181908469647169113e-03,1.238538324832916260e-01,7.164388895034790039e-02,-1.023019924759864807e-01,1.379566174000501633e-02,-5.480751767754554749e-02,-4.593326151371002197e-02,-6.098017096519470215e-02,-5.305851250886917114e-02,-1.674256920814514160e-01,1.813516579568386078e-02,-1.300792023539543152e-02,1.199587155133485794e-02,-4.401347413659095764e-02,-1.444666413590312004e-03,1.871874034404754639e-01,-1.583211310207843781e-02,1.041289195418357849e-01,1.196693331003189087e-01,4.853844642639160156e-02,7.202335447072982788e-02,1.616501063108444214e-02,2.418383210897445679e-02,2.203425318002700806e-01,2.054431289434432983e-01,-2.728595025837421417e-02,1.252745240926742554e-01,-1.535515394061803818e-02,5.557089298963546753e-02,-7.615506649017333984e-03,-2.659629099071025848e-02,-7.669819891452789307e-02,-6.499908864498138428e-02,-2.884546853601932526e-02,-2.054947242140769958e-02,8.769058436155319214e-02,-8.260131627321243286e-02,-4.926854744553565979e-02,-4.745875671505928040e-02,-8.343397080898284912e-02,-1.039367988705635071e-01,7.383112609386444092e-02,1.756069995462894440e-02,-7.915274053812026978e-02,1.216000914573669434e-01,-3.017343766987323761e-02,2.414597198367118835e-02,2.617496997117996216e-02,9.576295502483844757e-03,7.500647753477096558e-02,-7.903581112623214722e-02,-2.321183681488037109e-02,6.179851666092872620e-02,-1.121967448852956295e-03,3.604994341731071472e-02,7.511473447084426880e-02,-2.395743504166603088e-02,5.621330067515373230e-02,1.573322690092027187e-03,2.026584185659885406e-02,9.634751826524734497e-02,-5.691352486610412598e-02,1.031636609695851803e-03,-2.973365038633346558e-02,-5.372356250882148743e-02,-3.434748575091362000e-02,4.338837787508964539e-02,3.364296630024909973e-02,1.543163359165191650e-01,5.777476727962493896e-02,8.146496117115020752e-02,-1.222729459404945374e-01,1.559890713542699814e-02,1.273871511220932007e-01,8.439879119396209717e-02,-3.350576385855674744e-02,-2.035226970911026001e-01,-8.674203604459762573e-02,1.809042990207672119e-01
2.742469497025012970e-02,4.214458912611007690e-02,9.153467603027820587e-03,-8.104575425386428833e-02,-2.172019332647323608e-03,7.126276195049285889e-02,-1.534737553447484970e-02,-1.029014121741056442e-03,2.284811437129974365e-02,2.518558874726295471e-02,-4.914183914661407471e-02,-4.228940606117248535e-02,-4.359632730484008789e-02,-3.416891396045684814e-02,2.630550228059291840e-02,-2.771046012639999390e-02,-3.177602076902985573e-03,-3.602727316319942474e-03,2.955657057464122772e-02,3.276998177170753479e-02,1.753636077046394348e-02,-3.801616281270980835e-02,-3.060764074325561523e-02,7.748418301343917847e-02,6.755922734737396240e-02,1.203109230846166611e-02,-1.116491574794054031e-02,3.925525024533271790e-02,1.390054449439048767e-02,2.104138582944869995e-02,-6.854187697172164917e-03,-8.184166997671127319e-02,-1.392530556768178940e-02,-2.410707436501979828e-02,-5.991619825363159180e-02,3.786730766296386719e-02,7.452408783137798309e-03,-1.850304380059242249e-02,-1.720449328422546387e-02,2.488829009234905243e-02,1.347773056477308273e-02,-6.224510073661804199e-02,-1.903613656759262085e-02,2.539927139878273010e-03,-1.924092322587966919e-02,-8.035735040903091431e-02,-2.080973703414201736e-03,1.623478904366493225e-02,3.353666514158248901e-02,-2.071858756244182587e-02,-7.733104284852743149e-04,-6.108610332012176514e-02,-3.466444090008735657e-02,9.766982868313789368e-03,1.506080385297536850e-02,-2.975964546203613281e-02,-5.404033511877059937e-02,-1.338613405823707581e-02,-7.849241793155670166e-02,-1.698965206742286682e-02,-1.136004342697560787e-03,-1.985756680369377136e-02,-1.623788662254810333e-02,-1.618384011089801788e-02,4.339864104986190796e-02,-1.673747412860393524e-02,1.022696029394865036e-03,9.574893862009048462e-03,2.033858932554721832e-02,5.413803085684776306e-02,2.166962996125221252e-02,-3.278778120875358582e-02,8.710686862468719482e-02,8.566863089799880981e-02,5.408861860632896423e-02,3.865570574998855591e-02,-4.374728724360466003e-02,-1.695476099848747253e-02,-2.528393268585205078e-02,-1.231563277542591095e-02,8.294282015413045883e-04,-2.189062722027301788e-02,1.506333798170089722e-02,6.260968279093503952e-03,3.346569836139678955e-02,1.644850149750709534e-02,-4.409446567296981812e-02,-9.809118695557117462e-03,-6.547401100397109985e-02,-4.167605563998222351e-02,4.812129586935043335e-02,4.171639680862426758e-02,-5.384340509772300720e-02,-6.447046995162963867e-03,-5.923856981098651886e-03,1.021969411522150040e-02,1.452269218862056732e-02,-1.037625782191753387e-02,-4.314573947340250015e-03,6.409765221178531647e-03,-4.384580254554748535e-02,1.175772398710250854e-02,3.692749887704849243e-02,3.357331082224845886e-02,8.010173588991165161e-02,-2.022467181086540222e-02,4.211305454373359680e-02,6.090656667947769165e-02,3.928468003869056702e-02,1.704432256519794464e-02,1.221399195492267609e-02,4.036642611026763916e-03,-1.890642382204532623e-02,-1.204742211848497391e-02,3.080864623188972473e-02,9.568725712597370148e-03,-1.061089523136615753e-02,-2.727231197059154510e-02,1.646363735198974609e-02,3.651127219200134277e-02,-5.499533191323280334e-02,4.175733402371406555e-02,4.508904367685317993e-02,6.124842539429664612e-02,-2.059218240901827812e-03,-9.027139842510223389e-02,-1.869284547865390778e-02,7.902266830205917358e-02
6.580674089491367340e-03,3.456689789891242981e-02,1.039395108819007874e-01,-1.048862114548683167e-01,9.012418985366821289e-02,9.176538884639739990e-02,-2.028306014835834503e-02,-3.491957113146781921e-02,-9.338851086795330048e-03,1.969866268336772919e-02,-1.122533380985260010e-01,-4.682261124253273010e-02,2.838563732802867889e-02,5.569668021053075790e-03,5.402541160583496094e-02,-8.510879427194595337e-02,6.427011638879776001e-02,8.350662142038345337e-02,1.367352437227964401e-02,1.018768623471260071e-01,4.051899909973144531e-02,-4.289210960268974304e-02,-8.221846818923950195e-02,1.724206656217575073e-01,1.819949746131896973e-01,-2.912704646587371826e-02,5.089762434363365173e-02,2.479831315577030182e-02,3.203302621841430664e-02,2.453433349728584290e-02,-2.666213549673557281e-02,-1.349897682666778564e-01,-1.285145338624715805e-02,-8.559922873973846436e-02,-2.106893993914127350e-02,1.080845296382904053e-01,8.170123398303985596e-02,-5.351379141211509705e-02,3.294368833303451538e-02,4.664187133312225342e-02,-7.249793503433465958e-03,-3.533497452735900879e-02,3.086009621620178223e-02,-4.602337256073951721e-02,-3.792212530970573425e-02,-1.026701405644416809e-01,1.203525736927986145e-01,1.703341752290725708e-01,2.038577757775783539e-02,9.771947562694549561e-02,1.410412490367889404e-01,-9.029094129800796509e-02,-1.403314024209976196e-01,-4.706859588623046875e-02,-4.451174288988113403e-02,-8.903337270021438599e-02,-1.109666377305984497e-01,-5.072479695081710815e-02,-1.550644934177398682e-01,1.350219454616308212e-02,9.781479090452194214e-02,4.387967661023139954e-02,6.002014875411987305e-02,-1.652281172573566437e-02,1.896341741085052490e-01,-8.490876108407974243e-02,1.040344387292861938e-01,5.316291376948356628e-02,-7.206046022474765778e-03,7.431782782077789307e-02,2.797501906752586365e-02,-8.912724256515502930e-02,1.583297103643417358e-01,1.321770250797271729e-01,1.753731369972229004e-01,1.559588313102722168e-01,-2.843739278614521027e-02,6.901684403419494629e-02,-2.893667854368686676e-02,9.973282925784587860e-03,-3.957866877317428589e-02,-2.268887311220169067e-02,-2.932264655828475952e-02,-5.048294365406036377e-02,1.243972927331924438e-01,-9.597362950444221497e-03,1.550481468439102173e-02,1.688662357628345490e-02,-1.582382596097886562e-03,-5.562306940555572510e-02,1.164813339710235596e-01,6.123592704534530640e-02,-2.101728506386280060e-02,4.244079813361167908e-02,1.388250850141048431e-03,5.623364821076393127e-02,5.644130706787109375e-02,4.874481260776519775e-02,2.161571197211742401e-02,-1.467437595129013062e-01,-5.623326823115348816e-02,1.103330701589584351e-01,-1.445907726883888245e-02,3.049483289942145348e-03,2.297023870050907135e-02,-3.061192855238914490e-02,5.176353827118873596e-02,6.984981894493103027e-02,7.199330627918243408e-02,7.134266942739486694e-02,-5.385442823171615601e-02,-1.542576868087053299e-02,-5.866078287363052368e-02,2.619468420743942261e-02,-2.978077391162514687e-03,5.759128928184509277e-02,3.586106002330780029e-02,4.627380520105361938e-02,-6.381505727767944336e-02,7.845998555421829224e-02,-1.310639083385467529e-01,-6.627163849771022797e-03,6.314177066087722778e-02,1.431146729737520218e-02,-1.800723746418952942e-02,-1.103898808360099792e-01,-1.346497703343629837e-02,1.793061196804046631e-01
8.329252153635025024e-02,8.418710529804229736e-02,9.793081879615783691e-02,-1.494154632091522217e-01,2.436539903283119202e-02,1.278920322656631470e-01,1.408739946782588959e-02,7.802446372807025909e-03,4.299687594175338745e-02,9.031616151332855225e-03,-1.136802807450294495e-01,-6.365536898374557495e-02,-8.003983646631240845e-02,-1.637491211295127869e-02,1.002755686640739441e-01,-4.869082197546958923e-02,-2.209461480379104614e-02,3.521442413330078125e-02,7.384185492992401123e-02,3.714398294687271118e-02,4.094485566020011902e-02,-9.361903369426727295e-02,-1.151668727397918701e-01,1.836500465869903564e-01,1.821807473897933960e-01,4.667586088180541992e-02,-1.165575534105300903e-02,7.649891823530197144e-02,3.592592105269432068e-02,5.259662121534347534e-02,4.176591988652944565e-03,-1.672125011682510376e-01,1.031472440809011459e-02,-3.202993422746658325e-02,-1.549847871065139771e-01,1.058998107910156250e-01,3.108741715550422668e-02,-6.528542935848236084e-02,-3.385795652866363525e-02,3.398654982447624207e-02,1.723860576748847961e-02,-1.187860593199729919e-01,-2.702382579445838928e-02,2.626988664269447327e-02,-2.149870432913303375e-02,-1.744938939809799194e-01,4.154747352004051208e-02,1.209248751401901245e-01,9.342994540929794312e-02,-2.261410839855670929e-02,-8.794885128736495972e-03,-9.240547567605972290e-02,-2.469537965953350067e-02,4.574471339583396912e-02,-4.797102138400077820e-02,-9.940041601657867432e-02,-1.324800848960876465e-01,-1.879572123289108276e-02,-1.654206514358520508e-01,-3.791034221649169922e-02,-4.489462077617645264e-02,-5.223578214645385742e-02,-5.285292118787765503e-02,-4.737124964594841003e-02,1.281649470329284668e-01,-6.150132790207862854e-02,4.644551128149032593e-02,8.416047692298889160e-02,6.070246174931526184e-02,1.669467538595199585e-01,8.407255262136459351e-02,-9.130168706178665161e-02,1.736935228109359741e-01,1.742312461137771606e-01,1.148601323366165161e-01,9.503806382417678833e-02,-4.346580430865287781e-02,2.041321061551570892e-02,-1.952283829450607300e-02,-1.766867004334926605e-02,3.290087729692459106e-02,-5.677609518170356750e-02,2.326959185302257538e-02,2.677679061889648438e-02,6.735794246196746826e-02,9.699874557554721832e-03,-2.122586965560913086e-02,-7.594209909439086914e-02,-1.575989276170730591e-01,-7.736086100339889526e-02,9.996353834867477417e-02,4.327750951051712036e-02,-8.658326417207717896e-02,1.696426793932914734e-02,-2.632063440978527069e-02,3.239284455776214600e-02,1.197481974959373474e-01,2.393119409680366516e-02,-5.085829272866249084e-02,-1.092661451548337936e-02,-9.309105575084686279e-02,2.729681879281997681e-02,4.832452163100242615e-02,3.977850824594497681e-02,1.445975899696350098e-01,-5.063627660274505615e-02,1.062421202659606934e-01,1.345462352037429810e-01,5.035490915179252625e-02,9.911300614476203918e-03,1.695479080080986023e-02,-1.211816351860761642e-02,9.456768631935119629e-03,-2.014693571254611015e-03,2.467530593276023865e-02,3.849453851580619812e-02,-5.798453092575073242e-02,-5.821465700864791870e-02,4.756416752934455872e-02,8.145018666982650757e-02,-1.181150153279304504e-01,5.517124757170677185e-02,9.007656574249267578e-02,1.026850789785385132e-01,2.474053204059600830e-02,-1.733699440956115723e-01,-3.683875128626823425e-02,1.497362256050109863e-01
7.503917068243026733e-02,9.857498109340667725e-02,1.602203249931335449e-01,-1.342531740665435791e-01,1.080491542816162109e-01,1.026330590248107910e-01,3.645061701536178589e-02,-3.411574289202690125e-02,4.546367004513740540e-02,5.661247763782739639e-03,-1.310891211032867432e-01,-2.187924645841121674e-02,1.094461418688297272e-02,5.083010066300630569e-03,6.192050501704216003e-02,-1.117510050535202026e-01,6.670127809047698975e-02,7.573391497135162354e-02,9.733986109495162964e-02,1.067568138241767883e-01,2.714716363698244095e-03,-8.066375553607940674e-02,-5.672975629568099976e-02,1.652555316686630249e-01,1.973811835050582886e-01,-3.044450655579566956e-02,1.357147190719842911e-02,1.006542332470417023e-02,3.602134063839912415e-02,2.776614949107170105e-02,-1.411087997257709503e-02,-1.473985165357589722e-01,1.248321589082479477e-02,-4.321953654289245605e-02,-7.433756440877914429e-02,1.220496594905853271e-01,4.436061903834342957e-02,-6.882183253765106201e-02,-1.524774078279733658e-02,5.151095241308212280e-02,8.580711483955383301e-02,-1.529299933463335037e-02,-1.869555748999118805e-02,-8.516681194305419922e-02,-4.383628442883491516e-02,-1.084689274430274963e-01,9.822754561901092529e-02,1.344377249479293823e-01,-1.010309066623449326e-02,5.880459770560264587e-02,1.396525800228118896e-01,-3.084059432148933411e-02,-7.288148999214172363e-02,-7.888837717473506927e-03,-4.645776376128196716e-02,-1.217233464121818542e-01,-1.086161658167839050e-01,-7.085641473531723022e-02,-1.470859050750732422e-01,-3.413220867514610291e-02,-3.572962433099746704e-02,3.302960470318794250e-02,-4.553941544145345688e-03,-7.163713127374649048e-02,1.770517081022262573e-01,-3.997801616787910461e-02,1.223654821515083313e-01,1.286944895982742310e-01,3.304498968645930290e-03,8.917998522520065308e-02,1.773761212825775146e-02,-2.788607217371463776e-02,1.927517503499984741e-01,1.202238723635673523e-01,1.717153787612915039e-01,1.378229558467864990e-01,-2.464280836284160614e-02,4.670583829283714294e-02,-2.956321090459823608e-02,1.969854347407817841e-02,-2.426067739725112915e-02,7.526583038270473480e-03,1.920386217534542084e-02,-1.019001379609107971e-02,1.378259062767028809e-01,-7.801077514886856079e-02,-4.554581269621849060e-02,-7.334249559789896011e-03,-7.748913019895553589e-02,-6.877609342336654663e-02,9.604489803314208984e-02,3.553806245326995850e-02,-3.040711022913455963e-02,9.183377772569656372e-02,2.094817534089088440e-02,1.787511282600462437e-03,1.211761729791760445e-03,5.871972534805536270e-03,5.694416351616382599e-03,-9.210451692342758179e-02,-6.649605929851531982e-02,7.214099913835525513e-02,-7.427196949720382690e-03,-1.215275749564170837e-02,-7.777175400406122208e-03,-3.596419841051101685e-02,8.775103092193603516e-02,3.180458769202232361e-02,2.047070674598217010e-02,6.407894194126129150e-02,-6.389439851045608521e-02,2.563172718510031700e-03,4.708078876137733459e-02,6.043008342385292053e-02,-1.641659415327012539e-03,2.096568979322910309e-02,5.823116376996040344e-02,4.147229343652725220e-02,-7.200948894023895264e-02,8.314942568540573120e-02,-9.850847721099853516e-02,-1.939115347340703011e-03,4.265049844980239868e-02,2.999213151633739471e-02,-6.796302646398544312e-02,-2.101767808198928833e-01,-5.297143757343292236e-02,1.910130977630615234e-01
7.203907519578933716e-02,1.221490055322647095e-01,1.347489058971405029e-01,-1.802604496479034424e-01,6.572458148002624512e-02,1.253489404916763306e-01,-6.256440281867980957e-02,-7.442701607942581177e-02,-5.124791990965604782e-03,3.503514826297760010e-02,-1.251965165138244629e-01,-2.096011862158775330e-02,-6.420412659645080566e-02,1.704047806560993195e-02,8.173528313636779785e-02,-6.947416812181472778e-02,-3.266241773962974548e-02,-9.785194694995880127e-02,2.975428290665149689e-02,8.434894680976867676e-02,1.090510096400976181e-02,-1.040886119008064270e-01,-1.219523474574089050e-01,1.863597780466079712e-01,2.279721200466156006e-01,-2.120141126215457916e-02,5.275885108858346939e-03,2.193629182875156403e-02,2.792549878358840942e-02,-1.186741236597299576e-02,1.702930778264999390e-02,-8.572554588317871094e-02,4.927711188793182373e-02,-6.521859765052795410e-02,-1.100480854511260986e-01,1.188227459788322449e-01,3.889766335487365723e-02,-8.248134702444076538e-02,8.959112688899040222e-03,1.359241828322410583e-02,2.858660416677594185e-03,-2.252703905105590820e-02,9.261282160878181458e-03,-5.020515993237495422e-03,5.433504935353994370e-03,-1.792383790016174316e-01,7.776643335819244385e-02,1.064739674329757690e-01,7.829436659812927246e-02,3.855071961879730225e-02,1.099433302879333496e-01,-2.694003982469439507e-03,-7.218214869499206543e-02,-2.237563021481037140e-02,-2.638373896479606628e-02,-7.777237892150878906e-02,-7.701431214809417725e-02,-6.730236858129501343e-02,-2.047373205423355103e-01,1.521484740078449249e-02,4.735019430518150330e-02,-2.313371049240231514e-03,6.655753403902053833e-02,-3.750432655215263367e-02,1.293275803327560425e-01,-5.038096010684967041e-02,9.080134332180023193e-02,9.885714948177337646e-02,7.545267045497894287e-02,1.234312206506729126e-01,1.247505005449056625e-02,-8.060655742883682251e-02,1.974398046731948853e-01,1.549137830734252930e-01,1.709200292825698853e-01,1.355191171169281006e-01,-3.847617655992507935e-02,7.080324739217758179e-02,-6.565357092767953873e-03,-3.881871327757835388e-02,8.203678764402866364e-03,-3.413512557744979858e-02,-2.610953710973262787e-02,-2.388127334415912628e-02,3.342645987868309021e-02,-1.209542620927095413e-02,-3.484327718615531921e-02,-8.256907761096954346e-02,-1.103690937161445618e-01,-9.029196947813034058e-02,1.320789158344268799e-01,1.136421337723731995e-01,-3.540099412202835083e-02,4.704798758029937744e-02,-2.746430411934852600e-02,2.151770889759063721e-02,4.305830225348472595e-02,-1.153247989714145660e-02,-2.901389263570308685e-02,-8.817568421363830566e-02,-1.322243362665176392e-01,4.596140701323747635e-03,5.226618051528930664e-02,5.276277661323547363e-02,8.530554175376892090e-02,-3.382056578993797302e-02,7.554077357053756714e-02,8.708932995796203613e-02,7.575922459363937378e-02,9.480243921279907227e-02,-1.431715767830610275e-02,-4.492682963609695435e-02,2.882953733205795288e-02,-1.727280765771865845e-02,1.274900883436203003e-02,4.755176976323127747e-02,-1.017841845750808716e-01,-2.982100704684853554e-03,-7.047327701002359390e-03,2.689594402909278870e-02,-1.575924754142761230e-01,3.980162739753723145e-02,5.118921771645545959e-02,1.218103617429733276e-02,-1.421990431845188141e-02,-1.672567129135131836e-01,-1.942479424178600311e-02,1.749362945556640625e-01
-6.892541889101266861e-03,9.085378050804138184e-02,1.279007047414779663e-01,-1.192849799990653992e-01,7.831512391567230225e-02,1.421430110931396484e-01,9.750504046678543091e-03,-1.895138062536716461e-02,2.329911338165402412e-03,4.324335604906082153e-02,-1.502742618322372437e-01,-7.724689692258834839e-02,6.373020354658365250e-03,-3.991112485527992249e-02,1.981329545378684998e-02,-8.986372500658035278e-02,8.938461542129516602e-03,6.220179051160812378e-02,4.985358938574790955e-02,1.140757128596305847e-01,3.985726460814476013e-02,-4.263678193092346191e-02,-6.893587857484817505e-02,2.007472068071365356e-01,2.105768322944641113e-01,2.184022590517997742e-02,6.051123887300491333e-02,-2.692721784114837646e-02,3.285467624664306641e-02,5.032019689679145813e-03,1.891616545617580414e-02,-8.869524300098419189e-02,3.382747247815132141e-02,-7.874877005815505981e-02,-1.212738305330276489e-01,1.137970164418220520e-01,9.898132085800170898e-02,-8.568902313709259033e-02,3.958214819431304932e-02,8.482511341571807861e-02,1.822537742555141449e-02,2.439315803349018097e-02,-5.409367382526397705e-02,2.894585020840167999e-02,-2.700461447238922119e-02,-8.892078697681427002e-02,7.474987208843231201e-02,1.170049607753753662e-01,7.419402897357940674e-02,4.383509606122970581e-02,1.408409923315048218e-01,-1.893431134521961212e-02,-4.836692288517951965e-02,-5.424535367637872696e-03,-3.092068247497081757e-02,-7.253802567720413208e-02,-1.120461076498031616e-01,-7.504808902740478516e-02,-1.388101130723953247e-01,1.715947315096855164e-02,8.665821515023708344e-03,3.534042462706565857e-02,-1.162384171038866043e-02,3.179565444588661194e-02,1.976831257343292236e-01,-3.818129748106002808e-02,7.645782083272933960e-02,1.175572425127029419e-01,7.957288622856140137e-02,1.215886250138282776e-01,2.694392390549182892e-02,-8.013806492090225220e-02,1.920994371175765991e-01,1.371406167745590210e-01,8.849423378705978394e-02,1.317999213933944702e-01,-2.627268433570861816e-02,6.862778216600418091e-02,-1.770061068236827850e-02,7.014121115207672119e-02,-6.452201865613460541e-03,2.200849913060665131e-02,1.491152774542570114e-02,-3.120853938162326813e-02,1.207453850656747818e-02,-3.909328579902648926e-02,-4.846452793572098017e-04,2.097563818097114563e-02,-7.454728335142135620e-02,-7.831885665655136108e-02,1.399486660957336426e-01,5.586020648479461670e-02,-6.998955458402633667e-02,1.039936617016792297e-01,4.929379373788833618e-02,5.919842794537544250e-02,7.729645818471908569e-02,1.569014042615890503e-02,-2.777281776070594788e-02,-7.291373610496520996e-02,-4.165498912334442139e-02,8.882778882980346680e-02,-3.036661632359027863e-02,2.084828913211822510e-02,6.593558937311172485e-02,-3.303514420986175537e-02,8.067212998867034912e-02,7.443548738956451416e-02,8.365985751152038574e-02,6.035311520099639893e-02,-3.172986209392547607e-02,-3.532143309712409973e-02,-5.102546513080596924e-02,7.879213429987430573e-03,-7.762078195810317993e-02,-1.809732988476753235e-02,1.677135005593299866e-02,2.522323653101921082e-02,-9.862280450761318207e-03,8.434633165597915649e-02,-1.311119347810745239e-01,5.111122131347656250e-02,4.874469339847564697e-02,3.456079214811325073e-02,-6.118610501289367676e-02,-1.789894402027130127e-01,-2.958030439913272858e-02,1.692109405994415283e-01
2.870834432542324066e-02,7.607738673686981201e-02,1.612604856491088867e-01,-1.119756698608398438e-01,1.177177950739860535e-01,1.289211064577102661e-01,1.909071579575538635e-02,3.060493245720863342e-02,2.663101255893707275e-02,3.493294585496187210e-03,-1.122337579727172852e-01,-2.277769893407821655e-02,-1.440446078777313232e-02,2.202610298991203308e-02,4.623327031731605530e-02,-1.004187166690826416e-01,7.726918160915374756e-02,5.893135070800781250e-02,3.687208145856857300e-02,7.482156157493591309e-02,2.994097955524921417e-02,-3.560842946171760559e-02,-9.471425414085388184e-02,1.580793410539627075e-01,1.949606388807296753e-01,-1.819898188114166260e-02,4.025362804532051086e-02,6.621471606194972992e-03,-3.687300160527229309e-02,-1.220412924885749817e-02,-1.435040263459086418e-03,-1.359579712152481079e-01,-6.975775584578514099e-03,-8.271618932485580444e-02,-9.160947799682617188e-02,1.012003868818283081e-01,1.911669224500656128e-02,-8.746118098497390747e-02,1.127201132476329803e-02,5.141845345497131348e-02,4.652012512087821960e-02,-8.707481436431407928e-03,-2.883293293416500092e-02,-6.666529923677444458e-02,-5.726939067244529724e-02,-6.776828318834304810e-02,1.248887032270431519e-01,1.280602067708969116e-01,-2.094328962266445160e-02,8.358225971460342407e-02,1.523844152688980103e-01,-1.532595325261354446e-02,-1.230241283774375916e-01,-3.617441281676292419e-02,-5.315396934747695923e-02,-1.241206824779510498e-01,-9.464161843061447144e-02,-5.795456096529960632e-02,-1.612449586391448975e-01,-2.358898706734180450e-02,2.184567600488662720e-02,1.892140880227088928e-02,-7.701899856328964233e-03,-2.675776183605194092e-02,2.007314115762710571e-01,-5.409773811697959900e-02,9.626691043376922607e-02,1.182314455509185791e-01,1.029377523809671402e-02,1.069019734859466553e-01,4.283312242478132248e-03,-8.172468096017837524e-02,1.655128300189971924e-01,1.543616205453872681e-01,1.389800459146499634e-01,1.529251039028167725e-01,-2.102640084922313690e-02,6.348304450511932373e-02,-1.797681860625743866e-02,-2.524310722947120667e-03,-6.058499217033386230e-02,-4.479088261723518372e-02,3.659725189208984375e-04,-2.885365858674049377e-02,1.269355118274688721e-01,-1.465978287160396576e-02,-2.301583997905254364e-02,-4.197581857442855835e-02,-5.053003132343292236e-02,-4.384857043623924255e-02,1.193175688385963440e-01,5.439025163650512695e-02,-5.659060925245285034e-02,7.698640227317810059e-02,2.652430208399891853e-03,-1.782871969044208527e-02,2.839870937168598175e-02,7.260760758072137833e-03,6.460631638765335083e-02,-1.339125782251358032e-01,-6.617756187915802002e-02,1.034554764628410339e-01,-2.739154919981956482e-02,-2.691363729536533356e-02,-8.375090546905994415e-03,-5.538285523653030396e-02,8.059867471456527710e-02,5.006537213921546936e-02,3.341535478830337524e-02,1.833215355873107910e-02,-5.989724770188331604e-02,-2.732770517468452454e-02,2.558033540844917297e-02,3.079852275550365448e-02,-1.736692525446414948e-02,4.734070971608161926e-02,7.126358896493911743e-02,4.243746772408485413e-02,-3.737635910511016846e-02,5.933610349893569946e-02,-1.379464566707611084e-01,4.404456354677677155e-03,4.073494672775268555e-02,3.969156369566917419e-02,-5.288617312908172607e-02,-1.875336319208145142e-01,-1.010356657207012177e-02,1.865998506546020508e-01
2.139679715037345886e-02,2.668524533510208130e-02,6.290940940380096436e-02,-2.890216559171676636e-02,2.790173515677452087e-02,1.027205120772123337e-02,9.639082476496696472e-03,1.070111524313688278e-03,-2.227809047326445580e-03,-1.374661643058061600e-02,-7.375110685825347900e-02,-2.592271566390991211e-02,2.241411805152893066e-02,-2.907103300094604492e-02,2.415035106241703033e-02,-1.651816256344318390e-02,3.477931022644042969e-05,5.007744207978248596e-02,3.814079612493515015e-02,2.014465816318988800e-02,-6.747082807123661041e-03,-1.861687749624252319e-02,-5.394838750362396240e-02,6.567662954330444336e-02,7.291051000356674194e-02,-1.878517307341098785e-02,-3.283756785094738007e-03,3.964403178542852402e-03,1.583491265773773193e-02,-7.436585146933794022e-03,-2.993451803922653198e-02,-3.842873871326446533e-02,-9.127659723162651062e-03,-2.934072352945804596e-02,-1.400158461183309555e-02,4.319142177700996399e-02,-1.507045701146125793e-02,-5.112394690513610840e-02,-2.721855789422988892e-02,4.954373091459274292e-02,2.666752785444259644e-02,-1.228503137826919556e-02,1.665447093546390533e-02,-1.820386946201324463e-02,-6.416638195514678955e-02,-4.136385023593902588e-02,1.653961278498172760e-02,3.734528273344039917e-02,-1.771767996251583099e-02,-9.291230700910091400e-03,2.155607752501964569e-02,-3.653106465935707092e-02,-2.684442885220050812e-02,2.148449420928955078e-04,-1.584242284297943115e-02,-3.630546107888221741e-02,-3.582900762557983398e-02,-3.560518100857734680e-02,-6.759879738092422485e-02,-1.555397640913724899e-02,-8.316294290125370026e-03,-1.276441477239131927e-02,1.620260998606681824e-02,3.868858097121119499e-03,6.028990447521209717e-02,-1.066352147608995438e-02,2.168869413435459137e-02,2.837554179131984711e-02,2.267713658511638641e-02,2.695562876760959625e-02,-1.410459075123071671e-02,-2.816179208457469940e-02,7.465799897909164429e-02,4.776377603411674500e-02,3.868114575743675232e-02,6.744889169931411743e-02,1.026844512671232224e-02,3.653100505471229553e-02,4.719936754554510117e-03,5.667744670063257217e-03,-3.105642460286617279e-02,1.412449590861797333e-02,1.956707611680030823e-02,-8.068534545600414276e-03,4.584871232509613037e-02,-6.623825989663600922e-03,-9.860612452030181885e-03,1.585475541651248932e-02,-2.797001786530017853e-02,-4.783906415104866028e-02,3.331110626459121704e-02,3.113856911659240723e-02,-4.373309761285781860e-02,3.045293129980564117e-02,6.639233324676752090e-03,-6.308143027126789093e-03,3.170872107148170471e-02,3.092282824218273163e-02,3.204052895307540894e-02,-3.624555096030235291e-02,-6.494340952485799789e-03,3.617402911186218262e-02,7.316696457564830780e-03,-5.320647265762090683e-03,-2.196338027715682983e-03,-3.175778314471244812e-02,3.445062786340713501e-02,2.767571061849594116e-02,1.217516604810953140e-02,-9.440110996365547180e-03,-1.142007950693368912e-02,1.989212259650230408e-02,2.753098122775554657e-02,6.091757211834192276e-03,-1.246170140802860260e-02,4.837355576455593109e-03,5.058662034571170807e-03,-1.404285430908203125e-04,-2.675481513142585754e-02,6.358835380524396896e-03,-6.365204602479934692e-02,4.231166094541549683e-02,3.906311094760894775e-02,1.307946257293224335e-02,-2.950213849544525146e-02,-9.884074330329895020e-02,-3.597017750144004822e-02,9.625235199928283691e-02
