3.379276022315025330e-02,3.940995782613754272e-02,6.208697333931922913e-03,-7.430943846702575684e-02,6.272471696138381958e-02,5.459688231348991394e-02,2.125029265880584717e-02,-6.890829652547836304e-02,-2.407055720686912537e-02,6.407292094081640244e-03,-3.633353114128112793e-02,-2.776037342846393585e-02,-1.312338374555110931e-02,-3.774401545524597168e-02,2.566060051321983337e-02,-7.895090430974960327e-02,-4.056907817721366882e-02,2.794384211301803589e-02,-1.984305679798126221e-02,1.162950228899717331e-02,2.233687974512577057e-02,-3.511435538530349731e-02,-1.325711328536272049e-02,6.366168707609176636e-02,4.667009040713310242e-02,-3.638204187154769897e-02,-1.521279197186231613e-02,3.761571133509278297e-03,1.018718257546424866e-02,2.296181023120880127e-02,3.396795829758048058e-03,-7.239183783531188965e-02,-3.688091784715652466e-02,3.003807924687862396e-02,-4.046708345413208008e-02,2.880905009806156158e-02,1.765025965869426727e-02,-3.266740124672651291e-03,-4.335473105311393738e-02,2.122625336050987244e-02,-9.860374033451080322e-03,-2.727996557950973511e-02,-1.547475066035985947e-02,1.032738760113716125e-02,-2.481249161064624786e-02,-4.174540564417839050e-02,-1.144022308290004730e-02,1.604946702718734741e-02,-1.371938176453113556e-02,6.386877968907356262e-03,-1.026624068617820740e-02,-3.923114761710166931e-02,3.510520095005631447e-03,1.298735942691564560e-02,-2.037529088556766510e-02,-1.756910420954227448e-02,-2.550847083330154419e-02,-4.714504256844520569e-02,-6.005293875932693481e-02,-3.250683471560478210e-02,4.614886362105607986e-03,-9.594919160008430481e-03,3.301221877336502075e-02,1.809895038604736328e-04,4.247893765568733215e-02,-6.981526967138051987e-03,3.184067085385322571e-02,2.229821309447288513e-02,-1.753647997975349426e-02,4.295826703310012817e-02,-6.338659673929214478e-03,-6.297848373651504517e-02,9.691284596920013428e-02,7.765380293130874634e-02,8.963384479284286499e-02,4.310153052210807800e-02,-4.660781845450401306e-02,1.797923259437084198e-02,2.497061342000961304e-02,2.991635538637638092e-02,-4.191004484891891479e-02,-3.560541942715644836e-02,1.247010380029678345e-02,3.262487798929214478e-02,5.435822159051895142e-02,-1.510412525385618210e-02,-1.438238285481929779e-02,-4.061885178089141846e-03,-9.273294359445571899e-02,-6.053781136870384216e-02,1.720327138900756836e-02,2.679817564785480499e-02,-2.938232012093067169e-02,-9.039602242410182953e-03,-1.679247617721557617e-02,-1.706228777766227722e-02,-9.423363022506237030e-03,-2.295996248722076416e-02,1.597539708018302917e-02,1.193505339324474335e-02,-1.275365985929965973e-02,1.755316555500030518e-02,6.590150762349367142e-03,-2.943566767498850822e-03,2.906564064323902130e-02,-5.691585130989551544e-03,3.050944767892360687e-02,1.358833629637956619e-02,1.669838652014732361e-02,5.666814371943473816e-02,1.377706881612539291e-02,6.438645720481872559e-02,9.289473295211791992e-03,-1.465030759572982788e-02,6.609492003917694092e-03,-1.134528592228889465e-02,1.227689534425735474e-02,-5.161983892321586609e-03,-4.924990981817245483e-02,1.107352413237094879e-02,-5.608114972710609436e-02,6.846784800291061401e-02,4.083364084362983704e-02,5.442867055535316467e-02,1.462921313941478729e-02,-5.858944728970527649e-02,-3.343089669942855835e-02,8.858022093772888184e-02
1.259144116193056107e-02,2.656400576233863831e-02,8.369078487157821655e-02,-8.510400354862213135e-02,1.387700624763965607e-02,6.608244031667709351e-02,1.737899146974086761e-02,1.148489210754632950e-02,-1.939443685114383698e-02,8.439070545136928558e-03,-8.508944511413574219e-02,-1.879097893834114075e-02,1.898394152522087097e-02,-6.098061054944992065e-02,3.059332072734832764e-02,-2.574384026229381561e-02,-1.879064016975462437e-03,3.113985061645507812e-02,4.019029438495635986e-03,4.988299310207366943e-02,2.322699176147580147e-03,-5.557359755039215088e-02,-4.478118196129798889e-02,6.703889369964599609e-02,1.110067442059516907e-01,-7.638931740075349808e-03,-1.173531636595726013e-02,-3.118335083127021790e-02,8.837260305881500244e-03,-9.682350791990756989e-03,2.202345058321952820e-02,-4.870101809501647949e-02,5.690912157297134399e-02,-2.134200418367981911e-03,-6.261466769501566887e-04,5.333159118890762329e-02,5.709163472056388855e-02,-4.263808950781822205e-02,3.135243058204650879e-02,4.008518531918525696e-02,1.177396625280380249e-02,3.899624571204185486e-02,-5.216573551297187805e-02,-1.516437437385320663e-02,1.725591532886028290e-02,-5.665810778737068176e-02,2.495649456977844238e-02,2.285850979387760162e-02,-3.250909969210624695e-02,7.671867311000823975e-02,3.185907006263732910e-02,-1.266962941735982895e-02,1.684118807315826416e-02,-1.171466615051031113e-02,-2.886098437011241913e-02,-7.978082448244094849e-02,-6.499744951725006104e-02,-2.151642739772796631e-02,-8.495476096868515015e-02,5.393810104578733444e-03,9.691947139799594879e-03,-1.510335225611925125e-02,2.732624299824237823e-02,4.072820022702217102e-02,5.170644074678421021e-02,-3.396842256188392639e-02,2.956729196012020111e-02,1.314620859920978546e-02,5.962548893876373768e-04,9.302405640482902527e-03,-4.226956516504287720e-02,-3.706484660506248474e-02,1.052128747105598450e-01,4.976354539394378662e-02,3.616137802600860596e-02,6.814013421535491943e-02,-4.871600493788719177e-02,4.067017883062362671e-02,1.178957894444465637e-02,3.184207156300544739e-02,-4.502346739172935486e-02,-1.251542568206787109e-02,1.113878283649682999e-02,-1.689112372696399689e-02,3.040913119912147522e-02,-2.571114152669906616e-02,-6.844925135374069214e-02,-1.251405477523803711e-02,-3.035664372146129608e-02,-2.324653603136539459e-02,6.260611116886138916e-02,3.679490834474563599e-02,-4.308706894516944885e-02,4.202312231063842773e-02,-6.685553235001862049e-04,1.085384655743837357e-02,9.410400874912738800e-03,1.612991094589233398e-02,-1.962814666330814362e-02,-2.953129075467586517e-02,-1.496206130832433701e-02,4.169102013111114502e-02,-3.601919859647750854e-02,1.869457401335239410e-02,1.346539333462715149e-02,1.717535895295441151e-03,1.409753039479255676e-02,1.261653006076812744e-02,7.261296734213829041e-03,3.021044470369815826e-02,6.184677593410015106e-03,-1.006384473294019699e-02,2.788178063929080963e-02,-2.887101657688617706e-02,-3.177630528807640076e-02,-1.779204420745372772e-02,7.450322620570659637e-03,1.856721378862857819e-02,-2.346382848918437958e-02,-1.004572492092847824e-02,-6.709089875221252441e-02,6.346553564071655273e-02,3.490682691335678101e-02,3.279224783182144165e-02,1.621185219846665859e-03,-1.078169718384742737e-01,-2.752600423991680145e-02,1.112290024757385254e-01
3.296729177236557007e-02,3.400343284010887146e-02,2.085853926837444305e-02,-4.173796623945236206e-02,3.668097779154777527e-02,3.454189375042915344e-02,-1.456470414996147156e-02,-2.015967108309268951e-02,-1.829872652888298035e-02,2.074837684631347656e-04,-1.394622214138507843e-02,-1.016169320791959763e-03,-1.895426958799362183e-02,-3.211376816034317017e-02,3.171969437971711159e-03,-2.553503587841987610e-02,1.537270285189151764e-02,2.090421272441744804e-03,-1.259447913616895676e-02,2.387131564319133759e-03,7.439849432557821274e-04,-1.488358061760663986e-02,-1.037908904254436493e-02,2.739527449011802673e-02,2.254354208707809448e-02,1.444904948584735394e-03,4.446685779839754105e-03,-2.244467847049236298e-02,-1.282214303500950336e-03,1.891363412141799927e-02,2.918860642239451408e-03,-4.560796916484832764e-02,-1.433470938354730606e-02,1.394401956349611282e-02,-2.825166657567024231e-02,1.385677512735128403e-02,9.595425799489021301e-03,3.319978713989257812e-05,-1.902696304023265839e-02,-7.251551840454339981e-03,-3.060102462768554688e-04,-1.780241355299949646e-02,-2.538004517555236816e-02,-6.924011278897523880e-03,-1.753367856144905090e-02,-2.632259950041770935e-02,-1.263548154383897781e-02,1.166949234902858734e-02,-1.949384808540344238e-02,1.063780486583709717e-02,8.190507069230079651e-03,-1.652748696506023407e-02,2.896359888836741447e-03,-3.463373286649584770e-03,-1.953710615634918213e-02,1.225202577188611031e-03,-1.201640348881483078e-02,-1.955024525523185730e-02,-3.939954191446304321e-02,-1.172005943953990936e-02,-8.021539077162742615e-03,-2.633585408329963684e-02,-2.008847147226333618e-02,-7.132498081773519516e-03,1.974400319159030914e-02,-2.196110598742961884e-02,1.141999103128910065e-02,1.580872200429439545e-02,-1.068035699427127838e-02,2.797987312078475952e-02,5.869439337402582169e-03,-2.104877308011054993e-02,3.073727712035179138e-02,1.953528635203838348e-02,2.973070181906223297e-02,1.396067533642053604e-02,-2.453430369496345520e-02,1.423110719770193100e-02,1.685188338160514832e-02,1.849315129220485687e-02,-3.198881447315216064e-02,-3.523705154657363892e-02,-4.056222736835479736e-03,1.039199251681566238e-02,1.713721826672554016e-02,-4.469185601919889450e-03,-1.358192786574363708e-02,-5.904724821448326111e-03,-3.365124389529228210e-02,-6.799741182476282120e-03,3.401286900043487549e-02,3.154175728559494019e-02,-2.290149033069610596e-02,-2.693020505830645561e-03,-1.984496414661407471e-02,-1.201914437115192413e-02,-2.734713722020387650e-03,6.015794351696968079e-03,2.130758017301559448e-02,-1.171967294067144394e-02,-1.298011839389801025e-02,1.371800899505615234e-04,-7.380649447441101074e-03,-1.509098918177187443e-03,-3.988444805145263672e-04,-1.350460760295391083e-02,1.980349607765674591e-02,6.469039712101221085e-03,-1.314939744770526886e-02,3.934780135750770569e-03,-7.772646844387054443e-03,2.656572731211781502e-03,-3.863880876451730728e-03,3.192145377397537231e-03,-1.011685654520988464e-02,-1.212060451507568359e-04,2.387963421642780304e-02,1.417669933289289474e-02,-2.268065139651298523e-02,1.194956433027982712e-02,-3.281796723604202271e-02,2.015052363276481628e-02,1.595492660999298096e-02,1.880462653934955597e-02,-1.035793218761682510e-02,-4.627630114555358887e-02,-2.243136428296566010e-02,6.612792611122131348e-02
4.402596876025199890e-02,1.589884907007217407e-01,4.578492045402526855e-02,-1.131412088871002197e-01,1.129070445895195007e-01,1.266464740037918091e-01,4.812854900956153870e-02,-1.320068389177322388e-01,-3.206187859177589417e-02,-1.467283535748720169e-02,-6.493189930915832520e-02,-1.878067292273044586e-02,-9.437308460474014282e-02,-6.923286616802215576e-02,9.863267093896865845e-02,-9.888479858636856079e-02,-4.497004672884941101e-02,2.618768811225891113e-02,-1.556029170751571655e-02,-1.395730953663587570e-02,1.548747252672910690e-02,-7.128900289535522461e-02,-1.560841128230094910e-02,1.161040440201759338e-01,6.348396092653274536e-02,-1.101612579077482224e-03,6.278699729591608047e-03,3.219459578394889832e-02,7.913843542337417603e-02,7.659879326820373535e-02,-2.613270841538906097e-02,-1.500917077064514160e-01,-5.103275179862976074e-03,1.085625514388084412e-01,-9.073194861412048340e-02,4.189781472086906433e-02,6.474757939577102661e-02,-8.430399931967258453e-03,-8.128555864095687866e-02,1.114650070667266846e-02,-1.310687605291604996e-02,-6.775300204753875732e-02,1.394449733197689056e-03,-6.680657155811786652e-03,-2.986418828368186951e-02,-5.962980538606643677e-02,-1.568385399878025055e-02,5.849063768982887268e-02,7.557456381618976593e-03,1.261513028293848038e-02,-1.818730309605598450e-02,-7.409296184778213501e-02,-4.037353396415710449e-02,5.915566533803939819e-02,-1.527774427086114883e-02,5.608975887298583984e-03,-6.763377785682678223e-02,-1.008433327078819275e-01,-1.638166606426239014e-01,-9.936467558145523071e-02,-4.100718721747398376e-02,-3.942042961716651917e-02,1.416105497628450394e-02,-5.867967754602432251e-02,7.548420131206512451e-02,-8.877360075712203979e-02,7.127293199300765991e-02,4.465213045477867126e-02,-8.489643223583698273e-03,1.210949569940567017e-01,5.128647759556770325e-02,-8.643604069948196411e-02,1.639419496059417725e-01,1.343306452035903931e-01,1.694155335426330566e-01,7.218620926141738892e-02,-9.585255384445190430e-02,3.218403086066246033e-02,1.028528250753879547e-02,6.886380910873413086e-02,-1.008567884564399719e-01,-1.303736567497253418e-01,3.434474766254425049e-02,9.768615663051605225e-02,1.321309953927993774e-01,1.874897442758083344e-02,-1.110728457570075989e-02,1.699849963188171387e-02,-1.632117778062820435e-01,-6.774434447288513184e-02,3.536980226635932922e-02,9.124518185853958130e-02,-3.295931965112686157e-02,2.034303499385714531e-03,-2.991206757724285126e-02,-6.110145524144172668e-02,5.556584522128105164e-02,4.382836818695068359e-02,2.437337860465049744e-02,1.426504645496606827e-02,4.020698834210634232e-03,3.301769495010375977e-02,7.905355840921401978e-02,5.221854895353317261e-03,4.791702702641487122e-02,-3.222656995058059692e-02,5.338642001152038574e-02,7.294405996799468994e-02,4.997901245951652527e-02,6.222028657793998718e-02,4.585204180330038071e-03,2.183957025408744812e-02,-3.625769540667533875e-02,-3.634924441576004028e-02,3.068657405674457550e-02,-1.531424373388290405e-02,2.024275436997413635e-02,2.541840635240077972e-02,-4.719390720129013062e-02,5.443389713764190674e-02,-9.573931246995925903e-02,1.161049604415893555e-01,7.666493207216262817e-02,7.894871383905410767e-02,6.958192680031061172e-03,-1.566646248102188110e-01,-4.867465049028396606e-02,1.263936012983322144e-01
7.289642840623855591e-02,1.477247625589370728e-01,6.661553680896759033e-02,-1.258324831724166870e-01,1.006011515855789185e-01,1.151402443647384644e-01,1.764689385890960693e-02,-1.352514028549194336e-01,-4.010277241468429565e-02,1.323199365288019180e-02,-6.647795438766479492e-02,-1.916960254311561584e-02,-5.256568267941474915e-02,-7.067654281854629517e-02,8.761850744485855103e-02,-7.776945084333419800e-02,-5.122825037688016891e-03,5.561400204896926880e-02,-2.001214772462844849e-02,2.200042642652988434e-02,2.209020592272281647e-02,-2.739759720861911774e-02,-5.867462977766990662e-02,1.699935644865036011e-01,7.722681760787963867e-02,3.437415463849902153e-03,6.942815613001585007e-03,6.248869467526674271e-03,2.625916339457035065e-02,4.557388275861740112e-02,-3.622435778379440308e-02,-1.763985455036163330e-01,-3.399551287293434143e-02,7.817091047763824463e-02,-4.559854045510292053e-02,6.912054866552352905e-02,3.373072668910026550e-02,-3.898791596293449402e-02,-5.518049746751785278e-02,3.599196672439575195e-02,-1.459482964128255844e-02,-9.611368924379348755e-02,-2.094212733209133148e-02,-1.484150812029838562e-02,-5.712852999567985535e-02,-8.580051362514495850e-02,2.683260478079319000e-02,1.296914219856262207e-01,6.405175663530826569e-03,3.388093784451484680e-03,4.863046854734420776e-02,-8.410149812698364258e-02,-7.793394476175308228e-02,4.302347078919410706e-02,-2.932225912809371948e-02,-3.615498170256614685e-02,-5.243429169058799744e-02,-7.005346566438674927e-02,-1.351692974567413330e-01,-4.146991297602653503e-02,1.496051251888275146e-02,-8.255863189697265625e-02,8.081765845417976379e-03,-8.032004535198211670e-02,1.135236024856567383e-01,-4.238799586892127991e-02,7.643936574459075928e-02,4.968758672475814819e-02,5.247577652335166931e-02,1.866878271102905273e-01,9.399617463350296021e-02,-7.107975333929061890e-02,1.847122758626937866e-01,1.535443514585494995e-01,2.232235223054885864e-01,9.149407595396041870e-02,-1.162341386079788208e-01,9.843361377716064453e-02,3.436037525534629822e-02,5.911438167095184326e-02,-8.340329676866531372e-02,-9.012690931558609009e-02,1.073637977242469788e-02,8.083814382553100586e-02,1.085600480437278748e-01,3.618295863270759583e-02,1.312928274273872375e-02,-2.924910513684153557e-03,-1.288443356752395630e-01,-1.026411280035972595e-01,7.793699204921722412e-02,9.771118313074111938e-02,-5.817183107137680054e-02,-9.983235970139503479e-03,-3.553032502532005310e-02,-3.161654621362686157e-02,5.397810414433479309e-02,3.545267134904861450e-02,4.313113633543252945e-03,-3.640219569206237793e-02,-2.916092798113822937e-02,5.553954839706420898e-02,6.439793854951858521e-02,1.051750592887401581e-02,5.437548458576202393e-02,-7.464804500341415405e-02,7.845750451087951660e-02,5.209347605705261230e-02,1.608965918421745300e-02,7.872354239225387573e-02,6.379584968090057373e-02,1.026222109794616699e-01,4.722530022263526917e-03,1.142613030970096588e-02,5.595201626420021057e-02,-1.289984397590160370e-02,-2.763085067272186279e-03,5.983696877956390381e-02,-7.580698281526565552e-02,4.293182119727134705e-02,-1.469794362783432007e-01,9.136047214269638062e-02,9.135163575410842896e-02,1.082465350627899170e-01,1.707122661173343658e-02,-1.623699218034744263e-01,-5.122623220086097717e-02,1.649281680583953857e-01
8.957490324974060059e-02,3.757759556174278259e-02,1.151765882968902588e-01,-1.368322521448135376e-01,-6.640104949474334717e-02,6.741432845592498779e-02,4.593190737068653107e-03,-3.419459611177444458e-02,3.285015001893043518e-02,3.823706507682800293e-02,-1.791292130947113037e-01,-5.373927950859069824e-02,4.455597326159477234e-02,-3.741757571697235107e-02,1.067658290266990662e-01,-4.451221600174903870e-02,1.168846385553479195e-03,9.502398222684860229e-02,4.800827801227569580e-02,2.107167989015579224e-02,-1.002486608922481537e-02,-8.954460173845291138e-02,-1.041907295584678650e-01,1.681396812200546265e-01,2.403965294361114502e-01,-5.907258018851280212e-03,-3.544615209102630615e-02,4.975455813109874725e-03,2.778419479727745056e-02,1.342728454619646072e-02,-2.997721917927265167e-02,-1.444399058818817139e-01,1.671655848622322083e-02,-2.989134564995765686e-02,5.020786076784133911e-02,1.536476463079452515e-01,9.942200779914855957e-02,-3.472078591585159302e-02,1.626473106443881989e-02,6.487479805946350098e-02,3.693898394703865051e-02,5.640610307455062866e-02,2.271677833050489426e-03,-9.279285371303558350e-02,-7.940860837697982788e-02,-6.917069852352142334e-02,3.124879114329814911e-02,8.328299969434738159e-02,-8.741421997547149658e-02,2.261663973331451416e-02,1.245789974927902222e-01,-6.609403342008590698e-02,-8.519459515810012817e-02,-1.333074085414409637e-02,-2.844343893229961395e-02,-6.992478668689727783e-02,-1.147519722580909729e-01,-2.922471426427364349e-02,-1.366278529167175293e-01,-3.458704426884651184e-02,-7.130262907594442368e-03,-2.567179687321186066e-02,6.757254153490066528e-02,2.879473008215427399e-02,1.869481801986694336e-01,-8.548154681921005249e-02,6.368062645196914673e-02,1.187358051538467407e-02,-5.091557651758193970e-02,2.421653456985950470e-02,-9.980971924960613251e-03,-1.529770717024803162e-02,2.327879220247268677e-01,1.695238649845123291e-01,1.047572195529937744e-01,1.393925547599792480e-01,-1.026603206992149353e-02,1.161803752183914185e-01,-3.648785129189491272e-02,9.531058371067047119e-03,-2.355092018842697144e-02,5.314764007925987244e-02,-2.204731106758117676e-02,-2.233476191759109497e-02,9.388547390699386597e-02,5.384797975420951843e-02,-1.056998316198587418e-02,1.829589717090129852e-02,-6.761448830366134644e-02,-3.481628000736236572e-02,1.275202333927154541e-01,9.972584247589111328e-02,-4.591732099652290344e-02,3.486938029527664185e-02,-5.634684115648269653e-02,-2.759780734777450562e-02,2.763234637677669525e-02,7.068523019552230835e-02,2.591541968286037445e-02,-3.428062796592712402e-02,-3.935109451413154602e-02,1.179489865899085999e-01,-2.061146497726440430e-02,2.764524333178997040e-02,-8.119410276412963867e-02,-1.380908191204071045e-01,5.094105005264282227e-02,7.702619582414627075e-02,3.021633997559547424e-02,4.579161480069160461e-02,2.167329378426074982e-02,8.842572569847106934e-02,7.846645265817642212e-02,-1.248550973832607269e-02,-7.751099765300750732e-02,-2.061512880027294159e-02,4.466087371110916138e-02,5.046196281909942627e-02,-5.936779081821441650e-02,3.222168982028961182e-02,-1.449206620454788208e-01,6.668754667043685913e-02,1.074212640523910522e-01,1.834246329963207245e-02,1.254546269774436951e-02,-1.536808162927627563e-01,3.090743534266948700e-02,2.277612686157226562e-01
1.834666356444358826e-02,2.261407859623432159e-02,1.038220822811126709e-01,-1.339616477489471436e-01,-2.472484717145562172e-03,1.536413133144378662e-01,3.509745001792907715e-03,-5.935543775558471680e-02,-3.986337035894393921e-02,1.601043529808521271e-02,-1.296964883804321289e-01,-3.281826525926589966e-02,2.899349108338356018e-02,-2.482127398252487183e-02,1.018209010362625122e-01,-7.082370668649673462e-02,7.494273781776428223e-02,1.022880300879478455e-01,4.868472740054130554e-02,6.478399038314819336e-02,2.944907639175653458e-03,-1.020570918917655945e-01,-9.469165652990341187e-02,1.447082310914993286e-01,2.677749395370483398e-01,5.080282688140869141e-02,-2.932651899755001068e-02,-6.324687600135803223e-02,-3.949945792555809021e-02,6.635823845863342285e-02,-1.973050832748413086e-02,-1.750454008579254150e-01,4.157966002821922302e-03,-1.510046236217021942e-02,6.293054670095443726e-02,1.663035601377487183e-01,1.465662717819213867e-01,-2.166069298982620239e-02,9.003810584545135498e-02,5.929324775934219360e-02,5.304941907525062561e-02,1.281214971095323563e-02,-1.943645183928310871e-03,-5.801193788647651672e-02,7.594044506549835205e-02,-3.808416426181793213e-02,4.472586140036582947e-02,1.096113845705986023e-01,-9.236161410808563232e-02,8.701925724744796753e-02,1.347541362047195435e-01,-7.522580772638320923e-02,-1.052057370543479919e-01,-5.727431550621986389e-02,-5.776431411504745483e-02,-2.845451794564723969e-02,-1.258273720741271973e-01,1.807210617698729038e-03,-1.182548403739929199e-01,-4.288163781166076660e-02,3.697437420487403870e-02,2.834461163729429245e-03,3.400298580527305603e-02,2.407130040228366852e-02,1.680722832679748535e-01,-8.879828453063964844e-02,7.232662290334701538e-02,3.997610881924629211e-02,-6.005555391311645508e-02,-6.004886236041784286e-03,1.636265078559517860e-03,-6.371784955263137817e-02,1.921896040439605713e-01,1.411571502685546875e-01,9.377133101224899292e-02,1.559498757123947144e-01,-3.893917426466941833e-02,6.183208897709846497e-02,5.107337981462478638e-02,3.089463338255882263e-02,-8.748543262481689453e-02,3.462032973766326904e-02,-6.297545135021209717e-02,-2.477946132421493530e-02,9.953445196151733398e-02,-1.281486172229051590e-02,-9.962704963982105255e-03,-2.407850883901119232e-02,-9.356489032506942749e-02,-2.290572272613644600e-03,1.321069896221160889e-01,1.306995749473571777e-01,4.623035714030265808e-02,3.233812749385833740e-02,-6.488043814897537231e-02,-1.787397451698780060e-02,7.097965478897094727e-02,1.230616644024848938e-01,5.131735652685165405e-02,-8.463458716869354248e-02,1.254229922778904438e-03,1.022105067968368530e-01,-5.009509623050689697e-02,-1.280738320201635361e-02,-6.727902591228485107e-02,-1.078998222947120667e-01,3.052742779254913330e-02,1.085834354162216187e-01,3.453117609024047852e-02,4.442519322037696838e-02,-3.592624887824058533e-02,5.046110227704048157e-02,4.882729053497314453e-02,-3.906900435686111450e-02,-4.840337112545967102e-02,5.116297863423824310e-03,1.031232401728630066e-01,6.933572888374328613e-02,-8.100512623786926270e-02,4.417498409748077393e-02,-7.129514962434768677e-02,5.876752734184265137e-02,1.974456943571567535e-02,3.686577454209327698e-02,1.300395466387271881e-02,-1.586948186159133911e-01,2.492927201092243195e-02,1.999555081129074097e-01
2.761727944016456604e-02,1.237367931753396988e-02,2.052686177194118500e-02,-4.304090514779090881e-02,1.742383278906345367e-02,3.237057477235794067e-02,2.362323924899101257e-02,-5.124076269567012787e-03,7.312553934752941132e-03,-5.643962067551910877e-04,-4.120669886469841003e-02,-1.732149161398410797e-02,-1.648231968283653259e-02,9.435709798708558083e-04,4.156249761581420898e-02,1.705826446413993835e-02,1.013253163546323776e-02,3.801667317748069763e-02,1.927092112600803375e-02,3.520448505878448486e-02,1.413188502192497253e-02,-1.841286011040210724e-02,-5.097338929772377014e-02,5.432775616645812988e-02,8.511048555374145508e-02,8.881424553692340851e-03,2.163918502628803253e-02,1.722201146185398102e-02,9.418565779924392700e-03,2.099241130053997040e-02,-3.036727895960211754e-03,-5.395777523517608643e-02,1.837985031306743622e-02,8.393567055463790894e-03,-2.867951616644859314e-02,1.509816851466894150e-02,-1.779004745185375214e-02,-1.421492826193571091e-02,5.544187966734170914e-03,8.090021088719367981e-03,-2.064075786620378494e-03,-2.680860087275505066e-02,9.429383091628551483e-03,-2.625579759478569031e-02,-2.251426316797733307e-02,-3.284526988863945007e-02,4.328086972236633301e-02,5.476110056042671204e-02,-1.712916418910026550e-03,-5.448912736028432846e-03,3.359566628932952881e-02,-1.446333806961774826e-02,-5.765803530812263489e-02,3.987201489508152008e-03,-2.316376194357872009e-02,-3.045447915792465210e-02,-2.493025548756122589e-02,-1.697344332933425903e-02,-6.038482859730720520e-02,2.057869546115398407e-02,5.239646881818771362e-03,-2.369727240875363350e-03,2.335353009402751923e-02,-1.497952849604189396e-03,7.275455445051193237e-02,8.533478714525699615e-03,5.774283036589622498e-02,2.431667037308216095e-02,-1.313104201108217239e-02,2.654328010976314545e-02,2.329729311168193817e-02,-1.621849089860916138e-02,4.924438148736953735e-02,2.678078413009643555e-02,7.721027731895446777e-02,6.434980034828186035e-02,-4.241863265633583069e-02,1.529115252196788788e-02,-2.166700735688209534e-02,2.032816410064697266e-04,-3.239382430911064148e-02,-2.320376411080360413e-02,-2.695637196302413940e-02,8.022820577025413513e-03,2.441126666963100433e-02,-2.408533170819282532e-02,1.287459395825862885e-03,-1.598400808870792389e-02,-2.212225832045078278e-02,-1.235317811369895935e-02,5.346139520406723022e-02,4.957134649157524109e-02,-1.245863270014524460e-02,3.320651361718773842e-03,-1.095659192651510239e-02,-5.878707859665155411e-03,1.957095041871070862e-02,3.013600967824459076e-02,1.618714630603790283e-02,-2.091063931584358215e-02,-2.554867602884769440e-02,1.547248754650354385e-02,9.021756122820079327e-04,-9.161230409517884254e-04,7.192904129624366760e-03,-1.777136698365211487e-02,1.891890726983547211e-02,-1.697749644517898560e-02,-1.652415096759796143e-02,2.107632718980312347e-02,1.308676227927207947e-02,1.966017298400402069e-02,3.036733157932758331e-02,-1.894181780517101288e-02,-2.342607127502560616e-03,1.309513580054044724e-02,9.819608181715011597e-03,1.286507211625576019e-02,-4.335502907633781433e-02,1.933568902313709259e-02,-7.154390960931777954e-02,-2.705388236790895462e-03,2.056785300374031067e-02,-1.154943555593490601e-02,-1.874325424432754517e-02,-4.933461174368858337e-02,-2.843539789319038391e-02,8.368587493896484375e-02
4.857680294662714005e-03,1.688325591385364532e-02,3.473483771085739136e-02,-2.051297947764396667e-02,9.732862934470176697e-03,2.165140025317668915e-02,1.155703561380505562e-03,-3.996350336819887161e-03,-7.281681057065725327e-03,-4.331621341407299042e-03,-2.100751362740993500e-02,3.352211788296699524e-03,4.056461155414581299e-03,-1.169881317764520645e-02,1.780202426016330719e-02,-3.424520045518875122e-02,-5.673972424119710922e-03,1.178934052586555481e-02,-5.568267311900854111e-03,2.617978723719716072e-03,-5.479161627590656281e-03,-6.481883581727743149e-03,-1.714031770825386047e-02,2.195538766682147980e-02,2.618542313575744629e-02,-1.951158046722412109e-04,-5.871376954019069672e-03,-1.240800693631172180e-02,-2.594888210296630859e-04,7.094740867614746094e-03,-1.231676619499921799e-02,-4.467997327446937561e-02,-5.385585129261016846e-03,-8.607472293078899384e-03,-1.979366317391395569e-02,1.285213883966207504e-02,-5.177183076739311218e-03,-2.251449972391128540e-02,-4.081286024302244186e-03,1.125299930572509766e-02,-9.963209740817546844e-04,-8.392672054469585419e-03,-1.662804186344146729e-02,-5.790406838059425354e-03,-2.523625269532203674e-03,-2.580814436078071594e-02,1.459748204797506332e-02,1.755748316645622253e-02,-9.150368161499500275e-03,1.408635638654232025e-02,2.949654124677181244e-02,-7.942240685224533081e-03,-1.517098862677812576e-02,-4.350366536527872086e-03,-1.767338067293167114e-02,-2.672080509364604950e-02,-2.578544802963733673e-02,-6.325607188045978546e-03,-1.724063232541084290e-02,4.469722043722867966e-03,7.610590662807226181e-03,-1.253014709800481796e-02,-6.965940818190574646e-03,-1.283197780139744282e-03,3.219486400485038757e-02,3.924736753106117249e-03,2.479012124240398407e-02,1.915530115365982056e-02,-5.849562119692564011e-03,-3.638251451775431633e-03,8.324382361024618149e-04,-1.510055176913738251e-02,1.972869224846363068e-02,1.707313582301139832e-03,2.039477229118347168e-02,2.244286052882671356e-02,-3.509298199787735939e-03,2.382069081068038940e-02,-1.357018947601318359e-02,-4.275355022400617599e-03,-2.571879513561725616e-02,-5.191457923501729965e-03,-5.930771119892597198e-03,-4.759430012200027704e-04,1.540744397789239883e-02,-2.322449535131454468e-02,-7.679728325456380844e-03,-9.886478073894977570e-03,-1.254623662680387497e-02,-1.871462352573871613e-02,1.361688133329153061e-02,4.422635771334171295e-03,-2.555126696825027466e-02,6.179372314363718033e-03,-3.830145811662077904e-03,-2.101149642840027809e-03,-5.613774061203002930e-03,-2.205371856689453125e-04,1.052632741630077362e-02,-1.787373423576354980e-02,8.118659257888793945e-03,9.915443137288093567e-03,-1.546351891010999680e-02,-5.295494571328163147e-03,-1.912382664158940315e-03,-6.569230929017066956e-03,7.613243069499731064e-03,-6.315713282674551010e-03,-4.269663244485855103e-03,-7.686820346862077713e-03,-2.180528454482555389e-02,-2.533609047532081604e-03,6.467549130320549011e-03,4.120773170143365860e-03,-1.500305999070405960e-02,3.351854160428047180e-03,2.049800707027316093e-03,1.757351565174758434e-03,-1.942178420722484589e-02,-7.395741995424032211e-04,-4.129482433199882507e-02,-8.718179538846015930e-03,1.063649449497461319e-02,1.357924751937389374e-02,-9.969738312065601349e-03,-3.934505581855773926e-02,-1.731645502150058746e-02,6.622228026390075684e-02
3.698866069316864014e-02,7.284348458051681519e-02,1.482908874750137329e-01,-1.278413832187652588e-01,8.295305818319320679e-02,1.739945411682128906e-01,4.434958100318908691e-02,-1.996123418211936951e-02,2.656602533534169197e-03,-8.626216091215610504e-03,-1.187246292829513550e-01,2.021623961627483368e-02,3.560419753193855286e-02,-5.002851411700248718e-02,5.733176693320274353e-02,-7.379986345767974854e-02,3.536805277690291405e-03,-7.320927921682596207e-03,-6.911822594702243805e-03,5.448399856686592102e-02,-2.331699477508664131e-03,-2.580215781927108765e-02,-8.694180101156234741e-02,1.826001703739166260e-01,2.203724831342697144e-01,-2.161237597465515137e-02,5.412703845649957657e-03,6.899457424879074097e-02,4.882966727018356323e-02,-1.054968871176242828e-02,-6.954445689916610718e-02,-9.912543743848800659e-02,1.750924810767173767e-02,-9.755073487758636475e-02,-3.677053377032279968e-02,1.124550029635429382e-01,5.051213875412940979e-02,-1.246693059802055359e-01,4.870327562093734741e-02,7.478042691946029663e-02,5.620275065302848816e-02,-2.114531770348548889e-02,-3.425286617130041122e-03,-5.203364789485931396e-02,-6.442167609930038452e-02,-1.090625599026679993e-01,1.283532679080963135e-01,1.446228474378585815e-01,-1.533867605030536652e-02,6.173791736364364624e-02,1.420457512140274048e-01,-5.417003855109214783e-02,-1.575987190008163452e-01,-3.649067878723144531e-02,-6.447119265794754028e-02,-1.167077347636222839e-01,-8.777959644794464111e-02,-3.719898313283920288e-02,-1.386835426092147827e-01,2.350204251706600189e-02,6.697827577590942383e-02,-3.072907449677586555e-03,-8.256544359028339386e-03,5.903591867536306381e-03,1.766979992389678955e-01,-7.961803674697875977e-02,1.231698468327522278e-01,1.142059937119483948e-01,1.338854711502790451e-02,1.286139786243438721e-01,5.829332512803375721e-04,-9.559319913387298584e-02,2.040235847234725952e-01,1.699009388685226440e-01,2.041084468364715576e-01,1.667464375495910645e-01,-3.757971152663230896e-02,7.407298684120178223e-02,-1.866430789232254028e-02,-9.150785394012928009e-03,-4.507711902260780334e-02,-2.967368252575397491e-02,7.314550690352916718e-03,-5.299271643161773682e-02,1.130718067288398743e-01,-1.098305359482765198e-02,-8.680519531480967999e-04,4.082557931542396545e-02,-4.361300915479660034e-02,-1.016478538513183594e-01,1.302582323551177979e-01,5.985543504357337952e-02,-7.658449932932853699e-03,7.277254760265350342e-02,2.232219791039824486e-03,5.668041110038757324e-02,9.894797950983047485e-02,3.251820802688598633e-02,5.184253677725791931e-02,-1.046051904559135437e-01,-6.496902555227279663e-02,8.128727972507476807e-02,1.306622405536472797e-03,-1.760890521109104156e-02,4.955960437655448914e-02,-3.015387430787086487e-02,5.628842487931251526e-02,9.522949904203414917e-02,7.034731656312942505e-02,6.411017477512359619e-02,-1.542028412222862244e-02,-6.051619723439216614e-02,-6.190179660916328430e-02,1.325088459998369217e-02,-3.060341253876686096e-02,3.886915743350982666e-02,1.630957238376140594e-02,9.265722706913948059e-03,-3.113603964447975159e-02,4.931834712624549866e-02,-1.539724320173263550e-01,2.182771451771259308e-02,1.000887453556060791e-01,4.508330300450325012e-02,7.381662726402282715e-03,-1.339924335479736328e-01,1.405626162886619568e-02,1.920528858900070190e-01
-3.478734940290451050e-02,1.560712978243827820e-02,1.251161396503448486e-01,-1.063868254423141479e-01,7.836230844259262085e-02,8.132223784923553467e-02,1.759698987007141113e-02,-6.955036520957946777e-02,2.403492806479334831e-03,5.163218826055526733e-02,-7.380617409944534302e-02,-1.034259330481290817e-03,5.098400264978408813e-02,-3.771823365241289139e-03,5.705568939447402954e-02,-7.799080759286880493e-02,5.129599198698997498e-02,7.808832079172134399e-02,6.234918534755706787e-02,1.384991705417633057e-01,4.006769135594367981e-02,-2.955135889351367950e-02,-7.949376106262207031e-02,1.648310124874114990e-01,1.909182071685791016e-01,4.160873219370841980e-02,-8.104533888399600983e-03,2.762690000236034393e-02,-2.049472881481051445e-03,-3.552788496017456055e-02,-2.738636732101440430e-02,-1.106395646929740906e-01,1.722856611013412476e-02,-7.715882360935211182e-02,-7.376100122928619385e-02,8.088368922472000122e-02,1.104131061583757401e-02,-6.884451955556869507e-02,8.647285401821136475e-03,5.656331405043601990e-02,5.776315554976463318e-02,-4.596594721078872681e-02,-3.592743538320064545e-03,-5.925972387194633484e-02,-7.479984313249588013e-02,-1.171967387199401855e-01,9.241779893636703491e-02,1.365032941102981567e-01,7.912142202258110046e-03,4.913699626922607422e-02,1.174054071307182312e-01,-5.094595253467559814e-02,-1.328801512718200684e-01,-2.031976170837879181e-02,-3.598452359437942505e-02,-8.702979236841201782e-02,-8.491893857717514038e-02,-5.193560197949409485e-02,-1.073408424854278564e-01,5.149467382580041885e-03,-4.704738035798072815e-03,4.065848421305418015e-03,3.358101844787597656e-02,2.475911565124988556e-02,2.145651727914810181e-01,-4.334511701017618179e-03,1.271210014820098877e-01,8.363600820302963257e-02,8.931666612625122070e-03,7.879002392292022705e-02,-2.538675442337989807e-03,-6.951302289962768555e-02,1.488444358110427856e-01,1.299500912427902222e-01,1.264424026012420654e-01,1.169075816869735718e-01,-5.272996798157691956e-02,6.927414983510971069e-02,-1.613503694534301758e-02,4.575610533356666565e-02,-6.100463494658470154e-02,-4.377741366624832153e-02,-8.926481008529663086e-03,-1.802085340023040771e-02,7.927309721708297729e-02,-5.855579674243927002e-02,-6.836186349391937256e-02,-1.110823918133974075e-02,-3.360602632164955139e-02,-1.260113418102264404e-01,8.315357565879821777e-02,1.237993687391281128e-02,-4.587538912892341614e-02,-7.561091333627700806e-03,-1.612661639228463173e-03,1.180072501301765442e-02,8.133982867002487183e-02,3.098258934915065765e-02,-7.150045037269592285e-02,-9.834992140531539917e-02,-3.281534835696220398e-02,4.532771930098533630e-02,-1.887177862226963043e-02,2.336657419800758362e-02,1.087915226817131042e-01,8.808890357613563538e-03,3.760096058249473572e-02,4.444970190525054932e-02,4.434482380747795105e-02,4.535353556275367737e-02,-6.072856113314628601e-02,-3.679139772430062294e-03,1.978156156837940216e-03,1.048660557717084885e-02,1.835068501532077789e-02,7.100162655115127563e-02,8.916021324694156647e-03,3.214231878519058228e-02,-7.675857841968536377e-02,3.004837781190872192e-02,-1.339055448770523071e-01,1.852371916174888611e-02,7.155710458755493164e-02,3.870983794331550598e-02,-3.354157879948616028e-02,-1.547891795635223389e-01,-6.931371986865997314e-03,1.690310984849929810e-01
5.878653749823570251e-02,5.362373962998390198e-02,1.931711435317993164e-01,-1.475186794996261597e-01,4.022872447967529297e-02,1.192514970898628235e-01,-3.128830343484878540e-02,-6.063489988446235657e-02,-2.546358667314052582e-02,-1.288536284118890762e-02,-9.479517489671707153e-02,-5.426794290542602539e-02,1.167881190776824951e-01,4.762295633554458618e-02,1.600826978683471680e-01,-4.266658425331115723e-02,2.708606608211994171e-02,5.015658214688301086e-03,6.948805600404739380e-02,9.745209664106369019e-02,3.489465638995170593e-02,-5.377036705613136292e-02,-8.358892053365707397e-02,1.149107366800308228e-01,1.829411387443542480e-01,-4.394649341702461243e-02,-4.866122035309672356e-04,2.864253334701061249e-02,3.850053297355771065e-03,-8.956875652074813843e-02,-5.473653227090835571e-02,-1.139836460351943970e-01,4.670622199773788452e-02,-5.920810997486114502e-02,-6.102601066231727600e-02,1.530851721763610840e-01,1.217364668846130371e-01,2.084322646260261536e-02,-1.482476294040679932e-02,1.129040941596031189e-01,8.287262171506881714e-02,-1.240404620766639709e-01,-3.773913159966468811e-02,-3.773402655497193336e-03,-2.862576954066753387e-02,-1.490724831819534302e-01,-8.716778829693794250e-03,-1.705454289913177490e-02,3.140500932931900024e-02,3.860321268439292908e-02,5.914033576846122742e-02,1.165575534105300903e-02,-8.967858552932739258e-02,3.913531079888343811e-03,-4.570313543081283569e-02,-6.307587772607803345e-02,-8.682621270418167114e-02,-1.191071867942810059e-01,-1.489875465631484985e-01,8.746698498725891113e-03,-3.266369923949241638e-02,-3.776802867650985718e-02,1.228301525115966797e-01,8.729691803455352783e-02,1.701201945543289185e-01,-3.818719089031219482e-02,6.215690448880195618e-02,6.501390039920806885e-02,-4.101691395044326782e-02,1.157733947038650513e-01,-4.119371995329856873e-03,1.846860349178314209e-02,2.478686869144439697e-01,1.779213547706604004e-01,8.703768998384475708e-02,1.321797221899032593e-01,4.132642224431037903e-02,5.951387062668800354e-02,2.145467512309551239e-02,-2.188985422253608704e-02,-1.424108911305665970e-02,1.208752952516078949e-02,1.143248900771141052e-01,2.976503223180770874e-02,1.064538061618804932e-01,7.041642069816589355e-02,-4.154994338750839233e-02,-8.329059928655624390e-02,-9.945821017026901245e-02,-1.046315059065818787e-01,1.008092910051345825e-01,2.656257525086402893e-02,-6.096089631319046021e-02,7.177212834358215332e-02,8.466048538684844971e-02,8.490387350320816040e-03,1.405022442340850830e-01,1.266700774431228638e-01,3.507557138800621033e-02,-1.259204596281051636e-01,-6.416738033294677734e-03,7.911397516727447510e-02,-9.602280333638191223e-03,-3.096394613385200500e-02,1.151711568236351013e-01,-8.031791076064109802e-03,2.926955372095108032e-02,-3.398223966360092163e-02,4.192643612623214722e-02,2.963929064571857452e-02,-7.078895717859268188e-02,-7.160597294569015503e-02,3.549987450242042542e-02,-2.460224367678165436e-02,1.173853175714612007e-03,2.670781873166561127e-02,-2.152443863451480865e-02,3.159466385841369629e-02,3.317925706505775452e-02,7.257173210382461548e-02,-1.623962074518203735e-01,6.043287366628646851e-02,6.146887689828872681e-02,3.641162812709808350e-02,-1.181260943412780762e-01,-1.993750780820846558e-01,-1.861452311277389526e-02,1.460414975881576538e-01
7.434725761413574219e-02,9.539584815502166748e-02,1.695781201124191284e-01,-1.123725175857543945e-01,1.739167422056198120e-01,1.810219734907150269e-01,-1.347570563666522503e-03,-1.302508171647787094e-02,1.926109194755554199e-02,1.957383751869201660e-02,-1.626626849174499512e-01,-4.104175791144371033e-02,4.337581992149353027e-02,-3.048011474311351776e-02,7.152215391397476196e-02,-1.124343276023864746e-01,2.880455553531646729e-02,6.337422877550125122e-02,5.386605113744735718e-02,5.988845974206924438e-02,3.466027602553367615e-02,-5.977924168109893799e-02,-6.435691565275192261e-02,1.929981261491775513e-01,2.437944561243057251e-01,-2.968052960932254791e-02,-4.347276315093040466e-02,3.409005701541900635e-02,4.742346331477165222e-02,-1.574636250734329224e-02,-3.454737365245819092e-02,-1.318813264369964600e-01,2.610638178884983063e-02,-3.171833977103233337e-02,-6.991233676671981812e-02,9.602726250886917114e-02,2.200054377317428589e-02,-8.853109925985336304e-02,2.166873589158058167e-02,8.438015729188919067e-02,7.431240379810333252e-02,-4.455159977078437805e-02,-5.790691822767257690e-02,-3.837744705379009247e-03,-5.216237157583236694e-02,-1.242003589868545532e-01,3.604997321963310242e-02,3.140364214777946472e-02,-5.578049644827842712e-02,7.598630338907241821e-02,1.005660519003868103e-01,-8.502248674631118774e-02,-1.149314269423484802e-01,-4.925222694873809814e-02,-8.229517191648483276e-02,-1.301594525575637817e-01,-1.246715486049652100e-01,-1.147886738181114197e-01,-1.995999664068222046e-01,-1.885354518890380859e-02,3.671595454216003418e-02,5.772854201495647430e-03,2.822015807032585144e-02,8.017841726541519165e-02,2.137214392423629761e-01,-3.341502696275711060e-02,8.645124733448028564e-02,9.510489553213119507e-02,4.279673844575881958e-02,1.511393338441848755e-01,-5.248408764600753784e-03,-9.736765921115875244e-02,2.431437373161315918e-01,1.754251420497894287e-01,1.712507605552673340e-01,1.600013375282287598e-01,-5.653479322791099548e-02,7.127361744642257690e-02,-1.192721724510192871e-02,1.735438406467437744e-02,-7.162245362997055054e-02,-3.027544543147087097e-02,5.194318946450948715e-03,-5.873939953744411469e-03,8.642163127660751343e-02,-5.043939873576164246e-02,-1.248836889863014221e-02,5.231243092566728592e-03,-8.105052262544631958e-02,-3.377507999539375305e-02,1.414696872234344482e-01,8.397623151540756226e-02,-1.094723194837570190e-01,7.438465952873229980e-02,5.296311900019645691e-02,2.764614112675189972e-02,5.926619842648506165e-02,5.267691984772682190e-02,6.309457868337631226e-02,-9.249966591596603394e-02,-6.630637496709823608e-02,5.962365865707397461e-02,-4.937352985143661499e-02,-3.188515082001686096e-02,8.819081634283065796e-02,8.161928504705429077e-03,1.109261289238929749e-01,6.267810612916946411e-02,-8.250733837485313416e-03,3.390165790915489197e-02,-5.453148484230041504e-02,-1.585871912539005280e-02,3.481383994221687317e-02,1.494793873280286789e-02,-7.941763848066329956e-03,4.037636518478393555e-02,-6.180833093822002411e-03,1.019326224923133850e-02,-4.251630231738090515e-02,2.810488827526569366e-02,-1.526770293712615967e-01,5.948357656598091125e-02,1.207315549254417419e-01,3.010682761669158936e-02,-6.550238281488418579e-02,-2.359895110130310059e-01,-2.798952721059322357e-02,1.903537064790725708e-01
1.112075336277484894e-02,-1.546915061771869659e-02,1.150718051940202713e-02,-6.659038364887237549e-02,-5.639075767248868942e-03,5.412403866648674011e-02,-6.451903842389583588e-03,-6.762644648551940918e-02,1.227370742708444595e-02,1.000636070966720581e-02,-6.955712288618087769e-02,-4.847621545195579529e-02,6.760613061487674713e-03,-3.182373195886611938e-02,3.954572603106498718e-02,-2.449495904147624969e-02,9.111360646784305573e-03,3.113484382629394531e-02,7.449597865343093872e-02,1.363025978207588196e-02,1.222579972818493843e-03,-7.454644888639450073e-02,-4.770953953266143799e-02,9.310216456651687622e-02,1.432415246963500977e-01,4.311565682291984558e-02,-2.813752554357051849e-02,3.259617835283279419e-02,3.025781922042369843e-02,4.491817951202392578e-02,-6.935216952115297318e-03,-1.267658174037933350e-01,-7.471480872482061386e-03,9.429681114852428436e-03,1.762865856289863586e-02,5.953314900398254395e-02,5.618994310498237610e-02,-4.654016718268394470e-02,1.615887135267257690e-02,2.206446975469589233e-02,3.987201489508152008e-03,-5.296481028199195862e-02,2.858678996562957764e-02,-3.035937994718551636e-02,-3.823721408843994141e-02,-4.782773181796073914e-02,1.791878603398799896e-02,6.745114922523498535e-02,-4.514918476343154907e-02,-2.578890509903430939e-02,5.034638568758964539e-02,-6.197512522339820862e-02,-7.763431221246719360e-02,-7.809091359376907349e-03,-3.277599066495895386e-02,-2.953191474080085754e-02,-5.516997352242469788e-02,-3.681165864691138268e-03,-8.102034777402877808e-02,-5.172905698418617249e-02,-4.126107320189476013e-03,-2.536544948816299438e-02,1.722939871251583099e-02,2.927792444825172424e-02,1.224107593297958374e-01,-2.952304296195507050e-02,7.113423198461532593e-02,4.029817134141921997e-02,-1.462965924292802811e-02,4.512663930654525757e-02,-1.988452486693859100e-02,-4.241649433970451355e-02,1.137980595231056213e-01,8.268270641565322876e-02,8.466581255197525024e-02,5.184606835246086121e-02,-6.561675667762756348e-02,-1.243568863719701767e-02,-5.025815591216087341e-02,9.175608865916728973e-03,-1.384555362164974213e-03,-2.431947179138660431e-02,-2.235829457640647888e-02,-5.076840519905090332e-03,6.446100771427154541e-02,2.334018610417842865e-02,8.876566775143146515e-03,-2.928548492491245270e-02,-8.141407370567321777e-02,1.797038316726684570e-02,9.266649931669235229e-02,3.999672830104827881e-02,-3.430911526083946228e-02,-5.900262040086090565e-04,-3.888293355703353882e-02,-1.996186003088951111e-02,3.898410499095916748e-02,4.661365225911140442e-02,2.260278724133968353e-02,-2.112154662609100342e-02,-8.578744716942310333e-03,4.072712734341621399e-02,8.518250659108161926e-03,-2.347323857247829437e-02,-1.230141893029212952e-02,-3.724648058414459229e-02,2.219261601567268372e-02,3.845445439219474792e-02,1.252356171607971191e-02,3.286539018154144287e-02,1.240300107747316360e-02,5.758856236934661865e-02,1.675579883158206940e-02,1.311411615461111069e-02,-2.414088137447834015e-02,2.122139744460582733e-02,3.732409700751304626e-02,5.684309080243110657e-02,-5.449350550770759583e-02,9.975398890674114227e-03,-9.905803203582763672e-02,2.356858365237712860e-02,6.405772268772125244e-02,3.300507366657257080e-02,-6.023810710757970810e-03,-9.209933876991271973e-02,6.048380164429545403e-04,1.393874883651733398e-01
4.703426733613014221e-03,5.517672374844551086e-02,1.074794456362724304e-01,-1.061189845204353333e-01,7.751709222793579102e-02,7.516679912805557251e-02,8.692044764757156372e-03,-4.297840595245361328e-02,-3.869867697358131409e-02,-2.693394571542739868e-02,-8.270981907844543457e-02,-3.826316446065902710e-02,7.156854122877120972e-02,1.659520901739597321e-02,1.033805608749389648e-01,-7.847204804420471191e-02,-3.230225294828414917e-02,2.027603052556514740e-02,-8.453914523124694824e-02,2.615120261907577515e-02,2.081719040870666504e-02,-2.944887056946754456e-02,-2.389074116945266724e-02,7.664401084184646606e-02,8.259145170450210571e-02,-4.700088500976562500e-02,-5.111033096909523010e-02,-9.240802610293030739e-04,3.706172481179237366e-02,1.715098507702350616e-02,4.328872263431549072e-02,-9.267045557498931885e-02,-3.251603990793228149e-02,-2.129247784614562988e-02,-5.561908707022666931e-02,3.367657586932182312e-02,3.977873362600803375e-03,-2.214004099369049072e-02,1.959442347288131714e-02,8.510572463274002075e-02,-1.828529126942157745e-02,2.033648081123828888e-03,-5.042373389005661011e-02,4.018939286470413208e-02,3.819448128342628479e-02,-6.007966026663780212e-02,3.604152053594589233e-02,1.138554234057664871e-02,-5.379591882228851318e-02,5.907512083649635315e-02,5.875959992408752441e-02,2.143516391515731812e-02,2.890728786587715149e-02,-1.212239358574151993e-02,-5.203097313642501831e-02,-6.725917011499404907e-02,-6.122683733701705933e-02,-4.305667057633399963e-02,-1.051561385393142700e-01,-2.691560192033648491e-03,-3.549674898386001587e-02,2.384449355304241180e-03,3.138613328337669373e-02,7.589080929756164551e-02,1.166452094912528992e-01,-5.713668651878833771e-03,3.749036788940429688e-02,1.905937492847442627e-02,-1.886185631155967712e-02,-6.350103765726089478e-03,-1.929633691906929016e-02,-1.308062393218278885e-02,1.222814768552780151e-01,8.292399346828460693e-02,3.341690450906753540e-02,8.264834433794021606e-02,-8.293971419334411621e-02,3.193099051713943481e-03,-3.455483913421630859e-02,9.923339821398258209e-03,-1.034736186265945435e-01,-1.797354221343994141e-02,-7.594706956297159195e-03,-3.353821113705635071e-03,1.095163971185684204e-01,-9.441423416137695312e-02,-1.941234245896339417e-02,2.645631693303585052e-02,-9.512663632631301880e-02,-1.113398522138595581e-01,2.238849736750125885e-02,6.770509481430053711e-02,-2.748103812336921692e-02,1.909083500504493713e-02,4.221218451857566833e-02,4.109210148453712463e-02,-2.275288477540016174e-02,-4.764237254858016968e-02,-1.879381202161312103e-02,-4.192378744482994080e-02,-2.593049034476280212e-02,4.413700476288795471e-02,-3.471173718571662903e-02,1.016945298761129379e-02,5.018519237637519836e-03,-5.478922743350267410e-03,3.789462521672248840e-02,3.902648389339447021e-02,6.815383583307266235e-02,2.634344622492790222e-02,-4.302412271499633789e-02,-3.567798994481563568e-03,9.632640331983566284e-02,-4.725033417344093323e-03,-5.829953122884035110e-03,1.462617423385381699e-02,-1.138328923843801022e-03,-9.300201199948787689e-03,-1.537952665239572525e-02,-2.557148970663547516e-02,-1.321739107370376587e-01,1.797839626669883728e-02,3.775993362069129944e-02,4.638669267296791077e-02,-4.215402156114578247e-02,-1.675909012556076050e-01,-6.241497024893760681e-02,1.137817949056625366e-01
9.352211654186248779e-02,1.399911195039749146e-01,1.566422581672668457e-01,-1.621763110160827637e-01,9.106808900833129883e-02,7.210343331098556519e-02,-5.840926244854927063e-02,-5.325305461883544922e-02,-9.491246193647384644e-03,4.035672545433044434e-02,-1.348074078559875488e-01,-7.127862423658370972e-02,-3.898199647665023804e-02,-5.075077712535858154e-02,9.911937266588211060e-02,-6.116205826401710510e-02,-3.694910556077957153e-02,1.870896294713020325e-02,2.152983099222183228e-02,6.326404213905334473e-02,2.030927687883377075e-02,-1.427311450242996216e-01,-1.014746129512786865e-01,2.002734094858169556e-01,1.516177058219909668e-01,-3.438190557062625885e-03,-1.445597875863313675e-02,1.305549405515193939e-03,4.338123649358749390e-02,2.831810154020786285e-02,-8.492623455822467804e-03,-1.562836170196533203e-01,9.466542862355709076e-03,-1.491379179060459137e-02,-7.566584646701812744e-02,1.050089299678802490e-01,7.854328304529190063e-02,-1.291365176439285278e-01,-2.864253334701061249e-02,7.781932502985000610e-02,4.641568660736083984e-02,-6.689490377902984619e-02,-8.292760699987411499e-02,-1.409544423222541809e-02,-4.519537091255187988e-02,-1.764939725399017334e-01,2.588551491498947144e-02,1.021731868386268616e-01,-1.143104583024978638e-02,3.440695628523826599e-02,5.308819934725761414e-02,-1.295411288738250732e-01,-4.654763638973236084e-02,7.354543544352054596e-03,6.479529198259115219e-03,-3.676803410053253174e-02,-1.011089459061622620e-01,-7.499866187572479248e-02,-2.014171183109283447e-01,-3.784763813018798828e-02,-5.598545540124177933e-03,-4.950493201613426208e-02,-2.956709358841180801e-03,-2.888099290430545807e-02,1.599761098623275757e-01,-6.350723654031753540e-02,4.495175555348396301e-02,8.572233468294143677e-02,8.494461327791213989e-02,1.210446059703826904e-01,1.759329624474048615e-02,-8.783779293298721313e-02,2.031192332506179810e-01,1.883217543363571167e-01,1.626026630401611328e-01,1.225180923938751221e-01,-5.811418220400810242e-02,6.160398945212364197e-02,4.422456957399845123e-03,-7.982173003256320953e-03,-3.495861962437629700e-02,-4.896556958556175232e-02,5.655327439308166504e-02,5.260410904884338379e-02,5.963891744613647461e-02,-1.872365176677703857e-02,-4.478094726800918579e-02,-4.178657755255699158e-02,-1.103727519512176514e-01,-1.154349744319915771e-01,1.083519309759140015e-01,9.773904830217361450e-02,-1.003104150295257568e-01,5.670364946126937866e-02,-1.584352552890777588e-02,6.239422131329774857e-03,7.505831122398376465e-02,5.898605287075042725e-02,-1.018697395920753479e-02,-7.866618107073009014e-04,-7.562033832073211670e-02,4.432126507163047791e-02,5.078748334199190140e-03,6.231282278895378113e-02,7.885746657848358154e-02,-5.303587019443511963e-02,9.643517434597015381e-02,1.083634868264198303e-01,3.275068849325180054e-02,5.113541707396507263e-02,4.885491356253623962e-02,8.322028070688247681e-02,5.279740691184997559e-02,-6.634852848947048187e-03,2.670600637793540955e-02,-7.444618386216461658e-04,2.920133620500564575e-02,2.214850112795829773e-02,3.773462260141968727e-03,2.899491973221302032e-02,-1.229062974452972412e-01,9.706966578960418701e-02,8.172372728586196899e-02,1.207581236958503723e-01,4.080918058753013611e-02,-1.809901893138885498e-01,-1.651807129383087158e-02,1.899503171443939209e-01
9.884867072105407715e-02,3.931137174367904663e-02,1.530042141675949097e-01,-1.942123174667358398e-01,5.377395451068878174e-02,1.616789847612380981e-01,1.532800961285829544e-02,-1.590531878173351288e-02,5.901693552732467651e-02,7.479035854339599609e-02,-1.350996643304824829e-01,-3.178443014621734619e-02,-2.549791475757956505e-03,2.113823033869266510e-02,4.725554585456848145e-02,-8.540888130664825439e-02,7.700920104980468750e-05,3.237334266304969788e-02,6.191543117165565491e-02,7.009881734848022461e-02,4.396570846438407898e-02,-7.473398745059967041e-02,-1.237199977040290833e-01,2.240321934223175049e-01,2.398210316896438599e-01,-3.389835357666015625e-02,3.040761500597000122e-02,3.109033964574337006e-02,9.915165603160858154e-02,2.101660147309303284e-02,-4.467851668596267700e-02,-2.054378204047679901e-02,2.181764692068099976e-02,-4.471920430660247803e-02,-1.130826026201248169e-01,9.048721194267272949e-02,4.022396355867385864e-02,-9.001271426677703857e-02,-2.357835881412029266e-03,5.991901829838752747e-02,2.815860882401466370e-02,4.215044528245925903e-02,5.879400414414703846e-04,-8.786615799181163311e-04,-8.917233347892761230e-02,-1.673911064863204956e-01,3.338984772562980652e-02,5.104297399520874023e-02,9.791388176381587982e-03,1.470039598643779755e-02,8.774680644273757935e-02,-4.061861336231231689e-02,-8.622776716947555542e-02,2.222061716020107269e-02,-3.510682657361030579e-02,-6.027327105402946472e-02,-5.629951134324073792e-02,-3.553716838359832764e-02,-2.096150666475296021e-01,1.160795893520116806e-02,-2.304026670753955841e-02,-7.106094155460596085e-03,2.344896271824836731e-02,2.321043796837329865e-02,1.604949980974197388e-01,-7.520455867052078247e-02,2.711051702499389648e-02,1.361293345689773560e-01,7.227548211812973022e-02,1.041066125035285950e-01,4.276059195399284363e-02,-7.959320396184921265e-02,2.246351242065429688e-01,1.214889436960220337e-01,8.543816953897476196e-02,1.415665149688720703e-01,-2.672173082828521729e-02,9.804514050483703613e-02,1.846750080585479736e-02,-1.519065350294113159e-02,-2.050657570362091064e-02,-1.032139826565980911e-02,-1.170185301452875137e-02,1.174985663965344429e-03,8.798465877771377563e-02,5.460982210934162140e-03,5.580128170549869537e-03,-3.000347875058650970e-02,-1.303015947341918945e-01,-1.077048033475875854e-01,1.223775520920753479e-01,7.384102791547775269e-02,-1.093542724847793579e-01,5.335301905870437622e-02,-5.498442053794860840e-02,-6.405234802514314651e-03,5.715380236506462097e-02,2.259659394621849060e-02,5.194543674588203430e-02,-9.594110399484634399e-02,-1.101880446076393127e-01,5.419763922691345215e-02,-1.928129047155380249e-02,2.218448556959629059e-02,3.254115581512451172e-04,-1.032926887273788452e-01,6.622863560914993286e-02,6.141793448477983475e-03,2.269393578171730042e-02,9.882782585918903351e-03,-7.793446537107229233e-03,6.958486139774322510e-02,6.775163859128952026e-02,-1.492556277662515640e-02,-4.680581390857696533e-02,-1.322953845374286175e-03,8.452333509922027588e-03,4.078056290745735168e-02,-2.861835248768329620e-02,2.704919874668121338e-02,-1.529984027147293091e-01,7.739027589559555054e-02,1.237799450755119324e-01,2.037773281335830688e-02,-7.083307951688766479e-02,-1.778494417667388916e-01,4.316051676869392395e-02,1.810039281845092773e-01
