3.903844580054283142e-02,8.174282312393188477e-02,8.248934149742126465e-02,-4.613001644611358643e-02,3.600220382213592529e-02,9.159930795431137085e-02,4.553908854722976685e-02,3.251838684082031250e-02,-1.215844880789518356e-02,-6.882259622216224670e-03,-4.516149684786796570e-02,-1.579853519797325134e-02,-4.049579426646232605e-02,-7.297106832265853882e-02,5.697501078248023987e-02,-7.207209616899490356e-02,-2.884945599362254143e-03,3.949054516851902008e-03,5.017387121915817261e-02,4.467384517192840576e-02,5.602925270795822144e-02,-1.428408361971378326e-02,-8.481623977422714233e-02,9.069599956274032593e-02,9.407150000333786011e-02,7.662562187761068344e-03,-5.394633859395980835e-02,-1.247138530015945435e-02,-3.119677677750587463e-02,-3.264101222157478333e-02,2.394173853099346161e-02,-6.845007836818695068e-02,7.804203033447265625e-02,8.433408290147781372e-02,-2.922998182475566864e-02,4.453485086560249329e-02,3.074555285274982452e-02,-7.768405228853225708e-02,4.924286529421806335e-02,3.879280015826225281e-02,-2.435899339616298676e-02,-3.835333511233329773e-02,-4.222271218895912170e-02,1.097366772592067719e-02,-4.690688848495483398e-02,-1.023501828312873840e-01,-6.268329918384552002e-03,1.938946358859539032e-02,7.206314709037542343e-03,4.676988720893859863e-02,-1.756773144006729126e-02,-5.105867981910705566e-03,7.847438752651214600e-02,2.542340941727161407e-02,-4.257363080978393555e-02,-6.219894066452980042e-02,-8.447354286909103394e-02,-7.655112538486719131e-03,-6.615795195102691650e-02,-1.100191660225391388e-02,-7.852660492062568665e-03,-4.567681252956390381e-02,-5.449061747640371323e-03,3.597901761531829834e-02,5.916911363601684570e-02,2.214517444372177124e-03,-9.243484819307923317e-04,7.285927981138229370e-02,7.686205953359603882e-02,5.182925611734390259e-02,-1.208893023431301117e-02,-9.258719161152839661e-03,8.801443129777908325e-02,4.407487064599990845e-02,1.950132846832275391e-02,5.536621809005737305e-02,-7.213370501995086670e-02,2.728765085339546204e-02,-1.725299656391143799e-02,2.238269895315170288e-03,-1.673759520053863525e-02,-5.235980451107025146e-02,1.478551537729799747e-03,1.798197254538536072e-02,4.741346836090087891e-02,-1.758781261742115021e-02,-6.028042174875736237e-03,-1.044533215463161469e-02,-5.173583701252937317e-02,-7.908948510885238647e-02,4.461221769452095032e-02,5.007741600275039673e-02,-5.344873666763305664e-02,3.876634687185287476e-02,-2.267234213650226593e-02,-2.558036521077156067e-02,4.922936484217643738e-02,7.636337727308273315e-02,3.203615546226501465e-02,2.577213570475578308e-02,1.424907590262591839e-03,1.642478816211223602e-02,-8.389006368815898895e-03,2.109539136290550232e-02,3.000422380864620209e-02,-2.810786478221416473e-02,5.305542796850204468e-02,1.999230682849884033e-02,-1.578834280371665955e-02,1.140774413943290710e-02,1.842167973518371582e-02,1.168805640190839767e-02,4.115317761898040771e-02,-9.134306758642196655e-02,4.066742490977048874e-03,8.780718594789505005e-02,-4.393813014030456543e-02,3.472403390333056450e-03,1.426093280315399170e-02,3.652645274996757507e-03,-8.831569552421569824e-02,4.571093246340751648e-02,-3.414411470293998718e-02,-9.598346427083015442e-03,-3.258432820439338684e-02,-8.426607400178909302e-02,1.270565390586853027e-02,1.121708527207374573e-01
2.123516239225864410e-02,1.709482260048389435e-02,2.700196392834186554e-02,-1.188975945115089417e-02,4.407590627670288086e-02,2.692459896206855774e-02,1.796868629753589630e-02,-2.477174438536167145e-02,-2.353421226143836975e-02,-2.181758731603622437e-02,-4.356759414076805115e-02,-4.180972930043935776e-03,-1.904395641759037971e-03,-3.156197071075439453e-02,2.602385357022285461e-02,-3.107929043471813202e-02,-2.160924673080444336e-02,-8.634623955003917217e-04,1.675633830018341541e-03,2.192583167925477028e-03,-7.421893533319234848e-03,-3.386944532394409180e-02,-5.232405662536621094e-02,4.006805270910263062e-02,4.052412137389183044e-02,-1.417124737054109573e-02,1.681653899140655994e-03,1.122146379202604294e-03,4.241988807916641235e-02,-1.431370154023170471e-02,-2.355780079960823059e-02,-6.631404906511306763e-02,2.343329787254333496e-02,1.094631198793649673e-02,1.053958665579557419e-03,9.096936322748661041e-03,8.588996715843677521e-03,7.794400211423635483e-03,-2.941805310547351837e-02,6.092442665249109268e-03,-9.966460056602954865e-03,-6.200323347002267838e-03,-6.587319541722536087e-03,-7.167871110141277313e-03,-5.874804221093654633e-03,-4.326564073562622070e-02,-1.340633630752563477e-02,1.116840168833732605e-02,-4.495473206043243408e-02,-3.259647171944379807e-03,1.075276918709278107e-02,-2.701953984797000885e-02,1.343026291579008102e-02,-6.855647545307874680e-03,-7.981756702065467834e-03,2.197519503533840179e-02,-5.050109233707189560e-03,-2.287483215332031250e-02,-3.482553735375404358e-02,-1.841917634010314941e-02,-8.826353587210178375e-03,9.497400606051087379e-04,2.485558576881885529e-02,2.452677115797996521e-02,2.746882848441600800e-02,-3.695344924926757812e-02,2.008686214685440063e-02,1.089624967426061630e-02,-1.607678830623626709e-02,2.002981258556246758e-03,-1.575677073560655117e-03,-4.997449461370706558e-03,6.057867035269737244e-02,2.556508965790271759e-02,4.677152633666992188e-02,-3.241765778511762619e-03,-1.056172885000705719e-02,-3.948339726775884628e-03,-7.892742753028869629e-03,1.836281083524227142e-02,-6.624459056183695793e-04,3.176629543304443359e-04,-3.319801017642021179e-02,2.868639677762985229e-02,6.404935568571090698e-02,3.281757980585098267e-02,-2.001986466348171234e-02,9.108648635447025299e-03,-2.103766053915023804e-02,-8.343263529241085052e-03,3.330211341381072998e-02,7.278879638761281967e-03,-5.675690993666648865e-02,-1.124772615730762482e-02,-2.813573554158210754e-02,-1.252603530883789062e-02,1.004697754979133606e-02,3.429369535297155380e-03,-1.541972160339355469e-04,-1.646539568901062012e-02,-1.213592197746038437e-02,3.649776428937911987e-02,7.895096205174922943e-03,3.054422140121459961e-02,2.916402556002140045e-02,1.884398399852216244e-03,3.377903997898101807e-02,2.858193591237068176e-02,9.743023663759231567e-03,-8.595075458288192749e-03,2.330167032778263092e-02,2.849582023918628693e-02,1.162366289645433426e-02,-2.662509121000766754e-02,-1.403358671814203262e-02,8.803764358162879944e-03,-5.804894608445465565e-04,1.237505022436380386e-02,-1.208490692079067230e-02,1.183323469012975693e-02,-5.485886335372924805e-02,4.733854904770851135e-03,2.641769498586654663e-02,-1.486659608781337738e-02,-1.042200159281492233e-02,-4.734299704432487488e-02,7.948349229991436005e-03,7.041368633508682251e-02
3.704452142119407654e-02,3.144281730055809021e-02,1.243776902556419373e-01,-9.085546433925628662e-02,3.394437208771705627e-02,3.260418772697448730e-02,5.823737755417823792e-02,2.229499630630016327e-02,1.692234724760055542e-02,6.471365690231323242e-02,-1.188668534159660339e-01,-2.830312214791774750e-02,1.165673881769180298e-02,-3.641445562243461609e-02,8.607210963964462280e-02,-4.531469568610191345e-02,-1.856631971895694733e-02,4.454925283789634705e-02,4.017447680234909058e-02,1.724688895046710968e-02,2.321037836372852325e-02,-4.096562042832374573e-02,-1.161222457885742188e-01,1.327046155929565430e-01,1.232002899050712585e-01,-4.991587623953819275e-02,-2.079410478472709656e-02,-3.264231979846954346e-02,4.034259170293807983e-02,-8.706439286470413208e-03,1.578819379210472107e-02,3.195934370160102844e-02,-6.015496328473091125e-03,-2.808317728340625763e-02,2.111478336155414581e-02,1.176054775714874268e-01,6.699998676776885986e-02,-6.651183962821960449e-02,2.292350307106971741e-02,1.157727837562561035e-01,1.868727430701255798e-02,-4.185068979859352112e-02,-4.255000501871109009e-02,-5.474728345870971680e-02,-1.494681090116500854e-01,-1.414936184883117676e-01,5.078122485429048538e-03,5.493816360831260681e-02,2.372337877750396729e-02,-5.921024084091186523e-02,-1.546053681522607803e-03,-3.998274356126785278e-02,-2.657267451286315918e-02,1.375141460448503494e-02,-9.524245560169219971e-02,-6.670709699392318726e-02,-4.768170788884162903e-02,-2.990003488957881927e-02,-1.117345318198204041e-01,-7.347898092120885849e-03,-4.769095405936241150e-02,-4.891234636306762695e-02,8.637413382530212402e-02,7.778393477201461792e-02,1.526885926723480225e-01,1.473322976380586624e-02,3.028145805001258850e-02,2.073094993829727173e-02,-6.706117419525980949e-04,2.211820892989635468e-02,-4.450817778706550598e-02,-3.544588387012481689e-02,1.543028354644775391e-01,1.398837268352508545e-01,3.091889992356300354e-02,1.112432703375816345e-01,7.755178958177566528e-02,1.109574735164642334e-01,-9.615945816040039062e-02,5.444373935461044312e-02,4.265852645039558411e-02,5.292174592614173889e-02,9.188244119286537170e-03,1.965883187949657440e-02,2.969482168555259705e-02,-1.705942675471305847e-02,-1.283744908869266510e-02,-3.839890705421566963e-03,2.876444347202777863e-02,-1.819073036313056946e-02,5.781121179461479187e-02,8.662068098783493042e-02,-6.484227627515792847e-02,1.148565933108329773e-01,2.811742573976516724e-02,-5.033331457525491714e-03,5.109895020723342896e-02,6.574051827192306519e-02,-3.007973358035087585e-02,-1.093568801879882812e-01,-1.897241361439228058e-02,4.185747355222702026e-02,1.460317149758338928e-02,-5.060732364654541016e-02,-1.620558835566043854e-02,-1.098204553127288818e-01,2.185538783669471741e-02,3.660746663808822632e-02,-8.937716484069824219e-05,-2.507591620087623596e-03,9.637622162699699402e-03,5.842202529311180115e-02,-1.115597598254680634e-02,-2.253853529691696167e-02,3.510967362672090530e-03,2.659322321414947510e-02,-7.479277998208999634e-02,1.053034910000860691e-03,3.006013855338096619e-02,5.941376090049743652e-02,-1.220382153987884521e-01,2.305742353200912476e-02,7.173702120780944824e-02,4.551161080598831177e-02,-1.039766445755958557e-01,-1.927934288978576660e-01,6.152626499533653259e-02,7.261051237583160400e-02
1.149266958236694336e-02,2.703969739377498627e-02,1.556186676025390625e-01,-1.101337596774101257e-01,2.666168659925460815e-02,1.481339931488037109e-01,1.218392252922058105e-01,-1.040298193693161011e-01,-5.485799908638000488e-02,4.385180771350860596e-02,-1.232168078422546387e-01,-5.572675541043281555e-02,-4.329425469040870667e-02,-3.483303636312484741e-02,1.332637220621109009e-01,-8.838675171136856079e-02,-5.593053251504898071e-02,2.982279518619179726e-03,8.627178519964218140e-02,1.254209727048873901e-01,1.064083650708198547e-01,-3.051760047674179077e-02,-1.209209039807319641e-01,1.709334105253219604e-01,2.275122106075286865e-01,3.479767590761184692e-02,-2.573877759277820587e-02,4.494193941354751587e-02,6.686117500066757202e-02,-2.779759652912616730e-02,-1.930264057591557503e-03,4.630214348435401917e-02,1.177965924143791199e-01,6.848107278347015381e-02,-9.046835452318191528e-02,9.001390635967254639e-02,5.011504516005516052e-02,-7.884704321622848511e-02,5.911681056022644043e-02,8.790566772222518921e-02,2.455080393701791763e-03,-4.417867399752140045e-03,-3.652050346136093140e-02,-7.208535820245742798e-02,-1.659837216138839722e-01,-1.697992831468582153e-01,-4.418452829122543335e-02,7.161414623260498047e-02,5.719185620546340942e-02,-8.330960571765899658e-02,-1.057305186986923218e-02,-8.415695279836654663e-02,6.659681349992752075e-02,8.082908391952514648e-02,-1.608140766620635986e-01,-5.145456269383430481e-02,-1.303037106990814209e-01,-2.451339736580848694e-02,-1.361091434955596924e-01,-5.045503377914428711e-02,-3.342476114630699158e-02,6.236432818695902824e-04,1.002327799797058105e-01,1.532972306013107300e-01,1.678006649017333984e-01,-2.977081015706062317e-02,3.107270970940589905e-02,4.486134275794029236e-02,-2.865194529294967651e-02,4.178107529878616333e-02,-4.068969562649726868e-02,-2.832754328846931458e-02,1.772495061159133911e-01,1.507993191480636597e-01,6.523088365793228149e-02,9.914834797382354736e-02,-4.120110720396041870e-02,5.304535105824470520e-02,-6.550532579421997070e-02,1.233736276626586914e-01,1.104825362563133240e-02,-3.631588071584701538e-02,-4.491120111197233200e-03,8.104953914880752563e-02,-2.969494322314858437e-03,-1.034020911902189255e-03,-3.210948035120964050e-02,3.790650144219398499e-02,-3.328032419085502625e-02,-1.104924529790878296e-01,9.174066781997680664e-02,1.449286341667175293e-01,-2.433275245130062103e-02,9.094880521297454834e-02,-3.169672191143035889e-02,3.945705667138099670e-02,6.626871973276138306e-02,8.295864611864089966e-02,-5.204083770513534546e-02,-1.210323497653007507e-01,3.509792685508728027e-02,6.019473075866699219e-02,-2.145997807383537292e-02,7.564214617013931274e-02,1.007959991693496704e-01,-3.672892600297927856e-02,4.670307040214538574e-02,4.608460515737533569e-02,1.540622301399707794e-02,9.873244911432266235e-02,-5.424207542091608047e-03,1.325417459011077881e-01,1.201437115669250488e-01,-7.775854319334030151e-02,3.547912463545799255e-02,7.665214594453573227e-03,-7.285676896572113037e-02,3.549889102578163147e-02,4.174401238560676575e-02,1.034330949187278748e-01,-1.753912121057510376e-01,4.002758488059043884e-02,-3.703675046563148499e-02,1.684601418673992157e-02,-1.205641105771064758e-01,-2.155087739229202271e-01,-6.889054924249649048e-02,6.161060929298400879e-02
6.581117212772369385e-02,1.142256632447242737e-01,1.875479966402053833e-01,-2.173813283443450928e-01,-1.270323060452938080e-03,1.437882483005523682e-01,-1.046970859169960022e-02,-4.295659810304641724e-02,3.266995400190353394e-02,7.472615689039230347e-02,-1.142095103859901428e-01,-1.311980746686458588e-02,2.584796398878097534e-02,-9.926747530698776245e-02,9.472943097352981567e-02,-8.055310696363449097e-02,-9.060712903738021851e-02,9.325651079416275024e-02,9.692967683076858521e-02,1.092919856309890747e-01,3.088433109223842621e-02,-4.921209439635276794e-02,-1.007969379425048828e-01,1.307451128959655762e-01,2.092164158821105957e-01,-1.346169877797365189e-02,1.414052676409482956e-02,-4.563627764582633972e-03,1.157117411494255066e-01,4.956908524036407471e-02,-5.186242517083883286e-03,-1.221623346209526062e-01,4.379431158304214478e-02,3.382964059710502625e-02,-8.669808506965637207e-02,8.955200016498565674e-02,1.062494590878486633e-01,-8.033656328916549683e-02,2.250687219202518463e-02,1.270128935575485229e-01,5.346294119954109192e-02,6.873305141925811768e-02,-1.021209433674812317e-01,1.752953976392745972e-02,-4.303611442446708679e-02,-1.180779710412025452e-01,3.116748109459877014e-02,4.738876223564147949e-02,2.701527625322341919e-02,5.873402580618858337e-02,4.292346164584159851e-02,-2.553601935505867004e-02,-5.383113399147987366e-02,1.214473741129040718e-03,-1.710465364158153534e-02,-9.466490149497985840e-02,-6.005944311618804932e-02,-4.932843148708343506e-02,-1.713882237672805786e-01,2.791921421885490417e-02,1.921233837492763996e-03,2.492243656888604164e-03,1.502251718193292618e-02,9.572701901197433472e-02,1.756246536970138550e-01,-5.416590347886085510e-02,8.138813823461532593e-02,1.320662796497344971e-01,6.433852761983871460e-02,1.021527796983718872e-01,-7.323490921407938004e-03,-5.044549331068992615e-02,2.321094125509262085e-01,9.657045453786849976e-02,4.187288135290145874e-02,1.432004868984222412e-01,-6.797201931476593018e-02,4.776235297322273254e-02,-1.957124657928943634e-02,3.526205196976661682e-02,-1.190664395689964294e-01,-3.288524970412254333e-02,-3.448810428380966187e-02,1.755084097385406494e-02,1.393555253744125366e-01,-1.875803247094154358e-02,-5.440712720155715942e-02,-2.842101454734802246e-02,-1.143059954047203064e-01,-4.909855499863624573e-02,1.045660376548767090e-01,1.096913516521453857e-01,-4.802469164133071899e-02,2.329208143055438995e-02,-4.486737772822380066e-02,-2.364835143089294434e-02,8.432558923959732056e-02,7.913508266210556030e-02,2.535856887698173523e-02,-5.531984195113182068e-02,-5.628513544797897339e-02,8.745718747377395630e-02,-5.025809630751609802e-02,4.312487784773111343e-03,1.439492683857679367e-02,-1.182538196444511414e-01,6.646347790956497192e-02,3.306259214878082275e-02,-7.051380351185798645e-03,-7.743232883512973785e-03,-5.031130462884902954e-02,7.257042825222015381e-02,1.017778366804122925e-01,-5.290994886308908463e-03,-5.551676079630851746e-02,-4.137298092246055603e-02,1.188019476830959320e-02,-2.597218379378318787e-02,-5.293648317456245422e-02,5.187065526843070984e-02,-1.538711339235305786e-01,1.443718969821929932e-01,1.919269263744354248e-01,6.810542196035385132e-02,-9.016706049442291260e-02,-1.947966665029525757e-01,-9.293972514569759369e-03,1.631529629230499268e-01
3.539941459894180298e-02,2.216953225433826447e-02,5.692751333117485046e-02,-8.375393599271774292e-02,1.456768345087766647e-02,4.710201919078826904e-02,4.275794327259063721e-02,-4.595538601279258728e-02,1.757699809968471527e-02,3.703181073069572449e-02,-9.730219841003417969e-02,1.309960521757602692e-02,-1.261876430362462997e-02,-4.092673584818840027e-02,5.739004909992218018e-02,-3.634058311581611633e-02,-2.942311018705368042e-02,6.522561889141798019e-03,1.845885999500751495e-02,3.976377844810485840e-02,2.064801566302776337e-02,5.884429439902305603e-03,-4.726145789027214050e-02,8.124044537544250488e-02,1.096897423267364502e-01,-4.426927305757999420e-03,5.942959338426589966e-03,-1.755900308489799500e-02,2.849749522283673286e-03,-1.407107058912515640e-02,3.892779350280761719e-04,-8.753016591072082520e-03,6.444215308874845505e-03,2.978727594017982483e-02,-2.351636998355388641e-02,3.372379019856452942e-02,1.537699438631534576e-02,-6.305884569883346558e-02,3.068368509411811829e-02,4.714011028409004211e-02,-5.204080953262746334e-04,1.665259338915348053e-02,-1.113639865070581436e-02,-4.872385039925575256e-02,-5.939190834760665894e-02,-6.626003235578536987e-02,2.286728005856275558e-03,3.174164891242980957e-02,-7.303494960069656372e-03,-2.652835845947265625e-02,3.972703218460083008e-02,-4.759776964783668518e-02,-7.543867453932762146e-03,-1.071501430124044418e-02,-8.797837793827056885e-02,-3.061067871749401093e-02,-5.586989596486091614e-02,-2.519914135336875916e-02,-6.314658373594284058e-02,2.777360612526535988e-03,-1.011071819812059402e-02,-1.746622612699866295e-03,5.094372481107711792e-02,4.624772071838378906e-02,6.022468954324722290e-02,-4.037472605705261230e-02,3.003507107496261597e-02,3.036998026072978973e-02,2.177228033542633057e-02,1.663617789745330811e-02,-4.970658570528030396e-03,-2.806343138217926025e-02,8.249630033969879150e-02,4.874294251203536987e-02,3.631540015339851379e-02,6.863585114479064941e-02,-1.339972205460071564e-02,4.572106897830963135e-02,-3.556797653436660767e-02,2.330894023180007935e-02,-3.090636432170867920e-02,1.152693759649991989e-02,1.100301160477101803e-03,4.421350732445716858e-02,5.260084196925163269e-02,-2.985358610749244690e-02,5.317339207977056503e-03,1.721134409308433533e-02,7.381602656096220016e-03,-3.720990195870399475e-02,1.863814890384674072e-02,4.205423966050148010e-02,-1.947936974465847015e-02,2.474562451243400574e-02,-2.950004069134593010e-03,2.774458937346935272e-02,4.476306959986686707e-02,3.704517334699630737e-02,-2.116003446280956268e-02,-7.061601616442203522e-03,-3.436174243688583374e-02,1.707643829286098480e-02,-1.319739874452352524e-02,2.062698453664779663e-02,1.180602796375751495e-02,-2.577219530940055847e-02,2.440244890749454498e-02,4.285031557083129883e-02,-4.834881983697414398e-03,2.835451811552047729e-02,-1.788273453712463379e-02,7.747136522084474564e-03,3.729653311893343925e-03,-1.413557957857847214e-02,-8.277285844087600708e-03,-4.093976318836212158e-02,2.299183420836925507e-02,1.986209303140640259e-02,7.216386962682008743e-03,3.035002946853637695e-02,-9.765901416540145874e-02,8.406798355281352997e-03,6.801499519497156143e-03,6.628147326409816742e-03,-5.057973414659500122e-02,-8.397372066974639893e-02,-7.291395682841539383e-03,6.150927767157554626e-02
5.454324930906295776e-02,2.238129079341888428e-02,-7.076330482959747314e-02,-2.318647503852844238e-01,1.626214683055877686e-01,1.486079394817352295e-01,8.711811969988048077e-04,4.823086410760879517e-02,6.870363652706146240e-02,-2.120480872690677643e-02,-6.902794539928436279e-02,-1.147771999239921570e-01,-8.347551524639129639e-02,-8.208052068948745728e-02,1.280527859926223755e-01,-9.043941646814346313e-02,-2.080938592553138733e-02,5.710390582680702209e-02,-5.616701021790504456e-02,1.531616747379302979e-01,8.373691141605377197e-02,-1.667568385601043701e-01,-5.311964079737663269e-02,1.917506158351898193e-01,2.140970379114151001e-01,-6.991384178400039673e-02,-2.363187819719314575e-02,1.821277663111686707e-02,8.067757636308670044e-02,1.006610877811908722e-02,2.789062447845935822e-02,3.027871809899806976e-02,2.362109720706939697e-02,1.110247001051902771e-01,-3.365040943026542664e-02,1.927268132567405701e-02,6.322479993104934692e-02,-4.561004787683486938e-02,-1.001598592847585678e-02,2.212026342749595642e-02,-1.028957311064004898e-02,5.997278913855552673e-02,-4.495124891400337219e-02,2.701435424387454987e-02,4.708013311028480530e-02,-1.475106477737426758e-01,1.276581664569675922e-03,9.671324491500854492e-02,-8.699923753738403320e-02,3.693425655364990234e-02,7.611493021249771118e-02,-2.286339737474918365e-02,-5.481973290443420410e-02,2.583140321075916290e-02,-3.861112892627716064e-02,-1.355292648077011108e-01,-5.752282962203025818e-02,-6.147837638854980469e-02,-1.855566352605819702e-01,1.054042205214500427e-02,-5.749905854463577271e-02,9.686214476823806763e-02,6.572573632001876831e-02,8.317527174949645996e-02,2.060106992721557617e-01,-8.182723075151443481e-02,5.923774465918540955e-02,4.688137024641036987e-02,1.124909706413745880e-02,6.903746724128723145e-02,-4.715595766901969910e-02,-1.289192736148834229e-01,2.238035202026367188e-01,1.556327342987060547e-01,4.367836564779281616e-02,1.164163798093795776e-01,1.311927218921482563e-03,6.135604903101921082e-02,6.042010709643363953e-02,1.225826367735862732e-01,-7.285178452730178833e-02,-1.125362738966941833e-01,-2.059397054836153984e-03,1.437505334615707397e-02,1.126151084899902344e-01,-2.396106719970703125e-04,-4.541474580764770508e-02,-1.998685486614704132e-02,-1.959192454814910889e-01,-6.093963608145713806e-02,9.786464273929595947e-02,5.502061545848846436e-02,-7.957830280065536499e-02,4.772420227527618408e-02,-1.340564191341400146e-01,-5.809519812464714050e-02,2.791275270283222198e-02,9.745738655328750610e-02,8.650901168584823608e-02,-2.633054926991462708e-02,-3.673514351248741150e-02,8.108942210674285889e-02,-3.351133316755294800e-02,-1.764364540576934814e-02,1.439492683857679367e-02,-2.918242663145065308e-02,1.307395398616790771e-01,9.382162988185882568e-02,5.466362088918685913e-02,7.550438493490219116e-02,-5.781780555844306946e-02,1.080798134207725525e-01,9.846926480531692505e-02,4.692728165537118912e-03,-3.264594124630093575e-03,-1.177703402936458588e-02,6.175430864095687866e-02,3.044829145073890686e-02,-7.188919931650161743e-02,5.036112666130065918e-02,-1.166994050145149231e-01,7.104351371526718140e-02,4.014175385236740112e-02,9.064649790525436401e-02,-7.968325167894363403e-02,-1.852532625198364258e-01,-3.089671954512596130e-02,6.340763717889785767e-02
7.245039939880371094e-02,7.431637961417436600e-03,4.485164582729339600e-02,-1.271982789039611816e-01,1.054975315928459167e-01,1.202788800001144409e-01,8.917652070522308350e-02,-1.195388659834861755e-02,1.137961354106664658e-02,-2.705277130007743835e-02,-1.378287076950073242e-01,-1.415339764207601547e-02,-4.256137087941169739e-02,-8.441013097763061523e-02,1.477563008666038513e-02,-5.631050094962120056e-02,-3.209212422370910645e-02,1.130917016416788101e-02,7.208996918052434921e-03,3.591351211071014404e-02,5.005573853850364685e-02,-7.033270597457885742e-02,-5.900968983769416809e-02,1.469431817531585693e-01,1.736122220754623413e-01,-3.899324312806129456e-02,3.337102243676781654e-03,1.685945433564484119e-03,3.334027901291847229e-02,5.623001977801322937e-02,-6.245918571949005127e-03,-4.110256955027580261e-02,2.057780325412750244e-02,5.874875932931900024e-02,-3.518400713801383972e-02,3.904365003108978271e-02,5.101606249809265137e-03,-9.746548533439636230e-02,-1.230103150010108948e-02,3.581359237432479858e-02,-1.239906623959541321e-02,5.453070625662803650e-02,-9.369395673274993896e-03,3.451108932495117188e-05,-4.625108093023300171e-03,-8.109809458255767822e-02,2.190120331943035126e-02,6.186742335557937622e-02,-9.795822203159332275e-02,3.661478683352470398e-02,4.734971746802330017e-02,-5.740653350949287415e-02,-2.552788890898227692e-02,-4.027234390377998352e-02,-8.822733908891677856e-02,-1.492594480514526367e-01,-6.059119850397109985e-02,-4.662893712520599365e-02,-1.508057862520217896e-01,7.830190472304821014e-03,3.033484518527984619e-02,-6.533852219581604004e-02,1.392464991658926010e-02,3.677401319146156311e-02,1.030220761895179749e-01,-6.111686676740646362e-02,5.262913554906845093e-02,-9.785289876163005829e-04,-4.701251164078712463e-02,4.639091715216636658e-02,-5.396826937794685364e-02,-6.423921138048171997e-02,1.843676865100860596e-01,8.330431580543518066e-02,1.188582852482795715e-01,1.121122986078262329e-01,-6.484384834766387939e-02,2.635970525443553925e-02,4.626214504241943359e-02,3.872760385274887085e-02,-4.659384489059448242e-02,-7.144269533455371857e-03,1.107641309499740601e-02,4.223371669650077820e-02,1.049298346042633057e-01,2.641084231436252594e-02,3.088215738534927368e-02,-2.331033907830715179e-02,-1.344486773014068604e-01,-6.413670629262924194e-02,5.885216593742370605e-02,1.069986373186111450e-01,-6.148995459079742432e-02,2.108222432434558868e-02,-6.065002083778381348e-02,-4.328092932701110840e-02,3.827791428193449974e-03,4.160856828093528748e-03,1.304218545556068420e-02,-3.901026770472526550e-02,-7.547297328710556030e-02,4.431207478046417236e-02,3.166829049587249756e-02,-1.100211869925260544e-03,-5.040402337908744812e-02,-7.322131097316741943e-02,9.666190296411514282e-02,4.753769934177398682e-02,5.542338266968727112e-02,6.824866682291030884e-02,-3.567872941493988037e-02,-1.902034692466259003e-02,3.097421862185001373e-02,3.646966814994812012e-02,-3.396696597337722778e-02,-6.982205808162689209e-02,3.679871931672096252e-02,4.013740643858909607e-02,-1.400659233331680298e-02,1.256938930600881577e-02,-9.934949874877929688e-02,4.422575607895851135e-02,5.874041467905044556e-02,2.002156339585781097e-02,-2.290628664195537567e-02,-9.188097715377807617e-02,-2.456051483750343323e-02,1.533548533916473389e-01
2.747532539069652557e-02,5.840878188610076904e-02,1.198322698473930359e-01,-9.062852710485458374e-02,5.595501139760017395e-02,7.114230096340179443e-02,5.598210170865058899e-02,-1.906302873976528645e-03,-8.729201555252075195e-02,5.792993679642677307e-02,-1.759846210479736328e-01,-1.384804304689168930e-02,2.558658830821514130e-02,-6.568188220262527466e-02,1.295519024133682251e-01,-1.052690967917442322e-01,-4.530725628137588501e-02,3.106535971164703369e-02,-1.110590547323226929e-01,1.405792981386184692e-01,1.280865222215652466e-01,-6.831999868154525757e-02,-8.680243045091629028e-02,2.750985324382781982e-01,2.077902257442474365e-01,-7.585347443819046021e-02,-6.358835101127624512e-02,-4.148799926042556763e-02,5.973611399531364441e-02,-3.215095400810241699e-02,-1.147028990089893341e-02,7.680823653936386108e-02,8.644624799489974976e-02,3.714249655604362488e-02,3.755014855414628983e-03,7.870425283908843994e-02,-2.746495790779590607e-02,-1.571114808320999146e-01,5.052777379751205444e-02,1.085203438997268677e-01,1.899269758723676205e-03,2.603524830192327499e-03,-1.208964549005031586e-02,-9.867853485047817230e-03,-1.654096692800521851e-01,-1.493716537952423096e-01,1.418036315590143204e-02,7.424826920032501221e-02,6.649493006989359856e-04,-7.628264278173446655e-02,3.065370209515094757e-02,1.304436102509498596e-02,1.688804328441619873e-01,7.567642629146575928e-02,-8.872184902429580688e-02,-5.546509474515914917e-02,-1.175842285156250000e-01,-6.045315787196159363e-02,-1.229349076747894287e-01,2.919847704470157623e-02,8.225529640913009644e-02,2.622536011040210724e-02,1.327243447303771973e-01,1.791628152132034302e-01,1.250314563512802124e-01,1.022666227072477341e-03,9.517529606819152832e-02,4.977573081851005554e-02,1.417990773916244507e-01,1.318922191858291626e-01,2.836487721651792526e-03,-3.110715933144092560e-02,2.377147674560546875e-01,1.224771440029144287e-01,1.819814741611480713e-02,1.342230141162872314e-01,-2.322103828191757202e-02,1.233549639582633972e-01,-5.987827479839324951e-02,4.424883797764778137e-02,-5.389457941055297852e-02,5.508660688064992428e-04,3.357003256678581238e-02,3.322471305727958679e-02,9.159865975379943848e-02,4.426579177379608154e-02,-4.070903733372688293e-02,8.703899383544921875e-02,-1.385577023029327393e-01,-5.958971753716468811e-02,8.046869188547134399e-02,1.319805979728698730e-01,-1.385267525911331177e-01,3.955647349357604980e-02,-3.296154551208019257e-03,3.694580122828483582e-02,6.752447690814733505e-03,8.155409991741180420e-02,6.675952672958374023e-02,-9.779908508062362671e-02,3.788186237215995789e-02,1.082071214914321899e-01,-2.227986603975296021e-02,6.162239611148834229e-02,7.034115493297576904e-02,-1.136366799473762512e-01,9.644039720296859741e-02,-7.384081929922103882e-02,3.585505485534667969e-02,4.090879485011100769e-02,-6.224023923277854919e-02,6.935615837574005127e-02,3.855994343757629395e-02,-3.899047616869211197e-03,4.647849127650260925e-02,1.659115776419639587e-02,-4.466622602194547653e-03,1.100730225443840027e-01,-3.796843066811561584e-02,3.668660670518875122e-02,-1.731450110673904419e-01,7.534202933311462402e-02,2.904998138546943665e-02,6.355584412813186646e-02,-2.734801359474658966e-02,-2.074830830097198486e-01,-4.418343771249055862e-03,1.370764970779418945e-01
6.319633871316909790e-02,1.001270785927772522e-01,1.234840974211692810e-01,-8.396498858928680420e-02,7.910330593585968018e-02,1.359699815511703491e-01,5.384331569075584412e-02,-7.051008939743041992e-02,2.436123043298721313e-02,7.052429765462875366e-02,-1.777556389570236206e-01,-6.581375002861022949e-02,-9.397077560424804688e-02,-8.162485063076019287e-02,1.259165257215499878e-01,-8.746717870235443115e-02,-9.613677859306335449e-02,-1.001714728772640228e-02,3.071825206279754639e-02,1.365521848201751709e-01,8.627914637327194214e-02,-5.477963713929057121e-04,-9.711704403162002563e-02,2.144992798566818237e-01,2.096964865922927856e-01,6.302808877080678940e-03,4.481672868132591248e-02,1.651834137737751007e-02,1.104283053427934647e-02,-6.128250388428568840e-04,-6.159297749400138855e-02,2.487923391163349152e-02,1.048079729080200195e-01,8.654838055372238159e-02,-5.445696413516998291e-02,1.103621795773506165e-01,1.162852495908737183e-01,-1.945380121469497681e-01,7.074136286973953247e-02,6.316769123077392578e-02,3.671336174011230469e-02,1.082282662391662598e-01,7.677344139665365219e-03,-1.126034930348396301e-01,-5.000213533639907837e-02,-1.257855147123336792e-01,2.679549716413021088e-02,1.148916035890579224e-01,5.144190043210983276e-02,-6.772051751613616943e-02,9.216737002134323120e-02,-8.376026898622512817e-02,-1.115287654101848602e-02,-9.155821986496448517e-03,-1.410549730062484741e-01,-5.815480649471282959e-02,-8.739516884088516235e-02,-7.421204447746276855e-02,-2.246520370244979858e-01,-3.602794930338859558e-02,2.936585433781147003e-02,-1.915098354220390320e-02,6.200817227363586426e-02,6.259459257125854492e-02,1.528080999851226807e-01,-5.401513352990150452e-02,7.220967113971710205e-02,5.727280303835868835e-02,2.237494476139545441e-02,2.470580302178859711e-02,-2.093280479311943054e-02,-3.689904510974884033e-02,1.978235244750976562e-01,1.201556995511054993e-01,1.322427541017532349e-01,1.448904275894165039e-01,-1.135854609310626984e-02,1.278213560581207275e-01,-6.810361146926879883e-02,7.864999771118164062e-02,-5.392993241548538208e-02,-1.277859788388013840e-02,-7.411807030439376831e-02,7.457474619150161743e-02,5.560990795493125916e-02,-4.651661962270736694e-02,-3.481288626790046692e-02,1.147881243377923965e-02,1.668232679367065430e-02,-5.569053441286087036e-02,6.178096681833267212e-02,8.765260875225067139e-02,-6.962302327156066895e-02,1.663987152278423309e-02,6.448362022638320923e-02,7.071431726217269897e-02,7.402977347373962402e-02,6.163576245307922363e-02,3.136743325740098953e-03,-8.320069313049316406e-02,-5.744078382849693298e-02,1.091177016496658325e-01,9.467741847038269043e-02,1.223038136959075928e-02,8.734909445047378540e-02,-2.305632084608078003e-02,6.100846920162439346e-03,2.890401147305965424e-02,4.323622211813926697e-02,8.719745278358459473e-02,-4.716220498085021973e-02,-1.501581352204084396e-02,-8.496341179125010967e-04,-1.234346535056829453e-02,-1.880528219044208527e-02,-1.159321516752243042e-01,1.921178773045539856e-02,6.144298240542411804e-02,6.894605606794357300e-02,9.692550450563430786e-02,-1.995237469673156738e-01,-2.605024352669715881e-02,7.590752840042114258e-02,2.600041963160037994e-02,-7.867389917373657227e-02,-1.628690659999847412e-01,1.796335354447364807e-02,3.236488997936248779e-02
1.684950292110443115e-02,2.441921830177307129e-02,1.114222481846809387e-01,-1.702216118574142456e-01,2.727919258177280426e-02,1.157208532094955444e-01,-1.420676708221435547e-04,-4.932302981615066528e-03,-1.864592544734477997e-02,3.290995955467224121e-02,-9.219239652156829834e-02,-7.814212143421173096e-02,-5.514739081263542175e-02,5.096890032291412354e-02,8.183178305625915527e-02,-5.983972176909446716e-02,2.242546342313289642e-02,5.631507560610771179e-02,-3.826203569769859314e-02,4.246994853019714355e-02,9.516151249408721924e-02,-9.563839063048362732e-03,-7.343012094497680664e-02,1.892663836479187012e-01,2.426560074090957642e-01,6.665701419115066528e-02,1.611641421914100647e-02,-7.801492512226104736e-02,2.880282700061798096e-02,9.091099351644515991e-02,6.531011313199996948e-02,-2.152840048074722290e-02,-8.414098992943763733e-03,-2.739318832755088806e-02,-4.533090442419052124e-02,1.328484863042831421e-01,7.115311920642852783e-02,-3.179765120148658752e-02,4.937031492590904236e-02,1.341214329004287720e-01,-9.060490876436233521e-03,7.425246294587850571e-04,-4.468416050076484680e-02,-1.837237365543842316e-02,-5.801190808415412903e-02,-1.269628852605819702e-01,4.122645780444145203e-02,1.178027689456939697e-01,6.806483864784240723e-02,6.963275372982025146e-02,4.259001463651657104e-02,-1.123227775096893311e-01,-3.101328201591968536e-02,6.257732212543487549e-02,1.123938243836164474e-02,-9.714818745851516724e-02,-9.889792650938034058e-02,-3.011701256036758423e-02,-1.433658450841903687e-01,5.636923387646675110e-02,3.709746524691581726e-02,-1.725400798022747040e-02,2.812224812805652618e-02,9.670963883399963379e-02,1.490860730409622192e-01,-5.177833512425422668e-02,2.918504551053047180e-02,5.206027999520301819e-02,2.504918165504932404e-02,1.297263894230127335e-02,2.000181190669536591e-02,-7.801137119531631470e-02,1.362128406763076782e-01,1.351233720779418945e-01,8.148947358131408691e-02,1.245503276586532593e-01,1.192241907119750977e-02,1.050873696804046631e-01,3.438109159469604492e-02,2.988598123192787170e-02,-3.659196197986602783e-02,6.286281347274780273e-02,2.329243719577789307e-02,1.377906557172536850e-02,5.487564951181411743e-03,-1.121542677283287048e-01,-1.699218340218067169e-02,5.172191886231303215e-04,-2.259090356528759003e-02,-7.890467345714569092e-02,1.222459822893142700e-01,8.131992816925048828e-02,-1.059095188975334167e-01,7.559695094823837280e-02,8.756756037473678589e-02,-6.931432057172060013e-03,6.385239213705062866e-02,1.186470389366149902e-01,9.285472333431243896e-02,-6.380802392959594727e-02,-6.137778609991073608e-02,4.630630835890769958e-02,-3.041607141494750977e-02,6.132166832685470581e-02,5.333191901445388794e-02,7.993467152118682861e-03,1.051586866378784180e-01,4.023312777280807495e-02,2.147478237748146057e-02,5.288576334714889526e-02,-4.041284322738647461e-02,5.057147145271301270e-02,3.774684388190507889e-03,-5.489211156964302063e-02,-1.127992272377014160e-01,8.140435814857482910e-02,3.014018526300787926e-03,5.558206886053085327e-02,-3.492424264550209045e-02,7.678346335887908936e-02,-1.653285324573516846e-01,5.163245648145675659e-02,4.646721854805946350e-02,7.268533855676651001e-02,-3.276295214891433716e-02,-1.563694924116134644e-01,-4.699372127652168274e-02,7.286106795072555542e-02
7.327134907245635986e-02,2.927503315731883049e-03,1.000608354806900024e-01,-2.004272788763046265e-01,5.569558963179588318e-02,1.157499328255653381e-01,4.029858857393264771e-02,-2.938842587172985077e-02,1.858649309724569321e-03,4.922594875097274780e-02,-1.776491403579711914e-01,-5.424438044428825378e-02,-2.118824422359466553e-02,-3.920868411660194397e-02,5.165939033031463623e-02,-4.825060442090034485e-02,6.085133552551269531e-02,8.248214423656463623e-02,6.628806889057159424e-02,1.098554059863090515e-01,5.490663647651672363e-02,-1.097984239459037781e-01,-1.094713732600212097e-01,1.812939196825027466e-01,2.305725067853927612e-01,-6.671897321939468384e-02,-1.418012566864490509e-02,4.628489539027214050e-02,1.004164665937423706e-01,-5.468938127160072327e-02,-2.620040439069271088e-02,1.513520535081624985e-02,-4.570492357015609741e-02,-4.793709889054298401e-02,-8.616816252470016479e-02,1.696608401834964752e-02,4.555375128984451294e-02,-1.101228371262550354e-01,5.686878785490989685e-02,6.763617694377899170e-02,2.541087195277214050e-02,1.162305474281311035e-01,1.326098665595054626e-02,3.602768108248710632e-02,-4.646175354719161987e-02,-1.144766509532928467e-01,6.179342977702617645e-03,4.154535755515098572e-02,-8.372290059924125671e-03,5.833254009485244751e-02,1.660391092300415039e-01,9.142321534454822540e-03,-7.133636623620986938e-02,1.569636911153793335e-02,2.879934385418891907e-02,-8.168847113847732544e-02,-1.261582225561141968e-01,-4.681624844670295715e-02,-2.138652503490447998e-01,-2.606721781194210052e-02,2.799720317125320435e-02,6.488985568284988403e-02,8.418755233287811279e-02,4.680091980844736099e-03,1.768555045127868652e-01,-8.966939151287078857e-02,-2.161088585853576660e-02,5.779398977756500244e-02,5.683937296271324158e-02,1.119193732738494873e-01,-9.889726527035236359e-03,-9.883493185043334961e-02,2.254337072372436523e-01,1.323652416467666626e-01,5.643263459205627441e-02,1.935980021953582764e-01,-6.965702865272760391e-03,1.087013483047485352e-01,-4.118519276380538940e-02,8.008752018213272095e-02,-4.522758349776268005e-02,-6.867797672748565674e-02,5.160407721996307373e-02,8.482459932565689087e-03,8.342031389474868774e-02,-2.587238326668739319e-02,-5.429983139038085938e-05,3.562152013182640076e-02,-7.146525382995605469e-02,-9.194713830947875977e-02,1.260315626859664917e-01,1.075823754072189331e-01,-1.093254685401916504e-01,7.457492500543594360e-02,-2.785173617303371429e-02,-3.719573840498924255e-02,2.437288407236337662e-03,7.893224805593490601e-02,8.221119642257690430e-02,-9.376741945743560791e-02,1.915345527231693268e-02,1.081345528364181519e-01,3.434254229068756104e-02,4.352850466966629028e-02,-6.145373359322547913e-02,-1.178898066282272339e-01,9.266176074743270874e-02,6.535831093788146973e-02,3.508795425295829773e-02,7.413756847381591797e-02,-7.866160944104194641e-03,4.895132780075073242e-02,8.433733880519866943e-02,1.313723903149366379e-02,-2.382971346378326416e-02,-2.692983672022819519e-02,4.334077984094619751e-02,3.889498114585876465e-02,-7.240393757820129395e-02,-1.660343073308467865e-02,-1.659519970417022705e-01,8.513184636831283569e-02,9.077078104019165039e-02,2.079005353152751923e-02,-1.117808371782302856e-01,-2.172907441854476929e-01,-7.337945047765970230e-03,1.638661921024322510e-01
2.327429875731468201e-02,-9.240810759365558624e-03,1.360091120004653931e-01,-1.190690994262695312e-01,7.187509909272193909e-03,1.059148460626602173e-01,6.260115653276443481e-02,-5.692032724618911743e-02,-6.136518903076648712e-03,9.567776322364807129e-02,-1.505650877952575684e-01,-5.287128686904907227e-02,-2.931148000061511993e-02,6.057157646864652634e-03,1.029997915029525757e-01,-5.096545442938804626e-02,-1.030140276998281479e-02,8.617235720157623291e-02,9.863104671239852905e-02,9.004508703947067261e-02,1.160799935460090637e-01,-9.327056258916854858e-02,-1.206248551607131958e-01,2.013782411813735962e-01,2.342768609523773193e-01,5.071742460131645203e-02,3.661050274968147278e-02,-2.792559564113616943e-03,9.139353781938552856e-02,-2.554429695010185242e-02,-6.119486317038536072e-02,6.050114333629608154e-02,-1.335143111646175385e-03,-3.602757118642330170e-03,-3.837606683373451233e-02,1.165765747427940369e-01,2.491926588118076324e-02,-2.518255077302455902e-02,3.361355513334274292e-02,1.232861950993537903e-01,1.763071306049823761e-02,3.965770453214645386e-02,1.989599503576755524e-02,-4.485845100134611130e-03,-2.022436559200286865e-01,-1.598892807960510254e-01,-2.828647568821907043e-02,4.386793076992034912e-02,2.946504019200801849e-02,-3.401539847254753113e-02,-1.990928314626216888e-02,-1.037589535117149353e-01,3.103931434452533722e-03,6.530895829200744629e-02,-6.653451174497604370e-02,-6.189098581671714783e-02,-6.341964006423950195e-02,-3.324793651700019836e-02,-1.114738807082176208e-01,-1.237823814153671265e-02,-5.286463350057601929e-02,-5.789188668131828308e-02,9.178676456212997437e-02,1.031283438205718994e-01,2.142538428306579590e-01,-4.914629831910133362e-02,1.419103145599365234e-02,3.460878133773803711e-02,-3.571292757987976074e-02,4.986622557044029236e-02,1.127207092940807343e-02,7.949868217110633850e-03,2.331731170415878296e-01,1.927769333124160767e-01,-3.501749783754348755e-02,1.327321082353591919e-01,-1.487598195672035217e-02,8.076714724302291870e-02,-1.014265790581703186e-01,9.535671025514602661e-02,3.881762735545635223e-03,1.254704128950834274e-02,-4.070698341820389032e-04,3.568242117762565613e-02,2.346272813156247139e-03,6.366299837827682495e-02,-1.774020493030548096e-02,5.510579794645309448e-02,1.705445162951946259e-02,-3.431667387485504150e-02,1.199996322393417358e-01,1.379528194665908813e-01,-5.251922830939292908e-02,9.132007509469985962e-02,-3.205199167132377625e-02,-4.904037341475486755e-02,7.480253279209136963e-02,7.291918992996215820e-02,9.049345739185810089e-03,-7.230779528617858887e-02,1.071033533662557602e-02,8.114197105169296265e-02,-2.227998524904251099e-02,5.426461994647979736e-02,4.349201172590255737e-02,-1.210613325238227844e-01,1.832256093621253967e-02,6.379534304141998291e-02,3.360680118203163147e-02,3.611108288168907166e-02,9.934484958648681641e-03,1.749420166015625000e-01,9.067688137292861938e-02,-7.058820128440856934e-02,-3.980031982064247131e-02,-1.843705214560031891e-02,-7.003332674503326416e-02,1.764710247516632080e-02,3.483024239540100098e-02,1.310098916292190552e-01,-1.505727618932723999e-01,3.171491250395774841e-02,2.339924685657024384e-03,-1.132457982748746872e-03,-1.078557297587394714e-01,-1.901478469371795654e-01,-3.266215324401855469e-02,1.307178884744644165e-01
2.151827514171600342e-02,5.173728615045547485e-02,1.813279688358306885e-01,-2.025545239448547363e-01,-4.653573781251907349e-02,1.814516782760620117e-01,2.406248450279235840e-02,1.016292870044708252e-01,6.183900684118270874e-02,-8.891221368685364723e-04,-1.318019330501556396e-01,-1.962263695895671844e-02,-8.945945650339126587e-02,3.987756371498107910e-02,1.019480824470520020e-01,-6.166494265198707581e-02,7.922154851257801056e-03,8.251144737005233765e-02,6.887530535459518433e-02,7.486633211374282837e-02,4.262946546077728271e-02,-7.968754321336746216e-02,-1.202265322208404541e-01,2.697196900844573975e-01,2.732734978199005127e-01,4.488318692892789841e-03,-5.148003622889518738e-02,-2.293994463980197906e-02,8.561956137418746948e-02,-5.455227941274642944e-02,2.031085453927516937e-02,-6.597482133656740189e-03,-6.070806831121444702e-02,4.266352578997612000e-02,-8.267533779144287109e-02,1.553018540143966675e-01,1.798604577779769897e-01,-9.443771094083786011e-02,-2.422713674604892731e-02,1.121770739555358887e-01,-2.994663454592227936e-02,-4.420639015734195709e-03,-2.026134543120861053e-02,-1.445818413048982620e-02,-1.418812870979309082e-01,-1.420498192310333252e-01,-6.806673854589462280e-02,2.970816195011138916e-02,5.542261153459548950e-02,3.171568736433982849e-02,2.687530964612960815e-02,-4.835734143853187561e-02,1.297064218670129776e-02,3.309118328616023064e-03,-4.176042601466178894e-02,2.211864804849028587e-03,-5.203076452016830444e-02,-1.535804383456707001e-02,-1.192266717553138733e-01,-9.704165160655975342e-03,-2.132003009319305420e-02,6.606053560972213745e-02,9.150678664445877075e-02,1.255501806735992432e-01,1.613465845584869385e-01,-6.495145708322525024e-02,2.338614687323570251e-02,1.280788481235504150e-01,8.128803968429565430e-02,7.315809279680252075e-02,2.436721324920654297e-02,-4.428286477923393250e-02,1.848761141300201416e-01,9.840994328260421753e-02,1.248512137681245804e-02,1.236518770456314087e-01,-3.225494176149368286e-02,5.449742823839187622e-02,-1.235705148428678513e-02,8.087547868490219116e-02,8.893015794456005096e-03,1.930437795817852020e-02,3.938073664903640747e-02,3.055353835225105286e-02,4.045372083783149719e-02,-2.791192010045051575e-02,-7.165829837322235107e-02,5.330641940236091614e-02,-8.707711100578308105e-02,1.219000481069087982e-02,9.089893847703933716e-02,5.501387268304824829e-02,3.310355171561241150e-02,1.045380607247352600e-01,-3.136325860396027565e-03,-2.484897524118423462e-02,3.859949484467506409e-02,2.813201583921909332e-02,-5.183305963873863220e-02,-2.578530088067054749e-02,-7.346690446138381958e-02,9.271154552698135376e-02,4.697932302951812744e-02,6.779008358716964722e-02,7.121968269348144531e-02,-3.414107486605644226e-02,8.491142094135284424e-02,7.293636351823806763e-02,6.173183768987655640e-02,5.688770860433578491e-02,-2.665704488754272461e-02,8.251237124204635620e-02,1.754842698574066162e-02,1.590359024703502655e-02,-6.728576496243476868e-03,-2.617428638041019440e-02,1.838250458240509033e-02,1.396249234676361084e-02,4.126939177513122559e-02,1.611696332693099976e-01,-9.105561673641204834e-02,3.206690773367881775e-02,4.581322893500328064e-02,1.110336482524871826e-01,-7.116094231605529785e-02,-2.168158143758773804e-01,-1.050492078065872192e-01,1.959549821913242340e-02
4.843331128358840942e-02,6.709813326597213745e-02,1.060975193977355957e-01,-1.297797560691833496e-01,8.127380162477493286e-02,3.809282556176185608e-02,6.986176222562789917e-02,5.661779642105102539e-02,3.286134451627731323e-02,-9.335453622043132782e-03,-1.351698338985443115e-01,-1.989034004509449005e-03,4.417590796947479248e-02,-4.107612371444702148e-02,4.596826434135437012e-02,5.227755755186080933e-03,1.262558717280626297e-02,2.471849136054515839e-02,-6.348286569118499756e-02,4.159528389573097229e-02,3.452948108315467834e-02,-5.556840077042579651e-02,-6.267765909433364868e-02,1.765286773443222046e-01,1.737954169511795044e-01,1.374089438468217850e-02,-4.635452642105519772e-04,4.598286934196949005e-03,3.741078823804855347e-02,-3.203749656677246094e-04,3.634615335613489151e-03,-5.388871952891349792e-02,7.449246942996978760e-02,-3.084342367947101593e-02,-3.749370202422142029e-02,8.394652605056762695e-02,8.315043896436691284e-02,-4.235422983765602112e-02,-7.242909632623195648e-03,6.373952329158782959e-02,-1.348830759525299072e-02,2.984581515192985535e-02,1.731160096824169159e-02,2.109160833060741425e-02,-3.489867225289344788e-02,-1.128740087151527405e-01,3.477641940116882324e-02,7.271723449230194092e-02,1.589569635689258575e-02,4.286224022507667542e-02,4.947951436042785645e-02,-8.750918507575988770e-02,-3.305181115865707397e-02,-2.740197256207466125e-02,-7.211408019065856934e-02,-9.577468782663345337e-02,-7.021289318799972534e-02,-2.319801598787307739e-02,-1.484226137399673462e-01,2.578622102737426758e-02,-2.779662609100341797e-04,-3.407017560675740242e-03,4.179824143648147583e-02,4.605801403522491455e-02,1.723871231079101562e-01,-6.928221881389617920e-02,5.930626019835472107e-02,5.279057100415229797e-02,5.450809374451637268e-02,5.366620793938636780e-02,-7.971175946295261383e-03,-4.512012749910354614e-02,1.715174764394760132e-01,1.302307844161987305e-01,1.220850124955177307e-01,1.063806414604187012e-01,-4.149916023015975952e-02,8.295533061027526855e-02,1.029207650572061539e-02,9.124769829213619232e-03,-5.684303119778633118e-02,-3.657901287078857422e-02,1.840612851083278656e-02,-2.736990340054035187e-02,8.883591741323471069e-02,1.625357544980943203e-03,-5.512796342372894287e-02,3.793426975607872009e-02,-7.665390521287918091e-02,-2.732049673795700073e-02,7.853025197982788086e-02,2.685651928186416626e-02,-9.002770483493804932e-02,2.050010859966278076e-02,7.599475327879190445e-03,3.581260889768600464e-02,8.424904197454452515e-02,6.572407484054565430e-02,5.957085639238357544e-03,-9.391890466213226318e-02,1.107867807149887085e-02,1.213305592536926270e-01,-8.961256826296448708e-04,2.051804400980472565e-02,4.068947862833738327e-03,3.182281041517853737e-03,1.060395836830139160e-01,6.712922453880310059e-02,8.978421799838542938e-03,2.434871904551982880e-02,-3.454465791583061218e-02,-4.225168842822313309e-03,-2.212925814092159271e-02,9.506832808256149292e-03,2.300234884023666382e-02,1.040412113070487976e-02,3.233271883800625801e-03,3.163029998540878296e-02,-5.064798891544342041e-02,1.601549983024597168e-02,-1.309346258640289307e-01,1.045546680688858032e-01,8.487398177385330200e-02,2.048685401678085327e-02,-2.295841462910175323e-02,-1.009486317634582520e-01,-3.197229653596878052e-02,1.341443508863449097e-01
2.565491013228893280e-02,8.962826430797576904e-02,1.791974902153015137e-01,-1.364564597606658936e-01,1.238335892558097839e-01,1.057837605476379395e-01,7.015370577573776245e-02,1.668238639831542969e-02,-6.245599687099456787e-02,-4.939802363514900208e-02,-1.814443171024322510e-01,9.603412821888923645e-03,1.341587118804454803e-02,-2.956413663923740387e-02,1.768633909523487091e-02,-7.336051762104034424e-02,-2.095743827521800995e-02,2.063341811299324036e-02,1.558782346546649933e-02,6.251213699579238892e-02,6.216067820787429810e-02,-2.972644381225109100e-02,-1.360169202089309692e-01,1.688785254955291748e-01,2.050698399543762207e-01,3.179717436432838440e-02,-1.148620340973138809e-02,-3.507390245795249939e-02,1.623240299522876740e-02,5.845794081687927246e-02,7.776861637830734253e-02,-1.608730405569076538e-01,8.981501311063766479e-02,4.358925297856330872e-02,-8.698223531246185303e-02,4.647700861096382141e-02,1.157863717526197433e-02,-7.016796618700027466e-02,-3.770151734352111816e-02,-2.448754571378231049e-02,-4.123586043715476990e-02,-1.781343668699264526e-02,-5.415048450231552124e-02,-1.155325025320053101e-02,-3.908810764551162720e-02,-1.128537058830261230e-01,8.818382024765014648e-02,1.286323964595794678e-01,-5.664436612278223038e-03,5.741731449961662292e-02,8.791291713714599609e-02,-7.805112004280090332e-02,4.681284073740243912e-03,-4.333500564098358154e-02,-1.187399476766586304e-01,-1.404515206813812256e-01,-1.324863880872726440e-01,-6.350770592689514160e-02,-1.664248704910278320e-01,-1.476487331092357635e-02,7.707889378070831299e-02,-9.781196713447570801e-03,9.658214636147022247e-03,9.302570670843124390e-02,1.685131639242172241e-01,-4.102970287203788757e-02,5.710034444928169250e-02,3.056956268846988678e-02,-1.507996208965778351e-02,7.471101731061935425e-02,4.193459637463092804e-03,-5.044668167829513550e-02,1.815259009599685669e-01,1.100028306245803833e-01,1.688864529132843018e-01,1.416143476963043213e-01,-4.852147027850151062e-02,4.229630902409553528e-02,-4.219891130924224854e-02,-9.073361009359359741e-02,-2.536253258585929871e-02,2.575399726629257202e-02,5.314201861619949341e-02,2.750021778047084808e-02,1.184965744614601135e-01,3.431212157011032104e-02,-1.984877698123455048e-02,1.844319142401218414e-02,-8.598348498344421387e-02,-3.948553279042243958e-02,1.322518438100814819e-01,5.735128745436668396e-02,-1.032477244734764099e-01,1.965061016380786896e-02,-8.294285088777542114e-02,-3.085637465119361877e-02,4.532742127776145935e-02,2.198386564850807190e-02,-1.122831832617521286e-03,-5.994520708918571472e-02,-1.108976006507873535e-01,5.787049606442451477e-02,4.404306784272193909e-02,6.857768446207046509e-02,-2.535323798656463623e-02,-3.871182678267359734e-03,1.673330515623092651e-01,1.498150080442428589e-01,3.827369585633277893e-02,5.349248275160789490e-02,-2.176477201282978058e-02,3.582239151000976562e-04,5.443638190627098083e-03,-1.383750699460506439e-03,-4.890851676464080811e-02,4.011399298906326294e-02,6.044164765626192093e-03,5.601745843887329102e-02,-1.100284904241561890e-01,-1.165480166673660278e-02,-1.213779151439666748e-01,7.065450400114059448e-02,5.925396457314491272e-02,4.926319792866706848e-02,-6.475565955042839050e-03,-1.403173655271530151e-01,1.023903302848339081e-02,1.933576166629791260e-01
1.046622395515441895e-01,1.287353336811065674e-01,8.204612880945205688e-02,-2.004900276660919189e-01,9.792957454919815063e-02,1.053176298737525940e-01,-2.271565049886703491e-02,3.986307419836521149e-03,2.251908741891384125e-02,4.753928259015083313e-02,-4.502438381314277649e-02,-1.066072098910808563e-02,-5.525058507919311523e-02,-4.728096723556518555e-02,9.003663063049316406e-02,-8.569493889808654785e-02,-4.539225995540618896e-02,3.639457002282142639e-02,8.411297574639320374e-03,1.204800307750701904e-01,1.798441633582115173e-02,-1.631125956773757935e-01,-1.137773245573043823e-01,1.468908041715621948e-01,2.114715129137039185e-01,-5.175484810024499893e-03,5.753613263368606567e-02,1.001359820365905762e-01,1.127345710992813110e-01,2.307952567934989929e-02,-1.106165274977684021e-01,-1.119389608502388000e-01,4.347059130668640137e-02,9.468657523393630981e-02,-7.641084492206573486e-02,8.138313889503479004e-02,1.530474144965410233e-02,-2.736242674291133881e-02,-3.304195404052734375e-02,6.729201227426528931e-02,1.100236363708972931e-02,-6.524025229737162590e-04,-6.111564859747886658e-02,2.262268774211406708e-02,-6.328274309635162354e-02,-3.360843658447265625e-02,1.419800817966461182e-01,1.489104926586151123e-01,-9.032212197780609131e-03,-1.503234822303056717e-02,1.309153065085411072e-02,-5.844510719180107117e-02,-7.721979171037673950e-02,-8.514525368809700012e-03,-2.035658247768878937e-02,4.685098771005868912e-03,-1.747736893594264984e-02,-2.109542116522789001e-02,-1.789404004812240601e-01,-2.010253258049488068e-03,-4.646630212664604187e-02,-3.506325185298919678e-02,-2.907761558890342712e-02,3.440401330590248108e-02,1.563359946012496948e-01,-2.786004543304443359e-02,6.150248274207115173e-02,7.672405987977981567e-02,-4.095238074660301208e-02,8.303228765726089478e-02,4.172896500676870346e-03,-2.911319956183433533e-02,1.906365007162094116e-01,6.753955036401748657e-02,4.312389716506004333e-02,7.647807151079177856e-02,-3.012886084616184235e-02,3.085890412330627441e-02,-2.605334110558032990e-02,1.290332991629838943e-02,-8.341972529888153076e-02,-8.968644589185714722e-02,-8.640199154615402222e-02,1.646062918007373810e-02,2.189948856830596924e-01,7.658386230468750000e-02,-2.646462433040142059e-02,-3.389492630958557129e-02,-1.449144184589385986e-01,4.505243524909019470e-02,1.144318282604217529e-01,1.027913093566894531e-01,-2.628278173506259918e-02,2.104406431317329407e-02,-1.088587418198585510e-01,-6.579692661762237549e-02,5.951959174126386642e-03,1.449136286973953247e-01,1.046334505081176758e-01,-8.779683709144592285e-02,4.320950806140899658e-02,2.063715308904647827e-01,6.896094232797622681e-02,7.095531374216079712e-02,-7.006363570690155029e-02,-1.642155647277832031e-01,8.477446436882019043e-02,2.896180935204029083e-02,5.197135359048843384e-02,3.262106329202651978e-02,-2.478690631687641144e-02,1.561887003481388092e-02,1.541948132216930389e-02,3.210382536053657532e-02,1.112900860607624054e-02,2.781879901885986328e-02,5.862000957131385803e-02,-2.567054517567157745e-02,2.295970916748046875e-04,1.247893944382667542e-01,-1.130215004086494446e-01,7.192380726337432861e-02,8.363223820924758911e-02,5.055919662117958069e-02,-5.186634510755538940e-02,-1.917962133884429932e-01,-5.326697602868080139e-03,1.786599308252334595e-01
6.915895640850067139e-02,1.112656667828559875e-01,2.043823897838592529e-01,-1.326143443584442139e-01,1.271829903125762939e-01,1.394325941801071167e-01,4.923878982663154602e-02,-3.583668917417526245e-02,-2.709678374230861664e-02,-1.955178566277027130e-03,-2.000265866518020630e-01,-6.278531998395919800e-02,-2.655376121401786804e-02,-3.287113830447196960e-02,7.823621481657028198e-02,-8.432545699179172516e-03,-3.186195716261863708e-02,2.625561878085136414e-02,-1.612821221351623535e-02,9.100835770368576050e-02,4.153533652424812317e-02,-8.091923594474792480e-02,-8.137484639883041382e-02,1.704014092683792114e-01,1.858107298612594604e-01,8.128879126161336899e-04,-1.451685186475515366e-02,-4.346047714352607727e-02,4.949850961565971375e-02,2.498884126543998718e-02,1.307129859924316406e-04,-9.150448441505432129e-02,2.211350016295909882e-02,-6.135953124612569809e-03,-9.766627103090286255e-02,5.871959403157234192e-02,3.692314773797988892e-02,-6.063597649335861206e-02,-4.577813204377889633e-03,6.622892618179321289e-02,1.135148387402296066e-02,7.776103913784027100e-02,-3.435102850198745728e-02,2.934953896328806877e-03,-5.224315449595451355e-02,-1.153103336691856384e-01,2.765667997300624847e-02,3.883341699838638306e-02,-4.389401525259017944e-02,6.553965061902999878e-02,5.190183222293853760e-02,-5.291892215609550476e-02,-4.633303266018629074e-03,-2.309087663888931274e-02,-7.362969219684600830e-02,-1.221479550004005432e-01,-9.312597662210464478e-02,-4.531766846776008606e-02,-1.778750270605087280e-01,-2.178070880472660065e-02,-2.535592019557952881e-02,-7.493221759796142578e-02,7.806640118360519409e-02,6.950139999389648438e-02,1.941905170679092407e-01,-1.451196521520614624e-02,3.558547794818878174e-02,7.998447120189666748e-02,5.008579418063163757e-02,3.281936794519424438e-02,1.272886176593601704e-03,-3.225997090339660645e-02,2.193810045719146729e-01,7.880593091249465942e-02,1.003339812159538269e-01,1.465878635644912720e-01,-1.309474930167198181e-02,9.281584620475769043e-02,-3.619751334190368652e-02,-4.957618936896324158e-02,-8.048897981643676758e-02,-1.869758591055870056e-02,-7.462664693593978882e-02,1.987326517701148987e-02,1.121044382452964783e-01,-5.031151324510574341e-02,-9.142500348389148712e-03,8.347257040441036224e-03,-4.441805183887481689e-02,-8.708065748214721680e-02,1.378298401832580566e-01,8.791813999414443970e-02,-1.424528509378433228e-01,-4.689990892075002193e-04,-1.908132992684841156e-02,5.333346500992774963e-02,4.094378650188446045e-02,3.613239154219627380e-02,-8.178140036761760712e-03,-1.149117127060890198e-01,-7.205010950565338135e-02,1.020442917943000793e-01,1.860811933875083923e-02,9.442882612347602844e-03,-2.513713017106056213e-02,-5.565125867724418640e-02,4.845837503671646118e-02,-3.134096786379814148e-02,-6.245829630643129349e-03,6.085252761840820312e-02,-3.523916006088256836e-02,3.858181834220886230e-02,4.142079502344131470e-02,1.937537267804145813e-02,-3.212239965796470642e-02,-2.751397714018821716e-02,1.351625751703977585e-02,7.968029379844665527e-02,-2.877855859696865082e-02,4.026569426059722900e-03,-1.726443171501159668e-01,6.981021910905838013e-02,1.294175833463668823e-01,6.105065718293190002e-02,-3.150474652647972107e-02,-1.558803915977478027e-01,-3.961517661809921265e-02,1.780299842357635498e-01
7.011005282402038574e-02,7.842675596475601196e-02,1.066104099154472351e-01,-1.186008751392364502e-01,5.017789080739021301e-02,1.596487015485763550e-01,4.754357971251010895e-03,-1.090128719806671143e-02,4.055167362093925476e-02,-1.925420947372913361e-02,-1.579187661409378052e-01,-5.384126678109169006e-02,-4.125180840492248535e-02,-4.664766788482666016e-02,4.938913509249687195e-02,-3.674318268895149231e-02,5.992602556943893433e-02,6.660799682140350342e-02,4.951810091733932495e-02,5.070453137159347534e-02,3.004596568644046783e-02,-3.724064677953720093e-02,-7.600239664316177368e-02,1.972685456275939941e-01,2.435784935951232910e-01,-2.231140807271003723e-02,-8.683079481124877930e-02,-1.015753298997879028e-01,-7.338570430874824524e-03,2.605462074279785156e-02,1.427842397242784500e-02,-2.523881010711193085e-02,-8.484721183776855469e-05,-7.862881757318973541e-03,-5.694762244820594788e-02,1.065978854894638062e-01,4.145015776157379150e-02,-5.612387508153915405e-02,8.758223056793212891e-02,1.440250277519226074e-01,-1.529157161712646484e-04,-5.248333141207695007e-02,-3.257355093955993652e-02,-1.856498047709465027e-02,-7.154954224824905396e-02,-9.691491723060607910e-02,-5.444135516881942749e-02,5.788172781467437744e-02,4.742586985230445862e-02,7.190026342868804932e-02,8.786091953516006470e-02,-7.513773441314697266e-02,-4.177372530102729797e-02,3.079923801124095917e-02,-9.809198230504989624e-02,-8.817707747220993042e-02,-8.538246154785156250e-02,-1.782645471394062042e-02,-1.335817724466323853e-01,1.386820338666439056e-03,-1.853339932858943939e-02,8.966204710304737091e-03,2.832920849323272705e-02,8.160081692039966583e-03,1.352704167366027832e-01,-6.336742639541625977e-02,6.933859735727310181e-02,9.169624745845794678e-02,6.229862570762634277e-02,1.007825955748558044e-01,7.960200309753417969e-05,-6.957919150590896606e-02,1.649294495582580566e-01,1.090199649333953857e-01,4.359977692365646362e-02,1.281615793704986572e-01,-5.055538564920425415e-02,9.724501520395278931e-02,-3.177639469504356384e-02,1.168919056653976440e-01,-1.389947347342967987e-02,-7.174041867256164551e-02,1.730739884078502655e-02,7.760137319564819336e-02,8.249993622303009033e-02,-3.303350508213043213e-02,-2.953340113162994385e-02,-6.337751448154449463e-02,-1.239508315920829773e-01,-5.482965335249900818e-02,9.847576171159744263e-02,7.369849085807800293e-02,3.922597318887710571e-02,7.144719362258911133e-02,-2.896294184029102325e-02,-2.949621342122554779e-02,-1.517378818243741989e-02,1.927112974226474762e-02,5.469122156500816345e-02,-6.137799099087715149e-02,-7.588302344083786011e-02,6.947523914277553558e-03,-1.612860150635242462e-02,2.553923428058624268e-02,9.229835122823715210e-02,4.694590345025062561e-02,7.259897887706756592e-02,3.524496406316757202e-02,7.125375326722860336e-03,4.318035766482353210e-02,-8.914498239755630493e-02,-7.628442253917455673e-03,-3.418326377868652344e-04,9.930373169481754303e-03,-1.572333090007305145e-02,7.077083736658096313e-02,1.651464402675628662e-02,6.561004370450973511e-02,1.607571542263031006e-02,6.920227408409118652e-02,-1.600074917078018188e-01,3.428226709365844727e-02,7.324945181608200073e-02,5.605961382389068604e-02,-6.653548777103424072e-02,-1.869359314441680908e-01,-5.961230769753456116e-02,5.677818134427070618e-02
-4.032503813505172729e-02,5.623614415526390076e-02,1.157992184162139893e-01,-6.590612232685089111e-02,1.112440377473831177e-01,1.077465638518333435e-01,-6.139446794986724854e-02,9.102097153663635254e-02,1.695843636989593506e-01,4.661673679947853088e-02,-6.301217526197433472e-02,9.444214403629302979e-02,-2.089544758200645447e-02,-4.301663115620613098e-02,9.253329038619995117e-02,-1.882098242640495300e-02,3.156286478042602539e-02,1.096260175108909607e-01,-3.116033598780632019e-02,8.317668735980987549e-02,5.540005862712860107e-02,-1.197220236063003540e-01,-7.734658569097518921e-02,1.551461219787597656e-01,1.895228028297424316e-01,7.332011312246322632e-02,6.757245212793350220e-02,-8.064749091863632202e-02,-4.133415967226028442e-02,-1.022832766175270081e-01,5.906668305397033691e-02,1.017213910818099976e-01,1.648687943816184998e-02,-4.445611557457596064e-04,3.985682129859924316e-02,1.222459077835083008e-01,6.228425074368715286e-03,-8.919827640056610107e-02,-5.080574005842208862e-02,1.150208711624145508e-01,3.417796269059181213e-02,1.315410435199737549e-02,-2.141160145401954651e-02,2.953758928924798965e-03,-1.560865342617034912e-01,-8.220674842596054077e-02,-4.268765076994895935e-02,-3.527529537677764893e-02,-6.306528300046920776e-02,-2.041598409414291382e-02,-2.809374965727329254e-02,-1.129468008875846863e-01,7.000844925642013550e-02,-2.153030969202518463e-02,-5.586870759725570679e-02,-2.465403825044631958e-02,-3.557309508323669434e-02,1.254400238394737244e-02,-9.714284539222717285e-02,-2.848682738840579987e-02,-6.683141738176345825e-02,5.693360418081283569e-02,1.095746085047721863e-01,7.900836318731307983e-02,1.807978153228759766e-01,2.091403678059577942e-02,8.753496408462524414e-02,8.056080341339111328e-02,1.691203564405441284e-02,2.722520008683204651e-02,2.250904962420463562e-02,-4.445071145892143250e-02,1.956281512975692749e-01,1.414672434329986572e-01,-5.525162443518638611e-02,1.553079579025506973e-02,-3.863785043358802795e-02,3.830494731664657593e-02,-2.104445360600948334e-02,6.304426491260528564e-02,-6.072243675589561462e-02,-3.065405786037445068e-02,-3.611051291227340698e-02,9.803468734025955200e-02,6.978129968047142029e-03,-1.032071709632873535e-01,-4.605013504624366760e-02,4.427305236458778381e-02,-7.639427483081817627e-02,-1.076661348342895508e-01,6.815261393785476685e-02,1.011974811553955078e-01,-2.761475741863250732e-03,4.304542765021324158e-02,-5.315189063549041748e-02,2.468090318143367767e-02,5.401892960071563721e-02,9.576494246721267700e-02,2.015648223459720612e-02,-5.190471559762954712e-02,-4.328541830182075500e-02,1.170891523361206055e-02,-4.387442022562026978e-02,8.379305154085159302e-02,2.400047518312931061e-02,-1.760354265570640564e-02,4.419351369142532349e-02,4.870464559644460678e-03,7.050077617168426514e-02,7.167982310056686401e-02,-4.167617484927177429e-02,8.267454057931900024e-02,6.080946326255798340e-02,-4.911556094884872437e-02,1.775921322405338287e-02,-2.504519186913967133e-02,5.884655937552452087e-02,6.487931311130523682e-02,-3.092878498136997223e-02,5.653259530663490295e-02,-1.139230355620384216e-01,9.450219571590423584e-02,-3.862957237288355827e-03,3.635245561599731445e-02,-7.084220647811889648e-03,-1.486337333917617798e-01,-5.365512520074844360e-02,3.152249380946159363e-02
9.137516468763351440e-02,7.153290510177612305e-02,2.023312449455261230e-01,-1.781978309154510498e-01,1.050754413008689880e-01,1.939064562320709229e-01,9.839135408401489258e-02,4.711772128939628601e-02,-5.396104417741298676e-03,2.067583985626697540e-02,-1.342693269252777100e-01,2.083872817456722260e-02,9.143603965640068054e-03,-9.553378075361251831e-02,1.014403998851776123e-01,-1.340415477752685547e-01,-1.839558035135269165e-02,-1.151245459914207458e-02,7.144520431756973267e-02,1.291895508766174316e-01,4.678939655423164368e-02,-6.583295017480850220e-02,-1.531265079975128174e-01,1.748161166906356812e-01,2.479208707809448242e-01,4.417533800005912781e-02,-5.432784557342529297e-02,-8.739268034696578979e-02,6.317203864455223083e-03,7.311700028367340565e-04,7.752079516649246216e-02,-6.785760074853897095e-02,1.237649172544479370e-01,1.174387410283088684e-01,-7.391521334648132324e-02,8.678865432739257812e-02,9.129997342824935913e-02,-1.294945627450942993e-01,1.055490411818027496e-02,8.951885998249053955e-02,4.131731763482093811e-02,8.489524014294147491e-03,-1.384165585041046143e-01,-2.944103814661502838e-02,-5.023273453116416931e-02,-1.770150512456893921e-01,3.432143852114677429e-02,6.106980517506599426e-02,-6.311262398958206177e-02,8.759586513042449951e-02,2.918324433267116547e-03,-6.417155265808105469e-02,4.451617971062660217e-02,1.277803559787571430e-03,-1.122585609555244446e-01,-1.306686550378799438e-01,-1.588514000177383423e-01,-6.470169126987457275e-02,-1.884667426347732544e-01,-3.735257312655448914e-02,3.375823423266410828e-02,-4.715809971094131470e-02,2.966585010290145874e-02,7.500775158405303955e-02,1.330913752317428589e-01,-5.488399416208267212e-03,1.745985262095928192e-02,1.012557148933410645e-01,3.277708962559700012e-02,9.414765983819961548e-02,-6.479230523109436035e-02,-6.833097338676452637e-02,1.998008340597152710e-01,1.377560794353485107e-01,1.543594002723693848e-01,1.137760281562805176e-01,-9.660302102565765381e-02,7.149510830640792847e-02,5.058958008885383606e-02,5.669945850968360901e-02,-1.075449679046869278e-02,3.282889351248741150e-02,7.592200487852096558e-02,5.716788768768310547e-02,7.172343879938125610e-02,-9.131776541471481323e-02,-4.449256137013435364e-02,-1.910891756415367126e-02,-7.164059579372406006e-02,-1.792448163032531738e-01,8.618856966495513916e-02,4.007180035114288330e-02,-1.322033852338790894e-01,7.875996083021163940e-02,-4.405196011066436768e-02,-6.853293161839246750e-03,6.382847577333450317e-02,4.140234738588333130e-02,3.951787948608398438e-05,-1.393612287938594818e-02,-8.326157927513122559e-02,5.385647714138031006e-02,-1.109199784696102142e-02,2.087143622338771820e-02,4.926860705018043518e-02,2.387885935604572296e-02,1.219224780797958374e-01,2.576135471463203430e-02,-8.587237680330872536e-04,6.976075470447540283e-02,-1.430184300988912582e-02,5.033767223358154297e-02,6.733337044715881348e-02,-6.307546049356460571e-02,-1.257844828069210052e-02,7.543827593326568604e-02,-5.451805144548416138e-02,-6.482152268290519714e-03,-2.288320288062095642e-02,-1.104002911597490311e-02,-1.206398308277130127e-01,1.183013245463371277e-01,7.681907713413238525e-02,6.442173570394515991e-02,-9.322130680084228516e-02,-1.936676800251007080e-01,-9.237347543239593506e-02,1.555373966693878174e-01
-1.124757714569568634e-02,-2.053227741271257401e-03,4.414925724267959595e-02,-2.797809056937694550e-02,8.804628625512123108e-03,4.898320138454437256e-02,3.290737047791481018e-02,-3.418840840458869934e-02,-1.710104756057262421e-02,1.172727067023515701e-02,-5.223240330815315247e-02,-1.555123645812273026e-02,-4.183875769376754761e-02,-3.402718901634216309e-02,9.029768407344818115e-03,-3.695648536086082458e-02,1.347296312451362610e-02,2.207036688923835754e-02,2.996646985411643982e-02,2.780989557504653931e-02,1.232358906418085098e-02,-7.232837378978729248e-03,-5.156668275594711304e-02,6.452172994613647461e-02,6.733281165361404419e-02,-2.323798835277557373e-02,-8.249511942267417908e-03,-2.609455771744251251e-02,-1.155048026703298092e-03,-3.170746937394142151e-02,1.526474952697753906e-04,5.626737605780363083e-03,3.676337655633687973e-03,-1.286235917359590530e-02,-9.244804270565509796e-03,2.264413237571716309e-02,-1.312114857137203217e-02,-1.405867561697959900e-02,1.222558412700891495e-02,2.493311464786529541e-02,-3.694348037242889404e-02,-5.227189976722002029e-03,-2.542907139286398888e-03,-1.135550718754529953e-02,-4.109861329197883606e-02,-4.220486059784889221e-02,-7.961610332131385803e-03,3.652270510792732239e-02,2.573705278337001801e-02,-1.254272181540727615e-02,1.220919564366340637e-02,-2.438556216657161713e-02,-1.370954886078834534e-02,-1.108320802450180054e-02,-2.590609528124332428e-02,2.841971348971128464e-03,-3.352853655815124512e-02,4.860757908318191767e-04,-1.532473322004079819e-02,5.300143733620643616e-03,-1.593433879315853119e-02,-4.435152281075716019e-03,3.570188581943511963e-02,3.741421177983283997e-02,6.263147294521331787e-02,-5.377300083637237549e-03,1.005272846668958664e-02,1.209307368844747543e-02,3.413842618465423584e-02,1.546441204845905304e-02,-3.821622114628553391e-03,-4.244897980242967606e-03,7.374688982963562012e-02,3.952895104885101318e-02,-3.718137741088867188e-04,1.859685778617858887e-02,-1.005791313946247101e-02,4.358531907200813293e-03,-3.889132663607597351e-02,2.082395367324352264e-02,-2.911391295492649078e-02,2.010422945022583008e-02,1.772638037800788879e-02,2.842184901237487793e-02,1.772572472691535950e-02,1.079025585204362869e-02,-1.153480447828769684e-02,-6.919511593878269196e-03,-7.562462240457534790e-03,-3.537530824542045593e-02,2.784372493624687195e-02,3.192019090056419373e-02,-4.325892031192779541e-02,-4.968095570802688599e-03,-1.225106138736009598e-02,1.502423197962343693e-03,2.888608910143375397e-02,4.051144793629646301e-02,2.247389173135161400e-03,-3.520731627941131592e-02,-2.383874170482158661e-02,1.050293538719415665e-02,-1.556491293013095856e-02,4.174055159091949463e-02,1.317067164927721024e-02,-2.079154178500175476e-02,1.411022432148456573e-02,1.735798828303813934e-02,-7.185662630945444107e-03,-1.562117016874253750e-03,-2.019309438765048981e-02,-5.536674289032816887e-04,2.618276746943593025e-03,-2.966769598424434662e-02,-1.250756066292524338e-02,-7.424352224916219711e-04,-9.807866998016834259e-03,-2.309155836701393127e-02,-3.733692318201065063e-02,1.940033398568630219e-02,-6.261505931615829468e-02,-6.004707422107458115e-03,-2.607875969260931015e-03,-6.252266466617584229e-03,-4.174891859292984009e-02,-6.612047553062438965e-02,-3.031462617218494415e-02,7.157687842845916748e-02
1.041894704103469849e-01,9.559559822082519531e-02,1.517930626869201660e-01,-1.632931381464004517e-01,1.387573629617691040e-01,1.086270213127136230e-01,1.235040742903947830e-02,1.939425803720951080e-02,4.194752499461174011e-02,3.609015606343746185e-03,-7.195143401622772217e-02,3.978740423917770386e-02,-2.312390692532062531e-02,-1.018243655562400818e-01,9.061016887426376343e-02,-8.295575529336929321e-02,-3.242288157343864441e-02,8.004970848560333252e-03,-2.243871986865997314e-02,8.894500136375427246e-02,4.372988641262054443e-02,-4.123050346970558167e-02,-1.093718037009239197e-01,1.445497572422027588e-01,2.160732746124267578e-01,4.132562130689620972e-02,-2.139310352504253387e-02,-4.748781025409698486e-02,3.903160337358713150e-03,1.697120815515518188e-02,3.833866491913795471e-02,-5.324508249759674072e-02,3.006532229483127594e-02,9.848847240209579468e-02,-8.854036778211593628e-02,5.337360873818397522e-02,4.422709345817565918e-02,-1.070801168680191040e-01,-1.574159599840641022e-02,8.425948768854141235e-02,4.154212400317192078e-02,3.004846721887588501e-02,-7.281580567359924316e-02,-2.250106632709503174e-02,-4.315905645489692688e-02,-1.599173396825790405e-01,5.326614901423454285e-02,7.481062412261962891e-02,-6.186486780643463135e-02,8.447176963090896606e-02,-2.777350321412086487e-02,-9.364222735166549683e-02,-1.465227454900741577e-02,-1.550132874399423599e-02,-1.000547483563423157e-01,-9.421779960393905640e-02,-1.142862066626548767e-01,-3.305821120738983154e-02,-1.716336458921432495e-01,3.141958732157945633e-03,7.266775518655776978e-02,-1.502317283302545547e-02,1.880081370472908020e-02,5.966576561331748962e-02,1.327013969421386719e-01,-1.072332821786403656e-02,4.270160570740699768e-02,7.107602804899215698e-02,2.059009391814470291e-03,5.346133559942245483e-02,-4.039325937628746033e-02,-9.941996634006500244e-02,1.527553200721740723e-01,1.320274323225021362e-01,1.402172297239303589e-01,9.913282841444015503e-02,-6.028517708182334900e-02,3.224083408713340759e-02,4.065318778157234192e-02,7.918404042720794678e-02,-6.190331280231475830e-02,-3.466655686497688293e-02,8.961019665002822876e-02,6.206861510872840881e-02,1.123829632997512817e-01,-9.424711018800735474e-02,1.549659203737974167e-02,-5.269150715321302414e-03,-7.832928746938705444e-02,-1.321641802787780762e-01,7.024874538183212280e-02,7.726567983627319336e-02,-6.071504950523376465e-02,6.248713657259941101e-02,-3.538593277335166931e-02,-4.136091098189353943e-03,4.309608414769172668e-02,3.969221189618110657e-02,9.379930049180984497e-02,8.184250444173812866e-03,-7.714137434959411621e-02,-9.571020491421222687e-03,-9.766812436282634735e-04,3.695369139313697815e-02,3.307249769568443298e-02,3.305785730481147766e-02,1.215125247836112976e-01,7.101944833993911743e-02,1.085465122014284134e-02,6.166838482022285461e-02,-5.452533066272735596e-02,1.519840024411678314e-02,4.831602051854133606e-02,-5.372096970677375793e-02,9.245608933269977570e-03,1.184184774756431580e-01,1.651196368038654327e-02,7.469215895980596542e-03,-3.820501640439033508e-02,3.811698174104094505e-03,-1.120904311537742615e-01,1.226979643106460571e-01,8.153275400400161743e-02,2.728535234928131104e-02,-7.905752211809158325e-02,-2.050387412309646606e-01,-1.137241721153259277e-01,1.037177518010139465e-01
-4.109040275216102600e-02,3.941578418016433716e-02,1.897009313106536865e-01,-2.175832241773605347e-01,1.441916674375534058e-01,2.002541273832321167e-01,-8.359768241643905640e-02,-4.714555293321609497e-02,-2.088692504912614822e-03,3.958113864064216614e-02,-1.055435985326766968e-01,1.552787609398365021e-02,-9.676481038331985474e-02,-2.037761360406875610e-02,1.156785115599632263e-01,-1.004587113857269287e-01,-2.824043855071067810e-02,3.647698089480400085e-03,9.889093041419982910e-02,1.098121628165245056e-01,6.427332013845443726e-02,-6.573636084794998169e-02,-1.385912001132965088e-01,1.738690733909606934e-01,1.945235133171081543e-01,7.249370217323303223e-02,-1.012061163783073425e-02,-1.011184453964233398e-01,6.275849789381027222e-02,6.469307467341423035e-03,7.131916284561157227e-02,-1.383735984563827515e-01,1.356696188449859619e-01,9.702482074499130249e-02,6.954884622246026993e-03,7.808133959770202637e-02,1.935386285185813904e-02,-6.845141202211380005e-02,-1.346527505666017532e-02,7.753439247608184814e-02,2.263052016496658325e-02,-7.155861705541610718e-02,-5.576664954423904419e-02,4.442340508103370667e-02,-6.658654659986495972e-02,-1.459843367338180542e-01,3.405469283461570740e-02,5.265932902693748474e-02,2.816214971244335175e-02,-6.919690873473882675e-03,-6.870846729725599289e-03,-8.946155756711959839e-02,-4.554984625428915024e-03,-1.892996020615100861e-02,-3.207631409168243408e-02,-1.083850115537643433e-02,-3.623662143945693970e-02,-6.754629313945770264e-02,-1.819364577531814575e-01,1.470773131586611271e-03,-8.875374682247638702e-03,-3.229558095335960388e-02,6.050069630146026611e-02,7.192789763212203979e-02,1.635000109672546387e-01,-2.579655870795249939e-02,3.173587098717689514e-02,1.598652452230453491e-01,1.535804867744445801e-01,1.615951657295227051e-01,-1.813069730997085571e-02,-5.231749732047319412e-03,2.201269567012786865e-01,1.160996332764625549e-01,1.464041173458099365e-01,5.757343769073486328e-02,-9.887728840112686157e-02,1.098220199346542358e-01,-1.676622778177261353e-02,-4.394957795739173889e-02,4.738156497478485107e-02,5.230761319398880005e-02,2.242203801870346069e-03,1.024651154875755310e-01,1.214325949549674988e-01,7.042226195335388184e-02,-4.789579287171363831e-02,-1.363536119461059570e-01,-4.264311864972114563e-02,-2.837438322603702545e-02,1.041597500443458557e-01,4.474022984504699707e-02,-1.434076726436614990e-01,1.273640524595975876e-02,-4.230413213372230530e-02,-6.489352881908416748e-02,2.620927989482879639e-02,4.129503294825553894e-02,-9.660671651363372803e-02,-1.291295289993286133e-01,-2.303818240761756897e-02,9.451152384281158447e-02,3.194987401366233826e-02,-1.289746165275573730e-02,-5.696716904640197754e-02,-6.262335926294326782e-02,1.894822157919406891e-02,-1.072883605957031250e-05,4.198676347732543945e-02,5.577963590621948242e-02,-6.601178646087646484e-02,1.741995662450790405e-02,3.830283507704734802e-02,5.418055504560470581e-02,-1.417270675301551819e-02,5.687674134969711304e-02,-7.845188677310943604e-02,-2.437987364828586578e-02,-3.260484337806701660e-02,7.992104440927505493e-02,-8.766236901283264160e-02,-7.985779084265232086e-03,2.180141396820545197e-02,-3.600812703371047974e-02,-1.040934622287750244e-01,-1.855733394622802734e-01,3.070169687271118164e-02,1.778380125761032104e-01
-4.123514983803033829e-03,5.412002652883529663e-02,1.877331137657165527e-01,-5.903021618723869324e-02,7.183720171451568604e-02,1.594716012477874756e-01,1.118676885962486267e-01,-1.555293239653110504e-02,3.506381064653396606e-02,6.878528743982315063e-02,-1.631093919277191162e-01,-4.497136175632476807e-02,-3.300284221768379211e-02,-1.509110629558563232e-02,1.070563495159149170e-01,-6.359387189149856567e-02,-4.971110448241233826e-02,1.416415628045797348e-02,1.289325505495071411e-01,1.734962761402130127e-01,1.196385920047760010e-01,-4.961085692048072815e-02,-7.547620683908462524e-02,2.023310810327529907e-01,1.890550106763839722e-01,-1.650436781346797943e-02,-1.273723971098661423e-02,-3.808184340596199036e-02,4.906477779150009155e-02,-7.630982995033264160e-02,8.230584859848022461e-02,5.012916773557662964e-02,9.450773149728775024e-02,1.173747852444648743e-01,3.827314591035246849e-03,9.037394821643829346e-02,4.252126812934875488e-02,-1.163769960403442383e-01,1.647236756980419159e-02,7.650630176067352295e-02,-6.254292558878660202e-03,3.391960635781288147e-02,1.167546510696411133e-01,5.531853437423706055e-02,-1.366291642189025879e-01,-1.061405986547470093e-01,-1.865855790674686432e-02,3.669264540076255798e-02,-2.933196537196636200e-02,-1.181124942377209663e-03,-4.212876036763191223e-02,-5.716124176979064941e-02,8.521098643541336060e-02,-1.587412320077419281e-02,-1.571098715066909790e-01,-1.827306300401687622e-01,-8.031612262129783630e-03,2.452090196311473846e-02,-6.817124038934707642e-02,-1.814654655754566193e-02,-6.617522239685058594e-02,3.246950358152389526e-02,1.213450729846954346e-01,1.205135434865951538e-01,2.030417770147323608e-01,-1.148244142532348633e-01,6.726411730051040649e-02,1.657035499811172485e-01,2.168775498867034912e-01,1.363195627927780151e-01,-5.505451932549476624e-02,-8.598770946264266968e-03,2.121803164482116699e-01,1.357695758342742920e-01,-5.193642526865005493e-02,1.286782771348953247e-01,-1.247654706239700317e-01,3.926093876361846924e-02,-1.321623176336288452e-01,-3.959848731756210327e-02,-1.196405440568923950e-01,6.878881901502609253e-02,2.317215548828244209e-03,1.372511982917785645e-01,1.139103844761848450e-01,4.727662354707717896e-02,4.242791980504989624e-02,1.288114041090011597e-01,3.160733962431550026e-03,3.554892539978027344e-02,1.177730336785316467e-01,1.779144257307052612e-01,-6.101971492171287537e-02,4.972744267433881760e-03,-8.283991366624832153e-03,-1.489189267158508301e-02,8.900845050811767578e-02,1.257349997758865356e-01,-7.411972433328628540e-02,-1.252657324075698853e-01,-1.902881078422069550e-02,1.413564234972000122e-01,1.203735396265983582e-01,6.858675926923751831e-02,4.504947923123836517e-03,-4.943387955427169800e-02,1.019136309623718262e-01,7.517044246196746826e-02,2.569648995995521545e-02,1.534356363117694855e-02,-3.539507463574409485e-02,1.088940426707267761e-01,1.011123731732368469e-01,-1.231527514755725861e-02,-5.840955418534576893e-04,-9.361176937818527222e-02,-9.590916335582733154e-02,1.721896231174468994e-01,8.275753259658813477e-02,9.258136153221130371e-02,-1.721659898757934570e-01,8.969614654779434204e-02,-1.046360004693269730e-02,5.524816922843456268e-03,-3.007559478282928467e-02,-9.381215274333953857e-02,-9.630508720874786377e-02,1.431888788938522339e-01
-9.965565055608749390e-03,6.968682631850242615e-03,1.001254916191101074e-01,-6.230316683650016785e-02,9.551383554935455322e-03,2.692852914333343506e-02,4.210068285465240479e-02,1.652799360454082489e-02,2.817474864423274994e-02,7.098013162612915039e-02,-6.439072638750076294e-02,1.235100347548723221e-02,-3.550832718610763550e-02,-1.792417652904987335e-02,9.199648350477218628e-02,-1.058830879628658295e-02,-8.628183044493198395e-03,1.091116964817047119e-01,5.861139297485351562e-02,4.944951459765434265e-02,5.348285287618637085e-02,-4.773205146193504333e-02,-7.294487208127975464e-02,1.511362642049789429e-01,1.474583745002746582e-01,2.569735236465930939e-02,-1.888604648411273956e-02,-5.161019787192344666e-02,5.713548976927995682e-03,-3.448092564940452576e-02,-4.193949326872825623e-02,8.798080682754516602e-02,-1.839304901659488678e-02,-3.991635888814926147e-02,-3.244062513113021851e-02,6.005436554551124573e-02,2.578932046890258789e-02,-3.655178472399711609e-03,-2.108526416122913361e-02,8.759751170873641968e-02,-1.444137748330831528e-02,-2.348759584128856659e-02,4.878213629126548767e-03,-7.338491827249526978e-02,-1.248760819435119629e-01,-9.051499515771865845e-02,-3.329428657889366150e-02,2.514678239822387695e-02,-2.680755592882633209e-02,-3.079995512962341309e-02,-6.519248336553573608e-02,-8.303007483482360840e-02,-3.570915386080741882e-02,-6.338451523333787918e-03,-6.796901673078536987e-02,-7.164572924375534058e-02,-3.645710647106170654e-02,1.148640527389943600e-03,-6.001323461532592773e-02,-1.694427430629730225e-02,-7.375665009021759033e-02,1.864135265350341797e-04,8.926791697740554810e-02,7.439515739679336548e-02,9.984230250120162964e-02,-1.790218800306320190e-02,7.568184286355972290e-03,2.467837370932102203e-02,2.735626138746738434e-02,3.773618862032890320e-02,8.712407434359192848e-04,-1.350252772681415081e-03,1.126442328095436096e-01,9.545361250638961792e-02,-6.655479967594146729e-02,7.583297044038772583e-02,-3.406469151377677917e-02,3.399122506380081177e-02,-3.640975430607795715e-02,7.292441278696060181e-02,2.860448556020855904e-03,3.631864860653877258e-02,3.675154596567153931e-02,1.074841246008872986e-01,1.428468059748411179e-02,-4.797340556979179382e-02,-1.964715309441089630e-02,6.533899903297424316e-02,-1.291033346205949783e-02,-6.194410100579261780e-02,4.535023495554924011e-02,1.026515215635299683e-01,3.566104918718338013e-02,5.191610008478164673e-02,-4.952658433467149734e-03,-2.874842658638954163e-02,7.778358459472656250e-02,1.006293445825576782e-01,3.324585268273949623e-03,-3.959039226174354553e-02,9.729733690619468689e-03,1.139640226028859615e-03,6.589888362213969231e-04,2.574372105300426483e-02,-1.956701651215553284e-02,-6.925883889198303223e-02,5.325789004564285278e-02,4.014571011066436768e-02,4.051191732287406921e-02,8.597972244024276733e-02,4.508398845791816711e-02,1.121330484747886658e-01,3.308878466486930847e-02,-4.325701296329498291e-02,3.601028583943843842e-03,-4.632560536265373230e-02,-2.005373500287532806e-02,1.014218665659427643e-02,-1.568730920553207397e-02,4.144111648201942444e-02,-8.827160298824310303e-02,5.918437987565994263e-02,5.026160506531596184e-04,3.493912518024444580e-02,-5.710897035896778107e-03,-7.898987829685211182e-02,1.458359602838754654e-02,2.679079212248325348e-02
4.278581589460372925e-02,8.624114096164703369e-02,1.150934174656867981e-01,-1.976152062416076660e-01,2.735915035009384155e-02,8.616612106561660767e-02,-8.295104652643203735e-02,2.530078962445259094e-02,1.381860580295324326e-02,-2.267525903880596161e-02,-7.746706157922744751e-02,-3.338550031185150146e-02,-6.135329231619834900e-02,-9.543713182210922241e-02,1.053333505988121033e-01,-4.468717053532600403e-02,-4.147038608789443970e-02,-4.017151892185211182e-03,-1.146404743194580078e-01,1.094686388969421387e-01,1.162854861468076706e-02,-9.332116693258285522e-02,-1.079094335436820984e-01,2.148585021495819092e-01,2.087522596120834351e-01,-1.441027130931615829e-02,-1.433893851935863495e-02,-1.290937885642051697e-02,-2.580081485211849213e-02,-2.272098325192928314e-02,2.328957663848996162e-03,-1.069559007883071899e-01,1.728615015745162964e-01,1.225047558546066284e-01,-6.843633949756622314e-02,1.876273453235626221e-01,1.794545054435729980e-01,-8.932036906480789185e-02,-8.030211552977561951e-03,1.124728694558143616e-01,1.082961559295654297e-01,-5.402927473187446594e-02,-4.343287274241447449e-02,-5.466518923640251160e-02,-1.167649589478969574e-02,-1.456435322761535645e-01,-4.158894717693328857e-02,6.496724486351013184e-02,1.268216818571090698e-01,4.957696050405502319e-02,-8.400751650333404541e-02,-8.334973454475402832e-02,-6.330197304487228394e-02,6.757305003702640533e-03,-9.121060371398925781e-02,-1.030818372964859009e-01,-1.008167415857315063e-01,-1.789598912000656128e-02,-1.983015239238739014e-01,3.734992444515228271e-02,4.241637140512466431e-02,3.769693523645401001e-02,8.322232961654663086e-02,8.308568596839904785e-02,1.151327565312385559e-01,-4.449975863099098206e-02,1.306875497102737427e-01,6.629344075918197632e-02,4.053667560219764709e-02,6.368783861398696899e-02,-6.947141140699386597e-02,-8.277966827154159546e-02,1.054231002926826477e-01,1.242192089557647705e-02,1.103699803352355957e-01,9.018830955028533936e-02,-9.303931891918182373e-02,6.997368484735488892e-02,3.049157932400703430e-02,6.553576886653900146e-02,-1.622075401246547699e-02,-4.423149675130844116e-02,-9.101018309593200684e-03,6.238950043916702271e-02,5.954047664999961853e-02,7.354966551065444946e-02,-3.786307061091065407e-03,-9.438398480415344238e-02,-1.201653853058815002e-01,2.085004933178424835e-02,1.670619398355484009e-01,1.233869493007659912e-01,-7.270682603120803833e-02,-1.883209496736526489e-02,-1.085439547896385193e-01,-5.398422479629516602e-02,3.706636279821395874e-02,1.462995409965515137e-01,-4.228176176548004150e-02,-7.152076065540313721e-02,-5.947273969650268555e-02,1.077055260539054871e-01,-7.025672495365142822e-02,-1.341399271041154861e-02,7.358697801828384399e-02,1.105874218046665192e-02,1.340590715408325195e-01,4.969124123454093933e-02,-4.874433949589729309e-02,7.991491002030670643e-04,-5.345745012164115906e-02,-1.540550775825977325e-02,1.578700356185436249e-02,3.199655935168266296e-02,1.907004043459892273e-02,1.762705892324447632e-01,-1.183147579431533813e-01,-4.715866595506668091e-02,1.922900602221488953e-02,6.689725071191787720e-02,-1.123392730951309204e-01,1.187506392598152161e-01,1.153746843338012695e-01,-1.691314019262790680e-02,7.814753800630569458e-03,-2.047244608402252197e-01,-1.953201182186603546e-02,1.505001038312911987e-01
2.137210033833980560e-02,6.770328432321548462e-02,1.804655790328979492e-01,-1.162269786000251770e-01,1.130267828702926636e-01,1.788729578256607056e-01,1.267739534378051758e-01,-4.608960077166557312e-02,-2.319751121103763580e-02,4.618378356099128723e-02,-1.818886548280715942e-01,-1.604037731885910034e-02,7.435363251715898514e-03,-1.937894523143768311e-02,1.498471498489379883e-01,-7.867205142974853516e-02,-5.779562145471572876e-02,3.438716754317283630e-02,5.379140004515647888e-02,1.559869647026062012e-01,6.038717553019523621e-02,3.067841287702322006e-03,-1.317169368267059326e-01,2.152755260467529297e-01,2.270278334617614746e-01,-6.523667275905609131e-02,-6.416112650185823441e-03,-4.253384843468666077e-02,6.056599318981170654e-02,-5.278117954730987549e-02,2.376883290708065033e-02,6.485221441835165024e-03,5.766968056559562683e-02,8.234642446041107178e-03,-6.672027707099914551e-02,1.308820396661758423e-01,1.254605948925018311e-01,-6.391051411628723145e-02,4.895338043570518494e-02,1.086526736617088318e-01,-1.857076026499271393e-02,4.524961858987808228e-02,1.888682134449481964e-02,-3.924385458230972290e-02,-9.462764859199523926e-02,-9.676337242126464844e-02,1.065696496516466141e-02,1.167139876633882523e-02,1.688900589942932129e-02,4.213814623653888702e-03,3.132000938057899475e-02,-3.098699077963829041e-02,5.499215051531791687e-02,-6.488500162959098816e-03,-1.367528736591339111e-01,-1.754384487867355347e-01,-8.478342741727828979e-02,-8.807416260242462158e-02,-1.563818305730819702e-01,2.855084836483001709e-02,4.825104773044586182e-02,-8.929313160479068756e-03,1.149568334221839905e-01,1.356767714023590088e-01,1.426438391208648682e-01,-9.303557872772216797e-02,2.370830997824668884e-02,1.252425312995910645e-01,1.543606072664260864e-01,9.263055771589279175e-02,-5.693089589476585388e-02,-6.886164192110300064e-03,2.083507180213928223e-01,8.494415134191513062e-02,1.284057740122079849e-02,1.633185297250747681e-01,-5.354849994182586670e-02,9.216313809156417847e-02,-1.075786650180816650e-01,-5.905648227781057358e-03,-7.363034784793853760e-02,6.355194002389907837e-02,-2.850731275975704193e-02,9.001520276069641113e-02,1.024911552667617798e-01,-2.205297164618968964e-02,-4.222589358687400818e-02,9.162966907024383545e-02,-1.189053617417812347e-02,-1.159723196178674698e-02,1.024590656161308289e-01,1.384842842817306519e-01,-6.213374435901641846e-02,4.365826025605201721e-02,1.001092046499252319e-02,1.021942794322967529e-01,4.441793262958526611e-02,9.192680567502975464e-02,1.975871995091438293e-02,-6.441165506839752197e-02,-4.505823180079460144e-02,1.010399088263511658e-01,7.685858756303787231e-02,4.596743360161781311e-02,7.749579101800918579e-02,-1.494659949094057083e-02,1.004853025078773499e-01,1.044929586350917816e-02,8.920670486986637115e-03,6.519978493452072144e-02,-7.482274621725082397e-02,1.814705319702625275e-02,8.210340887308120728e-02,6.645853072404861450e-02,-1.821936108171939850e-02,-1.864881440997123718e-02,-1.846428401768207550e-02,5.597658082842826843e-02,5.015164241194725037e-02,1.057842075824737549e-01,-1.904557645320892334e-01,7.970948517322540283e-02,6.559660285711288452e-02,2.272273879498243332e-03,-7.848437130451202393e-02,-2.010656297206878662e-01,-7.076882570981979370e-02,1.301427781581878662e-01
