6.446201354265213013e-02,3.448459133505821228e-02,1.227742284536361694e-01,-1.622747033834457397e-01,7.481107115745544434e-02,9.708435833454132080e-02,-2.852896042168140411e-02,-5.259439349174499512e-02,-2.478979341685771942e-02,3.640293329954147339e-02,-1.570779085159301758e-01,-2.961222454905509949e-02,3.884463384747505188e-02,-8.389139175415039062e-02,8.437080681324005127e-02,-8.415413647890090942e-02,2.029309980571269989e-02,7.728876173496246338e-02,8.367326110601425171e-02,1.029497236013412476e-01,2.161657623946666718e-02,-1.267195492982864380e-01,-1.236272528767585754e-01,1.654296368360519409e-01,2.434762120246887207e-01,5.119664967060089111e-02,1.379917841404676437e-02,-7.907792925834655762e-02,1.709574460983276367e-02,7.406534254550933838e-02,2.259406074881553650e-02,-1.187485158443450928e-01,3.603184968233108521e-02,-8.773637004196643829e-03,-7.021012715995311737e-03,1.430039107799530029e-01,1.126202195882797241e-01,-3.033130243420600891e-02,4.394185170531272888e-02,5.225676670670509338e-02,3.346104919910430908e-02,-6.236927956342697144e-02,-3.400667756795883179e-02,-6.054445635527372360e-03,2.457931078970432281e-02,-1.384814232587814331e-01,5.889624357223510742e-02,1.501753628253936768e-01,3.677887842059135437e-03,9.894280880689620972e-02,9.705567359924316406e-02,-9.727298468351364136e-02,-7.996640354394912720e-02,-7.800598628818988800e-03,-3.908173739910125732e-02,-1.257769316434860229e-01,-1.296432167291641235e-01,-4.330112785100936890e-02,-1.590905934572219849e-01,2.417063526809215546e-02,6.773884594440460205e-02,6.223508156836032867e-03,3.990509547293186188e-03,-1.358878239989280701e-02,1.740187108516693115e-01,-7.840508222579956055e-02,7.033540308475494385e-02,6.622551381587982178e-02,5.121668428182601929e-02,9.843322634696960449e-02,2.154743671417236328e-02,1.535756792873144150e-02,2.531518638134002686e-01,1.918893158435821533e-01,1.824908703565597534e-01,1.623571962118148804e-01,-6.999310851097106934e-02,4.864521697163581848e-02,-1.102989818900823593e-02,2.208955027163028717e-02,-5.613499134778976440e-02,-1.383214257657527924e-03,5.267749540507793427e-03,-1.139963883906602859e-02,1.404244601726531982e-01,1.962293498218059540e-02,-1.448166277259588242e-02,-2.210179530084133148e-02,-7.678861171007156372e-02,-1.979619450867176056e-02,1.393392086029052734e-01,8.203132450580596924e-02,-2.851937338709831238e-02,3.210061043500900269e-02,-3.297560289502143860e-02,-5.344924330711364746e-02,3.595011681318283081e-02,5.878924205899238586e-02,4.425746574997901917e-02,-9.294191002845764160e-02,-5.337691307067871094e-02,5.498864501714706421e-02,-3.029438108205795288e-02,-1.953025348484516144e-02,1.972940750420093536e-02,-8.214496076107025146e-03,7.415514439344406128e-02,6.633571535348892212e-02,2.459012158215045929e-02,8.160834014415740967e-02,2.733670640736818314e-03,3.028937801718711853e-02,-8.360161446034908295e-03,-1.780008897185325623e-02,1.434010174125432968e-02,9.077152609825134277e-02,1.870488189160823822e-02,3.984509781002998352e-02,-3.757226839661598206e-02,6.084785982966423035e-02,-1.389041692018508911e-01,6.672760099172592163e-02,8.122657239437103271e-02,6.799384020268917084e-03,-3.288783878087997437e-02,-1.897550821304321289e-01,-3.812681883573532104e-03,1.915097385644912720e-01
3.666535019874572754e-02,4.664716124534606934e-02,1.457830816507339478e-01,-1.592721492052078247e-01,3.696535527706146240e-02,1.366178244352340698e-01,-6.466430425643920898e-02,-7.842169702053070068e-02,-3.405944909900426865e-03,1.165759339928627014e-01,-7.969818264245986938e-02,-1.732610911130905151e-02,1.395102031528949738e-02,-6.764635443687438965e-02,5.559439584612846375e-02,-1.395357400178909302e-01,4.966499283909797668e-02,8.537860959768295288e-02,5.621005594730377197e-02,7.627733051776885986e-02,1.215937361121177673e-02,-1.269208937883377075e-01,-1.126206144690513611e-01,1.732158213853836060e-01,2.175159752368927002e-01,-2.495291829109191895e-02,5.476846918463706970e-02,-7.775674760341644287e-02,4.924674052745103836e-03,5.385897308588027954e-02,9.151679463684558868e-03,-9.702993929386138916e-02,5.314074456691741943e-02,-4.286961629986763000e-02,3.197431564331054688e-02,1.410659551620483398e-01,9.116824716329574585e-02,-8.088900893926620483e-02,2.609971351921558380e-02,5.901684612035751343e-02,5.097092315554618835e-02,-4.253611341118812561e-02,-2.901147492229938507e-02,-5.228381603956222534e-03,-2.046844363212585449e-02,-5.212822183966636658e-02,1.298129260540008545e-01,1.156618371605873108e-01,5.660029873251914978e-02,1.027510166168212891e-01,9.583784639835357666e-02,-5.046820268034934998e-02,-1.242981627583503723e-01,1.742907613515853882e-02,-4.079820215702056885e-02,-9.161217510700225830e-02,-7.200091332197189331e-02,-6.371057778596878052e-02,-1.551061421632766724e-01,7.982977665960788727e-03,3.104424849152565002e-02,-5.531262233853340149e-02,-1.595403254032135010e-02,1.629279740154743195e-02,1.552432179450988770e-01,-5.816638842225074768e-02,1.103426069021224976e-01,1.179671287536621094e-01,9.372477233409881592e-02,1.151373237371444702e-01,2.442990988492965698e-02,-3.697321191430091858e-02,2.472014427185058594e-01,1.860150098800659180e-01,9.163616597652435303e-02,1.033398732542991638e-01,-3.711484745144844055e-02,3.387989476323127747e-02,-3.549315035343170166e-02,3.170618787407875061e-02,-2.164961211383342743e-02,8.560447953641414642e-03,-1.177420374006032944e-02,-3.123059868812561035e-02,9.276660159230232239e-03,-1.278613694012165070e-02,-3.555874899029731750e-02,-1.809128187596797943e-02,-7.981872558593750000e-02,-3.990688361227512360e-03,1.709658503532409668e-01,1.158800050616264343e-01,-6.271892040967941284e-02,5.516254901885986328e-02,-5.281726364046335220e-03,-6.851366907358169556e-02,7.274305075407028198e-02,4.496567696332931519e-02,3.426559269428253174e-02,-1.485102325677871704e-01,-7.131560146808624268e-02,1.018695458769798279e-01,3.406749339774250984e-03,5.932158604264259338e-02,6.491839140653610229e-02,-2.722464967519044876e-03,5.102226138114929199e-02,3.634180501103401184e-02,4.781831055879592896e-02,7.954607903957366943e-02,-5.460285395383834839e-02,3.796956315636634827e-02,2.698939852416515350e-02,7.311153225600719452e-03,-2.442243508994579315e-02,3.358560800552368164e-02,2.546138316392898560e-02,6.830466911196708679e-03,-6.166948378086090088e-02,5.978728830814361572e-02,-1.503587067127227783e-01,9.885626286268234253e-02,9.765344113111495972e-02,5.633325502276420593e-02,-8.574656397104263306e-02,-1.841656863689422607e-01,2.879696153104305267e-02,1.932695209980010986e-01
3.006478771567344666e-02,2.478645928204059601e-02,9.478400647640228271e-02,-1.782183498144149780e-01,-2.820068597793579102e-02,1.120386719703674316e-01,-4.015279188752174377e-02,-5.902252718806266785e-02,8.968993276357650757e-02,9.202053397893905640e-02,-7.463280856609344482e-02,-4.760644957423210144e-02,4.155604168772697449e-02,-1.309550553560256958e-01,4.728123545646667480e-02,-1.283619403839111328e-01,-2.076324541121721268e-03,5.195973068475723267e-02,1.043246835470199585e-01,1.573211997747421265e-01,6.883411109447479248e-02,-1.525801420211791992e-01,-8.041263371706008911e-02,1.574555486440658569e-01,2.332165092229843140e-01,-1.103174593299627304e-02,4.715893417596817017e-02,9.253592044115066528e-02,1.078697759658098221e-02,-8.010655641555786133e-02,-1.434790492057800293e-01,-8.158942312002182007e-02,2.831065468490123749e-02,-5.526178330183029175e-02,-2.161428146064281464e-02,1.606441289186477661e-01,9.563418477773666382e-02,-7.495846599340438843e-02,6.192604079842567444e-03,5.722937360405921936e-02,1.287918835878372192e-01,-6.072614714503288269e-02,1.478769723325967789e-02,4.828149452805519104e-02,-2.955957874655723572e-02,-2.023140490055084229e-01,3.624340891838073730e-02,3.745620325207710266e-02,-1.719987578690052032e-02,2.514949068427085876e-02,8.361601084470748901e-02,-2.588245086371898651e-02,-1.115607693791389465e-01,-4.347374662756919861e-02,-1.050558611750602722e-01,-1.136274784803390503e-01,-1.057691276073455811e-01,-8.030433207750320435e-02,-1.546990871429443359e-01,1.988589577376842499e-02,1.988392882049083710e-02,-7.828998379409313202e-03,6.183306872844696045e-02,3.160993382334709167e-02,1.753208786249160767e-01,-6.303639709949493408e-02,9.560769796371459961e-02,1.164045184850692749e-01,2.174934372305870056e-02,1.279937475919723511e-01,2.656840952113270760e-03,-8.992064744234085083e-02,2.767429053783416748e-01,2.143201977014541626e-01,1.409205794334411621e-01,1.482768952846527100e-01,-1.811160147190093994e-02,2.479851245880126953e-04,-4.915709048509597778e-02,2.717219758778810501e-03,5.959559231996536255e-03,6.415724754333496094e-03,6.228921562433242798e-02,1.396341715008020401e-02,1.322006881237030029e-01,4.452504217624664307e-02,-5.071927234530448914e-02,-6.203479692339897156e-02,-1.233380585908889771e-01,-6.464144587516784668e-02,1.224973201751708984e-01,8.108885586261749268e-02,5.948565527796745300e-02,6.373798102140426636e-02,6.114326044917106628e-02,1.544712460599839687e-03,5.734257772564888000e-02,6.631664000451564789e-03,3.192920237779617310e-03,-1.039259359240531921e-01,-6.873355060815811157e-02,9.257357567548751831e-02,-3.008687868714332581e-02,-3.076112642884254456e-02,7.049383595585823059e-03,-6.427526939660310745e-03,4.778994247317314148e-02,4.311506077647209167e-02,7.713782042264938354e-02,4.549798741936683655e-02,-3.614626079797744751e-02,-2.284209430217742920e-02,-1.970387436449527740e-02,-3.156399354338645935e-02,-2.018511295318603516e-04,3.796956315636634827e-02,2.964458800852298737e-02,-1.153548993170261383e-02,6.511297076940536499e-03,4.054804146289825439e-02,-1.225425526499748230e-01,4.484587535262107849e-02,1.337247043848037720e-01,8.079008758068084717e-02,-3.732409700751304626e-02,-1.788149923086166382e-01,8.943770080804824829e-02,1.988501250743865967e-01
1.091347262263298035e-01,1.263115108013153076e-01,1.626666039228439331e-01,-1.927509009838104248e-01,1.295032203197479248e-01,2.123250663280487061e-01,1.455740351229906082e-02,1.065899059176445007e-02,-1.424797922372817993e-01,-2.214832231402397156e-02,-1.550594270229339600e-01,1.032536197453737259e-02,3.924665227532386780e-02,-1.213170886039733887e-01,1.088114082813262939e-01,-1.128832697868347168e-01,4.291626438498497009e-02,2.688707225024700165e-02,6.562704592943191528e-02,1.001815125346183777e-01,4.643382504582405090e-02,-1.503715366125106812e-01,-7.658796012401580811e-02,1.394018679857254028e-01,2.531067132949829102e-01,-1.514864154160022736e-02,7.570538669824600220e-03,-8.822029829025268555e-02,5.599803477525711060e-02,5.225656181573867798e-02,9.492667019367218018e-02,-1.462007462978363037e-01,6.203114613890647888e-02,-1.867411192506551743e-03,-4.748742282390594482e-02,7.448456436395645142e-02,6.240360066294670105e-02,-1.593749076128005981e-01,2.874866127967834473e-02,5.684005469083786011e-02,9.983444586396217346e-03,-1.018566042184829712e-01,-1.089157238602638245e-01,1.196236461400985718e-01,1.211677119135856628e-01,-1.837692409753799438e-01,1.007320173084735870e-02,4.813301190733909607e-02,1.508994493633508682e-02,1.465450674295425415e-01,1.213689893484115601e-01,-7.731932401657104492e-02,1.275255624204874039e-02,-3.117489069700241089e-02,-6.934111565351486206e-02,-1.276063024997711182e-01,-1.104887351393699646e-01,-3.207533061504364014e-02,-1.570100337266921997e-01,1.582785136997699738e-02,6.727285683155059814e-02,-1.963100768625736237e-02,-1.200403552502393723e-02,-1.722216047346591949e-02,1.499178111553192139e-01,-6.171556189656257629e-02,8.229407668113708496e-02,5.299250781536102295e-02,3.606432303786277771e-02,7.103984802961349487e-02,-1.503643114119768143e-02,-8.722372353076934814e-02,2.500388920307159424e-01,1.166601553559303284e-01,8.746253699064254761e-02,1.926973462104797363e-01,-9.652729332447052002e-02,5.619366094470024109e-02,7.388442754745483398e-02,8.883251994848251343e-02,-6.799978762865066528e-02,-5.703275650739669800e-02,6.813033018261194229e-03,1.109143253415822983e-02,1.004054620862007141e-01,5.523863248527050018e-03,-1.319986730813980103e-01,-1.846976391971111298e-02,-1.598239094018936157e-01,5.620373040437698364e-02,1.992316991090774536e-01,1.117539107799530029e-01,-5.498456954956054688e-02,6.545982509851455688e-02,4.087356850504875183e-02,9.931148029863834381e-03,7.379428297281265259e-02,5.281693115830421448e-02,6.245263665914535522e-02,-1.525176167488098145e-01,8.348984643816947937e-03,7.175940275192260742e-02,-2.248914912343025208e-02,1.114953868091106415e-02,7.295071333646774292e-02,-2.732409909367561340e-02,7.968443632125854492e-02,4.231859371066093445e-02,3.232535347342491150e-02,2.580454014241695404e-02,-1.080779209733009338e-01,-3.896470740437507629e-02,1.773847825825214386e-02,2.044762112200260162e-02,-8.295643143355846405e-03,3.131866455078125000e-02,-3.602878376841545105e-02,-1.875654235482215881e-02,-2.143141115084290504e-03,2.205746993422508240e-02,-2.136241942644119263e-01,3.259259508922696114e-03,7.711035758256912231e-02,8.914823085069656372e-02,-6.686191260814666748e-02,-2.593646645545959473e-01,-6.345538049936294556e-02,1.820907294750213623e-01
1.535310298204421997e-01,1.598475128412246704e-01,1.842328906059265137e-01,-1.945304125547409058e-01,7.641087472438812256e-02,1.202594190835952759e-01,-6.725376844406127930e-02,-6.705521047115325928e-02,2.494762092828750610e-02,5.237107723951339722e-02,-1.814460158348083496e-01,-7.680718600749969482e-02,2.909449674189090729e-02,-5.047233030200004578e-02,3.815520182251930237e-02,-1.442611813545227051e-01,-4.701652750372886658e-02,-5.380771309137344360e-02,1.725567877292633057e-02,8.333162218332290649e-02,-7.025692611932754517e-03,-9.401670843362808228e-02,-1.741898655891418457e-01,1.878914088010787964e-01,2.472758144140243530e-01,-2.423324249684810638e-02,-2.414725162088871002e-02,-5.217232555150985718e-02,8.752372860908508301e-02,2.511994726955890656e-02,5.946603044867515564e-02,-3.530777245759963989e-02,1.353459358215332031e-01,-1.470197457820177078e-02,-6.880542635917663574e-02,1.349601894617080688e-01,1.302773654460906982e-01,-8.670148253440856934e-02,6.601291894912719727e-02,8.143538236618041992e-02,4.916107654571533203e-02,-4.764252156019210815e-02,-8.935093879699707031e-03,4.715066775679588318e-02,1.908833347260951996e-02,-1.456446796655654907e-01,-1.005311589688062668e-02,5.414760112762451172e-02,-1.076179929077625275e-02,6.432504951953887939e-02,1.503216922283172607e-01,-4.095485061407089233e-02,-8.185501210391521454e-03,-6.878237705677747726e-03,-3.890840709209442139e-02,-1.120894923806190491e-01,-1.447846591472625732e-01,-7.142534106969833374e-02,-1.657949090003967285e-01,-7.536947727203369141e-02,3.519952297210693359e-04,-2.326610684394836426e-02,1.056573539972305298e-01,-3.829821944236755371e-02,1.535599976778030396e-01,-7.921043038368225098e-02,1.033700704574584961e-01,-5.796039011329412460e-03,6.930122524499893188e-02,1.522663980722427368e-01,1.642353646457195282e-02,-7.935558259487152100e-02,2.541565895080566406e-01,8.964632451534271240e-02,1.397768259048461914e-01,1.955491155385971069e-01,-6.704838573932647705e-02,1.109693050384521484e-01,7.965771853923797607e-02,2.879437059164047241e-02,1.513961330056190491e-02,-7.172855734825134277e-02,-1.300085708498954773e-02,-2.502493746578693390e-02,-9.211815893650054932e-03,-7.082602381706237793e-02,3.602190874516963959e-03,-7.457232475280761719e-02,-1.290555894374847412e-01,-7.180120050907135010e-02,1.635717004537582397e-01,1.303915977478027344e-01,-9.136983007192611694e-02,5.414902791380882263e-02,6.809485703706741333e-02,1.704879291355609894e-02,4.366159066557884216e-02,6.189666315913200378e-02,-1.837976090610027313e-02,-8.884569257497787476e-02,-3.255685418844223022e-02,4.229687526822090149e-02,2.665945701301097870e-02,-2.189841354265809059e-03,9.719017148017883301e-02,-2.968052960932254791e-02,1.070737540721893311e-01,1.056122258305549622e-01,1.542383152991533279e-02,9.344672411680221558e-02,-8.927226997911930084e-03,-9.278692305088043213e-02,-2.304300852119922638e-02,-9.390074014663696289e-02,4.161325469613075256e-02,2.469517104327678680e-02,-1.464429348707199097e-01,2.000619098544120789e-02,2.269420586526393890e-02,-2.202705666422843933e-02,-1.665194481611251831e-01,7.207029312849044800e-02,3.156968206167221069e-02,8.959023281931877136e-03,-3.773991018533706665e-02,-2.149821072816848755e-01,-2.262066118419170380e-02,1.796721816062927246e-01
5.649441480636596680e-02,9.297078102827072144e-02,1.387200206518173218e-01,-9.074599295854568481e-02,1.782948225736618042e-01,1.826098561286926270e-01,5.312858894467353821e-02,2.141645736992359161e-02,-4.509894642978906631e-03,2.514467015862464905e-02,-1.520121246576309204e-01,2.969503030180931091e-02,6.081918254494667053e-02,-4.492451623082160950e-02,1.251411139965057373e-01,-9.473226964473724365e-02,5.902878567576408386e-02,7.806862890720367432e-02,1.169931981712579727e-02,6.137535721063613892e-02,1.979366317391395569e-02,-1.345539242029190063e-01,-8.458515256643295288e-02,1.716856956481933594e-01,2.314912974834442139e-01,-4.704010486602783203e-02,1.069036964327096939e-02,-1.256086677312850952e-02,3.718448802828788757e-02,3.612501174211502075e-02,1.478930469602346420e-02,-1.406071335077285767e-01,8.188915252685546875e-02,1.257183402776718140e-02,-4.447043407708406448e-03,8.872137963771820068e-02,3.368708491325378418e-02,-4.338644072413444519e-02,4.422569647431373596e-02,7.277960330247879028e-02,1.519199367612600327e-02,3.750343248248100281e-02,-1.941773481667041779e-02,5.115592852234840393e-02,1.549233216792345047e-02,-1.446326673030853271e-01,6.192519515752792358e-02,1.138962507247924805e-01,2.272622473537921906e-02,1.320221871137619019e-01,1.207084357738494873e-01,-4.127043485641479492e-02,-8.017850667238235474e-02,-3.406668826937675476e-02,-4.248979687690734863e-02,-8.035723119974136353e-02,-5.070737749338150024e-02,-7.175525277853012085e-02,-1.347474902868270874e-01,-9.620041586458683014e-03,1.841920614242553711e-02,-4.175733402371406555e-02,8.249451406300067902e-03,1.444382313638925552e-02,1.498476713895797729e-01,-9.424693137407302856e-02,1.080060303211212158e-01,1.339498441666364670e-02,2.724607661366462708e-02,1.266358643770217896e-01,1.144937146455049515e-02,-8.261353522539138794e-02,2.565243542194366455e-01,1.887826174497604370e-01,1.236178576946258545e-01,1.829096823930740356e-01,-6.654872000217437744e-02,1.581801846623420715e-02,-1.605682633817195892e-02,-1.665783673524856567e-02,-8.947894722223281860e-02,-8.760550618171691895e-02,6.449400912970304489e-03,-9.664382785558700562e-03,6.369392573833465576e-02,4.330002516508102417e-02,-7.416351139545440674e-02,-6.072567403316497803e-02,-1.466003805398941040e-01,7.148392498493194580e-02,2.145836502313613892e-01,1.470285654067993164e-01,-1.473370566964149475e-02,8.109945803880691528e-02,-3.641519695520401001e-02,1.757467538118362427e-02,2.393002994358539581e-02,6.248057633638381958e-02,5.064064264297485352e-02,-1.741437017917633057e-01,-2.961618080735206604e-02,1.216233819723129272e-01,-3.824185580015182495e-02,2.881476841866970062e-02,9.802123159170150757e-02,7.183160167187452316e-03,4.644818976521492004e-02,2.298185601830482483e-02,1.068089436739683151e-02,2.744500711560249329e-02,-3.778582811355590820e-02,-3.530857339501380920e-02,4.059722274541854858e-02,2.695735357701778412e-02,-2.372787706553936005e-02,-1.156603265553712845e-02,4.328827559947967529e-02,4.123746603727340698e-02,1.909086480736732483e-02,4.930455237627029419e-02,-1.784252077341079712e-01,6.404615193605422974e-02,9.452099353075027466e-02,2.714321389794349670e-02,-7.909170538187026978e-02,-2.343521267175674438e-01,1.035638246685266495e-02,2.218429744243621826e-01
5.111315473914146423e-02,1.060447543859481812e-01,1.604579240083694458e-01,-1.526684165000915527e-01,1.392549276351928711e-01,1.610891968011856079e-01,-9.365215897560119629e-02,-7.378640770912170410e-02,4.184030741453170776e-02,4.595479369163513184e-02,-8.195412158966064453e-02,-1.667800731956958771e-02,-5.344965029507875443e-03,-1.931811310350894928e-02,1.054532304406166077e-01,-7.729142159223556519e-02,2.017718553543090820e-02,-3.350329399108886719e-02,1.594512141309678555e-03,8.375497162342071533e-02,5.233579501509666443e-02,-6.922286748886108398e-02,-8.850899338722229004e-02,1.615633666515350342e-01,2.435791194438934326e-01,-1.451122015714645386e-02,-4.038788378238677979e-03,3.209456428885459900e-02,3.857315704226493835e-02,3.653127700090408325e-02,-2.231743186712265015e-03,-1.205305755138397217e-01,3.018001466989517212e-02,-6.162761896848678589e-02,-5.940714105963706970e-02,1.024114415049552917e-01,3.301692381501197815e-02,-8.704306930303573608e-02,-2.691351808607578278e-02,3.224821388721466064e-02,6.042562425136566162e-02,-3.846460208296775818e-02,1.879962161183357239e-02,5.608775094151496887e-02,-9.879297576844692230e-03,-1.617712527513504028e-01,2.870724163949489594e-02,6.739232689142227173e-02,7.250926457345485687e-03,6.785084307193756104e-02,1.347563266754150391e-01,1.554980594664812088e-02,-5.142344534397125244e-02,-7.012081891298294067e-02,-7.529520243406295776e-02,-1.264752149581909180e-01,-8.808799833059310913e-02,-3.157909214496612549e-02,-1.346707195043563843e-01,-4.129619523882865906e-02,-2.909092418849468231e-02,-5.610625445842742920e-02,3.177820891141891479e-02,2.167257852852344513e-02,1.934282928705215454e-01,-5.106651782989501953e-02,8.972995728254318237e-02,1.048967540264129639e-01,3.478597849607467651e-02,8.902334421873092651e-02,-2.177543565630912781e-02,-9.390796720981597900e-02,2.166000753641128540e-01,1.355865001678466797e-01,1.128060370683670044e-01,1.386764049530029297e-01,-9.264292195439338684e-03,7.330591976642608643e-02,-4.977254942059516907e-02,-2.685279399156570435e-02,-1.540425606071949005e-02,-3.140196949243545532e-02,-2.273590676486492157e-02,-2.038970962166786194e-02,4.942715913057327271e-02,1.587534509599208832e-02,-4.443003609776496887e-02,-2.619492448866367340e-02,-9.215936809778213501e-02,-8.194506913423538208e-02,1.425337940454483032e-01,1.030753627419471741e-01,-7.237277925014495850e-02,9.574408829212188721e-02,9.333989769220352173e-02,4.835591837763786316e-02,6.408339738845825195e-02,1.422306243330240250e-02,9.290785342454910278e-02,-1.090509518980979919e-01,-9.368337690830230713e-02,1.030437499284744263e-01,-2.350558526813983917e-02,-7.888076361268758774e-04,1.344688888639211655e-02,4.470526706427335739e-03,4.944401606917381287e-02,5.095751956105232239e-02,1.242111623287200928e-02,6.925626844167709351e-02,-9.204284846782684326e-02,-9.657914936542510986e-02,-2.966007404029369354e-02,-1.640491373836994171e-02,-2.035406185314059258e-03,3.505714610219001770e-02,-8.266362547874450684e-02,1.935669220983982086e-02,-2.881757216528058052e-03,3.942840173840522766e-02,-1.625315994024276733e-01,3.147390484809875488e-02,1.016568019986152649e-01,5.006228014826774597e-02,-9.720137342810630798e-03,-1.271632760763168335e-01,2.370991744101047516e-02,1.861020028591156006e-01
5.295250937342643738e-02,4.690801724791526794e-02,1.787084788084030151e-01,-1.327588111162185669e-01,3.206514939665794373e-02,2.174201607704162598e-01,9.496274590492248535e-02,9.716655313968658447e-02,6.897784769535064697e-02,3.833508864045143127e-02,-1.356468051671981812e-01,2.789638936519622803e-03,7.263286411762237549e-02,-1.497585326433181763e-01,4.370665177702903748e-02,-1.476238667964935303e-01,3.983831405639648438e-02,4.065759479999542236e-02,7.723939418792724609e-02,9.500900655984878540e-02,3.787891566753387451e-02,-8.673363924026489258e-02,-8.225532621145248413e-02,2.136724591255187988e-01,2.558242380619049072e-01,-1.439489703625440598e-02,7.562729995697736740e-03,-7.225777953863143921e-02,-3.151585161685943604e-02,-1.057019904255867004e-01,1.763312891125679016e-02,-9.114786982536315918e-03,1.202810555696487427e-01,-3.134052455425262451e-02,-4.142748564481735229e-02,1.260999441146850586e-01,9.051108360290527344e-02,-1.340167075395584106e-01,8.899768441915512085e-02,1.333839744329452515e-01,4.445267468690872192e-02,-4.150754306465387344e-03,-8.785713464021682739e-02,7.494751363992691040e-02,-3.424553200602531433e-02,-1.428558975458145142e-01,1.144960895180702209e-02,8.446058630943298340e-02,8.137194439768791199e-03,1.252378821372985840e-01,1.490181684494018555e-01,-1.217489782720804214e-02,-2.828069962561130524e-02,-4.928697366267442703e-03,-5.292103439569473267e-02,-1.812345832586288452e-01,-1.940389871597290039e-01,-5.435773730278015137e-02,-1.612763553857803345e-01,-4.539189860224723816e-03,4.469701275229454041e-02,4.134894534945487976e-02,-5.028764531016349792e-02,5.538279563188552856e-02,1.806627213954925537e-01,-1.672254875302314758e-02,4.505478218197822571e-02,1.306814849376678467e-01,1.256819218397140503e-01,1.546330899000167847e-01,-3.728135675191879272e-02,-1.206742748618125916e-01,2.646601796150207520e-01,1.715684384107589722e-01,1.294303834438323975e-01,1.294625401496887207e-01,-8.199924975633621216e-02,9.339882433414459229e-02,4.735162109136581421e-02,6.363919377326965332e-02,-7.742081582546234131e-02,-4.207794554531574249e-03,6.619604676961898804e-02,-4.635377228260040283e-02,-2.422463335096836090e-02,-3.412997350096702576e-02,-3.266102075576782227e-02,4.294389486312866211e-02,-5.085324123501777649e-02,-1.334964185953140259e-01,1.529865115880966187e-01,2.133459784090518951e-02,-1.157446429133415222e-01,7.458500564098358154e-02,2.415758930146694183e-02,2.799869515001773834e-02,5.063819885253906250e-02,4.809792712330818176e-02,6.624035071581602097e-03,-1.027794480323791504e-01,-2.572481147944927216e-02,7.932633906602859497e-02,-1.167711913585662842e-01,5.673914030194282532e-02,1.056216508150100708e-01,5.711272731423377991e-02,1.028546765446662903e-01,8.388527482748031616e-02,2.962505631148815155e-02,-5.522965220734477043e-04,-4.171508550643920898e-02,-6.213098764419555664e-02,-3.726650774478912354e-02,-6.282928586006164551e-02,2.322312630712985992e-02,5.979322642087936401e-02,-7.466891314834356308e-03,-7.662294432520866394e-03,-1.519264839589595795e-02,-2.398788928985595703e-04,-1.075352206826210022e-01,1.391484439373016357e-01,1.433840990066528320e-01,9.833277016878128052e-02,-2.754477038979530334e-02,-2.099665552377700806e-01,-9.627579152584075928e-02,1.756771206855773926e-01
8.243815600872039795e-02,1.082720384001731873e-01,1.970101594924926758e-01,-1.509500443935394287e-01,1.684380769729614258e-01,1.785149425268173218e-01,6.267435383051633835e-03,-5.475414916872978210e-02,1.726315543055534363e-02,6.702580302953720093e-02,-1.502287387847900391e-01,-7.176811341196298599e-03,3.055884130299091339e-02,-1.838739030063152313e-02,-9.590681875124573708e-04,-5.608653277158737183e-02,3.434864804148674011e-02,3.104701638221740723e-02,-2.784983068704605103e-02,9.886705875396728516e-02,3.910768777132034302e-02,-5.981914699077606201e-02,-9.918315708637237549e-02,1.811944693326950073e-01,2.227597832679748535e-01,-3.167081857100129128e-03,4.496921598911285400e-02,7.494869828224182129e-02,6.305094063282012939e-02,1.050409674644470215e-02,-8.822494745254516602e-02,-1.361407190561294556e-01,1.042685750871896744e-02,-1.267075687646865845e-01,-9.877368062734603882e-02,1.055908873677253723e-01,1.114633381366729736e-01,-1.393999904394149780e-01,4.116237163543701172e-02,5.570375919342041016e-02,8.835706859827041626e-02,-1.304734218865633011e-02,2.937397686764597893e-03,7.902874611318111420e-03,-3.354728966951370239e-02,-1.003715097904205322e-01,9.956470876932144165e-02,5.108215287327766418e-02,-3.214910253882408142e-02,7.599028199911117554e-02,1.314958035945892334e-01,-3.008318506181240082e-02,-1.129394471645355225e-01,-6.358437985181808472e-02,-5.762548372149467468e-02,-1.343289613723754883e-01,-1.233068481087684631e-01,-4.448527470231056213e-02,-1.881674230098724365e-01,2.889698371291160583e-02,7.880702614784240723e-03,-2.734277211129665375e-02,-1.697687548585236073e-03,-8.837874629534780979e-04,1.950303018093109131e-01,-5.920107290148735046e-02,8.993683755397796631e-02,8.395998924970626831e-02,-2.275791950523853302e-02,8.298936486244201660e-02,3.537388145923614502e-02,-6.544920802116394043e-02,1.966401636600494385e-01,1.696196198463439941e-01,1.634622812271118164e-01,1.774154752492904663e-01,-1.942962035536766052e-02,4.671663045883178711e-02,-1.766053773462772369e-02,-3.956349194049835205e-02,-7.713737338781356812e-02,-5.109770223498344421e-02,4.258636850863695145e-03,-2.402927726507186890e-02,6.317985802888870239e-02,-5.298609659075737000e-02,-1.402175705879926682e-02,8.572069928050041199e-03,-6.104362010955810547e-02,-5.381540581583976746e-02,1.541482359170913696e-01,1.012374982237815857e-01,-7.060495764017105103e-02,7.520331442356109619e-02,4.439972713589668274e-02,7.154029607772827148e-02,9.708280116319656372e-02,2.790244854986667633e-02,-6.605856120586395264e-03,-1.152691841125488281e-01,-1.102696433663368225e-01,1.138863414525985718e-01,-1.703338697552680969e-02,-2.753446623682975769e-02,3.946851566433906555e-02,-5.285071954131126404e-02,4.729714617133140564e-02,1.075056381523609161e-02,1.242647971957921982e-02,5.982951074838638306e-02,-4.805933311581611633e-02,-5.373951420187950134e-02,-1.641179621219635010e-02,2.228400483727455139e-02,-1.322540920227766037e-02,-1.217903941869735718e-02,4.921090602874755859e-02,5.148642510175704956e-02,-5.506690964102745056e-02,2.575206197798252106e-02,-1.273577958345413208e-01,2.780492417514324188e-02,1.144601479172706604e-01,7.849361002445220947e-02,1.627825759351253510e-02,-1.642073988914489746e-01,1.349668111652135849e-02,1.749178767204284668e-01
1.687254905700683594e-01,1.531472355127334595e-01,1.091854497790336609e-01,-1.611945629119873047e-01,1.244152858853340149e-01,1.522563248872756958e-01,-3.883490711450576782e-02,2.704937569797039032e-02,-5.367346107959747314e-03,-1.272055655717849731e-01,-1.912977099418640137e-01,6.548165110871195793e-04,6.969040632247924805e-02,-9.295307844877243042e-02,1.201557964086532593e-01,-1.495902687311172485e-01,-4.233418032526969910e-02,5.803617835044860840e-02,-6.254021823406219482e-02,2.796933241188526154e-02,-1.372623443603515625e-02,-1.889502704143524170e-01,-1.343201994895935059e-01,2.016032636165618896e-01,2.727707922458648682e-01,-3.347918018698692322e-02,-1.944147609174251556e-02,-2.396666631102561951e-02,6.994605064392089844e-02,6.925958395004272461e-02,7.808373123407363892e-02,-1.360106915235519409e-01,1.127008497714996338e-01,-3.607729822397232056e-02,8.449389040470123291e-02,1.181971952319145203e-01,4.239608719944953918e-02,-1.614360371604561806e-03,5.896223336458206177e-02,2.958226576447486877e-02,-8.263105899095535278e-02,-6.864128261804580688e-02,-4.399893060326576233e-02,1.872406899929046631e-02,9.808190912008285522e-02,-1.521047502756118774e-01,8.844713866710662842e-02,1.734674125909805298e-01,3.424053266644477844e-02,1.278650611639022827e-01,1.140751317143440247e-01,-8.585204184055328369e-02,-5.185701698064804077e-02,-2.291412092745304108e-02,-1.854657009243965149e-02,-1.284815371036529541e-01,-1.056081503629684448e-01,-7.954163849353790283e-02,-2.171771973371505737e-01,1.069665886461734772e-02,-2.079821377992630005e-02,-5.532129108905792236e-02,1.741391047835350037e-02,-3.584487363696098328e-02,2.126636356115341187e-01,-3.092741593718528748e-02,5.859155580401420593e-02,4.744103550910949707e-02,7.434856891632080078e-02,9.874788671731948853e-02,-3.851807489991188049e-02,-7.471765577793121338e-02,2.417099177837371826e-01,1.114012077450752258e-01,6.187549233436584473e-02,1.004104688763618469e-01,-4.908223077654838562e-02,5.041648074984550476e-02,3.838987648487091064e-02,7.774619758129119873e-02,-6.767965853214263916e-02,6.615273654460906982e-03,7.747947424650192261e-02,-4.228271543979644775e-02,1.108261421322822571e-01,8.565280586481094360e-02,-4.802379757165908813e-02,-7.910633087158203125e-02,-1.826257854700088501e-01,-2.587342169135808945e-03,9.022820740938186646e-02,1.051550135016441345e-01,8.764667436480522156e-03,5.086803808808326721e-02,-9.432132937945425510e-04,2.547040395438671112e-02,3.329526633024215698e-02,1.090765297412872314e-01,-3.975033760070800781e-04,-1.116201058030128479e-01,-1.298968307673931122e-02,1.619957983493804932e-01,2.460891567170619965e-02,3.428024053573608398e-02,2.896362543106079102e-02,-7.554998993873596191e-02,8.753259479999542236e-02,8.325736969709396362e-02,9.032425284385681152e-02,3.768238425254821777e-02,-1.215374097228050232e-02,-2.497114799916744232e-02,-2.333139814436435699e-02,6.285405252128839493e-03,5.013508349657058716e-02,1.009716242551803589e-01,3.882547467947006226e-02,-2.760659158229827881e-02,-2.690842188894748688e-02,6.501642521470785141e-03,-1.230451241135597229e-01,8.257272839546203613e-02,3.797554597258567810e-02,1.902794465422630310e-02,-4.086464270949363708e-02,-2.445416301488876343e-01,-5.366644635796546936e-02,1.943712979555130005e-01
1.122410744428634644e-01,2.750590443611145020e-02,1.352237164974212646e-01,-1.739269345998764038e-01,8.712813258171081543e-02,-4.535226617008447647e-03,-1.804042607545852661e-01,-9.924521297216415405e-02,-3.872251138091087341e-02,5.648301541805267334e-02,-1.257672756910324097e-01,-4.327459260821342468e-02,4.837010055780410767e-02,2.406460233032703400e-02,1.148990020155906677e-01,-8.824294805526733398e-02,-6.169382482767105103e-02,-7.445754110813140869e-02,-1.659485138952732086e-02,6.328511983156204224e-02,-1.740595698356628418e-02,-2.670764178037643433e-02,-1.599223464727401733e-01,1.353418231010437012e-01,2.030480504035949707e-01,-4.112479463219642639e-02,-2.547329664230346680e-02,-7.461719214916229248e-02,4.211885854601860046e-02,7.553488016128540039e-02,8.403151482343673706e-02,-1.303528249263763428e-01,-1.318700145930051804e-02,-5.646668002009391785e-02,2.099360153079032898e-02,8.740818500518798828e-02,-2.342939563095569611e-02,-9.749472141265869141e-02,4.584166407585144043e-02,9.154234081506729126e-02,-7.161524146795272827e-03,-3.321932256221771240e-02,3.688193112611770630e-02,1.093868445605039597e-02,-2.002126537263393402e-02,-1.732464879751205444e-01,3.995489329099655151e-02,1.075648739933967590e-01,-5.838344618678092957e-02,-2.683504484593868256e-02,9.236709028482437134e-02,-5.199623294174671173e-03,-6.800025701522827148e-02,-3.427223488688468933e-02,-8.731099963188171387e-02,-6.223756819963455200e-02,-6.755613535642623901e-02,-9.342914819717407227e-02,-1.948964297771453857e-01,-1.309424266219139099e-02,9.151919931173324585e-02,1.484690140932798386e-02,7.262598723173141479e-02,5.203855037689208984e-02,1.030052974820137024e-01,-4.969441890716552734e-02,6.179209798574447632e-02,-1.519104093313217163e-02,-8.236192166805267334e-03,1.216849088668823242e-01,-1.835938356816768646e-02,-6.073399260640144348e-02,2.328021973371505737e-01,8.745798468589782715e-02,1.450402736663818359e-01,1.761505156755447388e-01,7.446478586643934250e-03,1.310036778450012207e-01,2.865912392735481262e-02,-2.505624666810035706e-03,7.022427767515182495e-02,-2.360602468252182007e-02,-8.457291126251220703e-02,-3.673711046576499939e-02,6.875269114971160889e-02,3.451947495341300964e-02,6.918469816446304321e-02,-6.151414662599563599e-02,-7.614429295063018799e-02,-6.863912194967269897e-02,1.190625280141830444e-01,1.296288520097732544e-01,-7.239836454391479492e-02,6.947956234216690063e-02,4.510924220085144043e-02,3.005852922797203064e-03,3.943890705704689026e-02,-1.317716762423515320e-02,4.931992292404174805e-02,-8.219766616821289062e-02,-7.251967489719390869e-02,3.309857845306396484e-02,-5.272075906395912170e-02,-1.977161876857280731e-02,-4.355268925428390503e-02,-5.924769863486289978e-02,1.353403627872467041e-01,8.037099987268447876e-02,5.548926535993814468e-03,1.189286075532436371e-02,7.495500892400741577e-02,5.371203273534774780e-02,9.211745858192443848e-02,-2.596021071076393127e-02,3.940620645880699158e-02,1.630030870437622070e-01,-1.314877718687057495e-01,-2.633239328861236572e-02,-1.167005766183137894e-02,1.042438894510269165e-01,-2.007588446140289307e-01,1.362507510930299759e-02,5.198546871542930603e-02,-3.148536756634712219e-02,-1.618452556431293488e-02,-1.093785911798477173e-01,1.754148490726947784e-02,2.031217515468597412e-01
1.201514080166816711e-01,1.349456310272216797e-01,1.229109540581703186e-01,-9.614761918783187866e-02,1.906937062740325928e-01,2.004605382680892944e-01,-2.838474698364734650e-02,-1.173227652907371521e-02,-1.162801235914230347e-01,1.717532612383365631e-02,-1.533280462026596069e-01,-4.665400087833404541e-02,3.807553276419639587e-02,-1.164509430527687073e-01,7.660697400569915771e-02,-1.229209229350090027e-01,3.135019913315773010e-02,7.527309656143188477e-02,-6.516721099615097046e-03,1.076731383800506592e-01,1.486939843744039536e-02,-6.422615796327590942e-02,-9.835591167211532593e-02,1.284966468811035156e-01,2.680120468139648438e-01,-8.690375834703445435e-03,1.413584686815738678e-02,-8.169673383235931396e-02,5.413553491234779358e-02,9.035886824131011963e-02,3.023619949817657471e-02,-1.406016647815704346e-01,6.950791925191879272e-02,-4.509645327925682068e-02,-4.146012663841247559e-02,1.267112195491790771e-01,1.194119304418563843e-01,-5.981264263391494751e-02,3.294651582837104797e-02,6.764187663793563843e-02,5.502690747380256653e-02,2.508545853197574615e-02,-6.529434025287628174e-02,1.053845509886741638e-02,5.809498950839042664e-02,-1.944683641195297241e-01,-6.439865101128816605e-03,1.071334183216094971e-01,-2.954930812120437622e-02,1.439189314842224121e-01,1.831966191530227661e-01,-3.608345612883567810e-02,-7.094552367925643921e-02,-4.095636680722236633e-02,-9.256726503372192383e-02,-1.365077793598175049e-01,-1.316428780555725098e-01,-7.824225723743438721e-02,-1.626007258892059326e-01,1.557915192097425461e-02,1.898179575800895691e-02,4.116312041878700256e-02,7.471525669097900391e-02,5.984447896480560303e-02,2.015795856714248657e-01,-8.513184636831283569e-02,8.938753604888916016e-02,6.479791551828384399e-02,3.752423822879791260e-02,3.774327039718627930e-02,-3.593874722719192505e-02,-2.541143633425235748e-02,2.793857157230377197e-01,1.533532887697219849e-01,3.125873580574989319e-02,1.627758741378784180e-01,-4.893987625837326050e-02,4.596535488963127136e-02,2.348050661385059357e-02,9.893144667148590088e-02,-1.245666593313217163e-01,-3.845642553642392159e-03,2.837244421243667603e-02,-2.713511139154434204e-02,5.546346306800842285e-02,-1.018202770501375198e-02,-9.514795243740081787e-02,-6.209527328610420227e-02,-1.847224235534667969e-01,-4.716095700860023499e-02,2.021193355321884155e-01,1.591013818979263306e-01,-4.455612227320671082e-02,6.694477796554565430e-02,-8.937536738812923431e-03,3.245533630251884460e-02,2.250693179666996002e-02,7.549034059047698975e-02,6.136807799339294434e-02,-9.948030114173889160e-02,3.075484558939933777e-02,7.109583169221878052e-02,-1.108964234590530396e-01,2.301697246730327606e-02,4.936826229095458984e-02,-3.951230552047491074e-03,7.713183015584945679e-02,5.059237033128738403e-02,1.724093034863471985e-02,5.371432006359100342e-02,-7.491076737642288208e-02,-5.706011503934860229e-02,-4.169215261936187744e-02,-2.947278134524822235e-02,1.118777040392160416e-02,7.397034019231796265e-02,5.587960779666900635e-02,4.970271140336990356e-03,-2.157803624868392944e-03,1.710506901144981384e-02,-1.498966217041015625e-01,1.223932281136512756e-01,1.379863321781158447e-01,3.954599797725677490e-02,-9.031482040882110596e-02,-2.504782974720001221e-01,-2.892262302339076996e-02,1.954365521669387817e-01
