6.341230869293212891e-02,1.003148630261421204e-01,1.993533521890640259e-01,-1.705026328563690186e-01,1.001678556203842163e-01,1.772305667400360107e-01,5.506339482963085175e-03,-3.935975581407546997e-02,-2.530126646161079407e-02,1.708555780351161957e-02,-2.423902899026870728e-01,-2.057723701000213623e-02,-6.224163807928562164e-03,-6.730257719755172729e-02,4.722480103373527527e-02,-5.498282238841056824e-02,9.222125634551048279e-03,8.545713871717453003e-02,8.772955834865570068e-02,9.652613848447799683e-02,5.812590569257736206e-02,-6.617981940507888794e-02,-1.539829969406127930e-01,1.839213669300079346e-01,2.604728341102600098e-01,-2.659992314875125885e-02,6.759391166269779205e-03,-5.343766137957572937e-02,8.278278261423110962e-02,-1.340711116790771484e-02,3.119826689362525940e-02,-6.676409393548965454e-02,6.987244635820388794e-02,2.823889069259166718e-02,-1.156894937157630920e-01,7.728134840726852417e-02,5.219146981835365295e-02,-9.484414011240005493e-02,-3.380851820111274719e-03,7.482709735631942749e-02,2.599785663187503815e-02,1.095948368310928345e-02,-3.621691837906837463e-02,1.593231223523616791e-02,-5.967212095856666565e-02,-1.354341059923171997e-01,3.997215256094932556e-02,1.687902770936489105e-02,-2.379608526825904846e-02,5.055408552289009094e-02,1.081361025571823120e-01,-3.021553717553615570e-02,-7.934464514255523682e-02,-3.638234362006187439e-02,-3.885994432494044304e-03,-4.482252895832061768e-02,-1.156665012240409851e-01,-1.384795308113098145e-01,-2.123653590679168701e-01,-2.256218902766704559e-02,9.860939346253871918e-03,-7.030877284705638885e-03,4.581825807690620422e-02,6.857742369174957275e-02,2.044319063425064087e-01,-3.235956281423568726e-02,2.622649446129798889e-02,1.063152402639389038e-01,9.340111166238784790e-02,8.231836557388305664e-02,-2.697870880365371704e-02,-7.841674983501434326e-02,2.588971555233001709e-01,1.557712703943252563e-01,1.114591956138610840e-01,2.080916464328765869e-01,-1.214858610183000565e-02,1.071920171380043030e-01,-2.680645696818828583e-02,-1.446068566292524338e-02,-7.026902586221694946e-02,-2.036061836406588554e-03,1.869663037359714508e-02,-9.534058044664561749e-04,1.178871095180511475e-01,3.154023736715316772e-02,-7.535519450902938843e-02,1.662464439868927002e-02,-6.988442689180374146e-02,-2.770718373358249664e-02,1.487002968788146973e-01,5.188001692295074463e-02,-1.508085578680038452e-01,5.594687163829803467e-02,-7.048871368169784546e-02,-4.053711018059402704e-04,7.850759476423263550e-02,1.115210875868797302e-01,1.066861003637313843e-01,-9.089905023574829102e-02,-7.505235821008682251e-02,1.100910604000091553e-01,6.612475216388702393e-02,2.919829636812210083e-02,-4.716404899954795837e-02,-5.363913625478744507e-02,8.566543459892272949e-02,4.565706849098205566e-02,4.510334879159927368e-02,6.567662954330444336e-02,-2.499640360474586487e-02,2.825633808970451355e-02,3.254035860300064087e-02,-1.966774091124534607e-02,-2.158300392329692841e-02,-1.945247128605842590e-02,4.514040425419807434e-02,5.360505357384681702e-02,-6.043507158756256104e-02,1.339110918343067169e-02,-1.539597958326339722e-01,8.468312025070190430e-02,1.077240034937858582e-01,3.721594437956809998e-02,-1.009337306022644043e-01,-2.324658036231994629e-01,-1.501873321831226349e-02,1.919840276241302490e-01
2.184597402811050415e-02,4.012219980359077454e-02,1.759695820510387421e-02,-3.446035832166671753e-02,6.750063505023717880e-03,2.448864467442035675e-02,-1.742693036794662476e-02,9.576474316418170929e-03,9.263457730412483215e-03,7.102697156369686127e-03,2.294635027647018433e-02,-2.901442721486091614e-02,-3.103486821055412292e-02,-1.832944341003894806e-02,3.023465862497687340e-03,-2.902047149837017059e-02,-2.134498441591858864e-03,1.975791528820991516e-02,2.007640711963176727e-02,5.604904517531394958e-02,2.662335708737373352e-02,-3.381258994340896606e-02,-1.278271153569221497e-02,6.946859508752822876e-02,4.290299117565155029e-02,4.119193181395530701e-03,7.747136522084474564e-03,-1.855312287807464600e-02,-1.068557240068912506e-02,8.609706535935401917e-03,-2.456775121390819550e-02,-3.666082769632339478e-02,3.990276530385017395e-02,1.245642639696598053e-02,-3.590154275298118591e-02,1.174026262015104294e-02,4.021822824142873287e-04,-2.382158115506172180e-02,-2.332329750061035156e-02,-6.291424855589866638e-03,7.569763343781232834e-03,-3.092672862112522125e-02,-2.676169387996196747e-02,-4.317822866141796112e-03,-1.063137780874967575e-03,-4.736907407641410828e-02,-1.868492364883422852e-02,1.929040625691413879e-02,-4.696781281381845474e-03,-7.158334832638502121e-03,2.690546913072466850e-03,-4.250127822160720825e-02,-3.257137909531593323e-02,5.043463781476020813e-03,7.271845359355211258e-03,-1.663337461650371552e-02,-2.260758541524410248e-02,-1.690429262816905975e-02,-2.877015992999076843e-02,4.099017474800348282e-03,-2.780200541019439697e-02,1.728809438645839691e-02,-1.524634100496768951e-02,-1.357918791472911835e-02,3.555112704634666443e-02,-5.998032167553901672e-03,-2.073642564937472343e-03,1.617722585797309875e-02,3.568340465426445007e-02,3.053978458046913147e-02,-1.709830760955810547e-02,-3.355893120169639587e-02,5.352368578314781189e-02,4.930892586708068848e-02,-2.610885770991444588e-03,1.567842997610569000e-02,-1.418092940002679825e-02,4.010595846921205521e-03,-3.005076199769973755e-02,1.388540957123041153e-02,-4.510014317929744720e-03,-4.451498761773109436e-02,6.818397436290979385e-03,-1.334015838801860809e-02,-1.360412687063217163e-02,-4.498510621488094330e-03,-2.079148218035697937e-02,-8.530707098543643951e-03,-2.816301397979259491e-02,-2.354630455374717712e-02,3.118311241269111633e-02,2.916236221790313721e-02,-1.880793273448944092e-02,-1.050403621047735214e-02,-1.580475247465074062e-03,-8.418151177465915680e-03,4.109022393822669983e-02,3.088013641536235809e-02,1.187324523925781250e-04,-9.526588954031467438e-03,-1.423956919461488724e-02,-5.141749046742916107e-03,1.206735707819461823e-02,-5.552172660827636719e-05,3.349168226122856140e-02,-4.816315602511167526e-03,2.229761704802513123e-02,2.236043848097324371e-02,3.588779829442501068e-03,4.513947758823633194e-03,-9.740252047777175903e-03,8.303748443722724915e-03,-4.028327763080596924e-03,-4.439939931035041809e-02,1.727724820375442505e-02,1.295166276395320892e-02,-1.266524940729141235e-02,1.035986933857202530e-02,4.566160496324300766e-03,3.170017525553703308e-02,-3.890680149197578430e-02,7.240138947963714600e-03,-5.788768175989389420e-03,9.757356718182563782e-03,-6.607173709198832512e-04,-5.097615718841552734e-02,-1.351262070238590240e-02,5.216187238693237305e-02
7.890388369560241699e-03,5.539300851523876190e-03,5.068900808691978455e-02,-1.060725599527359009e-01,1.795795932412147522e-02,7.159423083066940308e-02,3.493013605475425720e-02,-7.366732228547334671e-03,3.416459262371063232e-02,4.942228272557258606e-02,-3.322864323854446411e-02,-1.919924654066562653e-02,1.610121876001358032e-02,-2.978733554482460022e-02,4.000735282897949219e-02,-5.115239322185516357e-02,4.980447888374328613e-02,6.918309628963470459e-02,4.749286547303199768e-02,8.618203550577163696e-02,2.620296739041805267e-02,-5.120541900396347046e-02,-3.475722670555114746e-02,9.173259139060974121e-02,1.237288415431976318e-01,9.517292492091655731e-03,3.358107805252075195e-02,-3.044111281633377075e-02,-7.794937118887901306e-03,2.894162014126777649e-02,-1.337705994956195354e-03,-9.025221318006515503e-02,-2.510609850287437439e-02,-5.763346794992685318e-03,-6.914237141609191895e-02,4.329809546470642090e-02,2.926782891154289246e-02,-3.828798234462738037e-02,2.804540097713470459e-03,-8.872186765074729919e-03,4.926385730504989624e-02,3.347278386354446411e-02,5.078092683106660843e-03,-8.877758868038654327e-03,-3.490867465734481812e-02,-8.089851588010787964e-02,2.934489026665687561e-02,5.357509851455688477e-02,2.303398028016090393e-02,5.739578232169151306e-02,6.041446700692176819e-02,-6.137022003531455994e-02,-5.967488139867782593e-02,-2.137779071927070618e-02,-6.010250002145767212e-02,-6.640087068080902100e-02,-3.359171003103256226e-02,-2.768091857433319092e-02,-8.522035926580429077e-02,2.198722213506698608e-03,-2.418898232281208038e-02,8.151588030159473419e-03,-3.111918224021792412e-03,1.897513866424560547e-04,7.778909057378768921e-02,-4.597795754671096802e-02,6.349226832389831543e-02,7.695312798023223877e-02,4.665858298540115356e-02,5.705482885241508484e-02,1.748744212090969086e-02,-3.710886090993881226e-02,1.207964569330215454e-01,5.315168201923370361e-02,3.159118071198463440e-02,7.267436385154724121e-02,-2.867829613387584686e-02,8.977945894002914429e-03,2.597951795905828476e-03,2.240979857742786407e-02,-6.649299710988998413e-02,-4.414631426334381104e-02,8.065942674875259399e-03,-1.707790046930313110e-02,4.724299535155296326e-02,2.535291202366352081e-02,1.476978976279497147e-02,1.183642167598009109e-02,-5.947944894433021545e-02,1.057207235135138035e-03,9.701705724000930786e-02,5.734017118811607361e-02,-4.355932399630546570e-02,1.221464760601520538e-02,-8.300499990582466125e-03,-4.238891974091529846e-02,3.268935903906822205e-02,3.218685835599899292e-02,2.931734547019004822e-02,-7.592263817787170410e-02,-5.966413766145706177e-03,3.245229646563529968e-02,-3.163268044590950012e-02,1.182193960994482040e-02,5.971538834273815155e-03,-5.644708406180143356e-03,6.451585143804550171e-02,3.835499659180641174e-02,-4.644837230443954468e-03,-2.029080688953399658e-02,-3.276370093226432800e-02,2.506752870976924896e-02,2.382634766399860382e-02,2.171210572123527527e-02,7.822025567293167114e-03,3.205905109643936157e-02,2.119587175548076630e-02,9.157356107607483864e-04,-6.933537125587463379e-02,1.845296099781990051e-02,-9.060431271791458130e-02,3.173646703362464905e-02,3.990579769015312195e-02,1.258697081357240677e-02,-3.064268454909324646e-02,-9.947767853736877441e-02,-7.604958023875951767e-03,1.347399204969406128e-01
1.446724124252796173e-02,2.281686663627624512e-02,3.494266793131828308e-02,-3.493085131049156189e-02,2.481963858008384705e-02,1.839528419077396393e-02,-6.139277247712016106e-04,-7.542437408119440079e-03,8.457637391984462738e-03,-3.624244127422571182e-03,-3.654576838016510010e-02,-2.816435508430004120e-02,-1.337954867631196976e-02,-1.277752593159675598e-02,1.515290141105651855e-02,-1.073894184082746506e-02,-1.110829785466194153e-02,1.192271010950207710e-03,-5.374677479267120361e-03,1.084913872182369232e-02,-2.360369078814983368e-03,-6.051644682884216309e-03,-3.020854294300079346e-02,4.234804585576057434e-02,4.617364332079887390e-02,1.257496140897274017e-02,8.420536294579505920e-03,8.444556035101413727e-03,4.693771246820688248e-03,4.687631968408823013e-03,-1.295878272503614426e-02,-3.236462175846099854e-02,1.762211322784423828e-04,-1.124838087707757950e-02,-2.215154096484184265e-02,1.599765196442604065e-02,1.536891702562570572e-02,-1.971314102411270142e-02,-6.044254172593355179e-03,6.227352656424045563e-03,1.441358355805277824e-03,-2.045584283769130707e-02,-5.426472518593072891e-03,-1.645848341286182404e-02,-6.449758540838956833e-03,-2.634213678538799286e-02,3.053514100611209869e-02,3.936770185828208923e-02,7.658271118998527527e-03,-2.241190522909164429e-03,2.736314386129379272e-02,-2.162792533636093140e-02,-2.448266185820102692e-02,-6.507692392915487289e-03,-1.894300803542137146e-02,-2.583959139883518219e-02,-2.191728726029396057e-02,-4.129534587264060974e-03,-4.032860696315765381e-02,-2.071914030238986015e-03,-4.993933252990245819e-03,-9.401430375874042511e-03,7.612587418407201767e-03,-1.017645560204982758e-02,3.672639653086662292e-02,-2.831822074949741364e-02,2.433659695088863373e-02,2.977756969630718231e-02,1.852696575224399567e-02,7.536178454756736755e-03,8.546142838895320892e-03,-1.129722129553556442e-02,3.779243305325508118e-02,3.088596835732460022e-02,3.012463450431823730e-02,2.709687314927577972e-02,-2.182202413678169250e-02,4.101968370378017426e-03,-1.199879217892885208e-02,-2.017110772430896759e-02,-1.007361803203821182e-02,-1.911991089582443237e-02,-6.786748766899108887e-03,4.702830687165260315e-03,3.779980912804603577e-02,-1.715241116471588612e-03,1.193392090499401093e-02,-1.096925791352987289e-02,-2.138193137943744659e-02,-1.283905841410160065e-02,7.701124530285596848e-03,2.032038755714893341e-03,-3.082639165222644806e-02,-3.171265125274658203e-04,-8.590218611061573029e-03,-4.666473250836133957e-03,1.866895519196987152e-02,1.320368703454732895e-02,-1.526770275086164474e-02,-2.955008111894130707e-02,-3.481303527951240540e-02,8.413949981331825256e-03,-1.523463637568056583e-03,-6.027058698236942291e-03,1.475811004638671875e-02,-2.142116241157054901e-02,9.388676844537258148e-03,1.117334887385368347e-02,7.292200345546007156e-03,-3.558590309694409370e-03,-2.285585738718509674e-02,-7.718856912106275558e-03,-1.356521248817443848e-02,-3.432468743994832039e-03,-8.454955182969570160e-03,8.999997749924659729e-03,-1.457541016861796379e-03,4.171108826994895935e-03,-8.095950819551944733e-03,2.235918864607810974e-02,-4.440419375896453857e-02,-4.077173303812742233e-03,4.681701771914958954e-03,-8.827486075460910797e-03,-1.525313314050436020e-02,-4.278144240379333496e-02,-1.290115527808666229e-02,6.996058672666549683e-02
2.506429329514503479e-03,1.122857704758644104e-01,-6.829006131738424301e-03,-1.392062753438949585e-01,-3.253532946109771729e-02,9.432352334260940552e-02,-1.132332347333431244e-02,6.948040425777435303e-02,3.904173616319894791e-03,2.242001332342624664e-02,4.681363329291343689e-02,-9.445640444755554199e-02,-7.095389068126678467e-02,-3.702047094702720642e-02,3.181676194071769714e-02,-8.627012372016906738e-02,7.436130195856094360e-02,7.134066522121429443e-02,6.448365002870559692e-02,1.441027373075485229e-01,5.341299623250961304e-02,-9.192316979169845581e-02,-5.969240888953208923e-02,2.376010268926620483e-01,9.391514956951141357e-02,4.748815204948186874e-03,1.851728186011314392e-02,-2.708940207958221436e-02,-8.927329629659652710e-02,4.190343618392944336e-02,-4.738816618919372559e-02,-9.457476437091827393e-02,1.355857700109481812e-01,5.974559113383293152e-02,-7.704865187406539917e-02,7.120607048273086548e-02,3.930955752730369568e-02,-9.424655139446258545e-02,-3.691243752837181091e-02,4.432218894362449646e-02,3.791540116071701050e-02,-1.154649630188941956e-01,8.670588955283164978e-03,-1.084061618894338608e-02,-8.213440328836441040e-02,-1.154570206999778748e-01,-1.218231674283742905e-02,1.071747466921806335e-01,8.717196434736251831e-02,1.956817694008350372e-02,1.448351051658391953e-02,-1.426442265510559082e-01,-1.490377783775329590e-01,4.993064701557159424e-02,4.803735762834548950e-02,-7.972731441259384155e-02,-1.939741708338260651e-02,-5.687395483255386353e-02,-1.657188683748245239e-01,-1.168131129816174507e-03,-2.144612744450569153e-02,7.357695698738098145e-02,-6.495872884988784790e-02,-6.277225911617279053e-02,1.444956958293914795e-01,-2.071718871593475342e-02,6.034329161047935486e-02,7.758277654647827148e-02,6.063950806856155396e-02,1.592360436916351318e-01,1.350466720759868622e-02,-5.873761698603630066e-02,2.144775688648223877e-01,2.173248529434204102e-01,7.770656049251556396e-02,8.402633666992187500e-02,2.504114247858524323e-02,2.809940464794635773e-02,-6.380280107259750366e-02,7.469374686479568481e-02,4.131470248103141785e-02,-5.434309318661689758e-02,5.248825624585151672e-02,4.443794954568147659e-03,2.910203114151954651e-02,4.046298097819089890e-03,-4.199176281690597534e-02,-6.096108350902795792e-03,-1.208407506346702576e-01,-1.112683936953544617e-01,1.024690642952919006e-01,8.357539772987365723e-02,-4.678832367062568665e-02,-7.333576679229736328e-02,-2.443080395460128784e-02,2.695565856993198395e-02,1.385498642921447754e-01,6.994996219873428345e-02,5.640557408332824707e-02,-1.482545048929750919e-03,-6.235393881797790527e-02,1.057088375091552734e-04,-1.623347774147987366e-02,3.293341770768165588e-02,1.064830720424652100e-01,-4.893676191568374634e-02,1.069066971540451050e-01,1.080750524997711182e-01,1.031201258301734924e-01,1.211285870522260666e-02,2.927491627633571625e-02,1.159404311329126358e-02,-9.913740307092666626e-02,-1.022289171814918518e-01,4.540195316076278687e-02,3.171008825302124023e-02,6.512711197137832642e-02,6.005392875522375107e-03,-1.108049880713224411e-03,1.046886965632438660e-01,-1.231171339750289917e-01,3.438040614128112793e-02,-1.982684992253780365e-02,9.525089710950851440e-02,3.520265221595764160e-03,-1.658146232366561890e-01,3.495088219642639160e-02,1.733759045600891113e-01
1.257520075887441635e-02,-2.939286082983016968e-02,3.137470036745071411e-02,-6.291048228740692139e-02,4.363773390650749207e-02,5.842794105410575867e-02,-2.354259835556149483e-03,-4.226001352071762085e-02,-1.233708672225475311e-02,9.395918808877468109e-03,-5.381904169917106628e-02,-2.071569859981536865e-02,-1.608781144022941589e-02,2.903500199317932129e-02,8.782130666077136993e-03,-2.006094530224800110e-02,2.463143132627010345e-02,2.742648497223854065e-02,2.643216773867607117e-02,4.423063620924949646e-02,2.618283405900001526e-02,1.663972251117229462e-02,-3.593190386891365051e-02,7.555128633975982666e-02,8.748940378427505493e-02,-3.390689566731452942e-02,5.835406947880983353e-03,3.448621137067675591e-03,-2.365793334320187569e-03,1.369456108659505844e-02,-2.280569635331630707e-02,-7.011950761079788208e-02,-8.222305215895175934e-03,-7.408855017274618149e-04,-6.210425402969121933e-03,3.488652780652046204e-02,-1.127886492758989334e-02,-2.596548199653625488e-02,-8.068832568824291229e-03,1.630843803286552429e-02,2.802061103284358978e-02,-2.532985992729663849e-02,-4.065955802798271179e-02,-3.267057612538337708e-02,-3.073165193200111389e-02,2.669745124876499176e-03,5.834913998842239380e-02,6.478704512119293213e-02,1.362793613225221634e-02,4.132604226469993591e-03,7.862636446952819824e-02,2.419836446642875671e-02,-3.957854583859443665e-02,-5.959112197160720825e-03,-3.447036072611808777e-02,-2.561818994581699371e-02,-3.704458102583885193e-02,-3.555324301123619080e-02,-8.200901001691818237e-02,-2.890716865658760071e-02,1.234152633696794510e-02,9.303180500864982605e-03,1.226846314966678619e-02,-4.167532082647085190e-03,7.967326790094375610e-02,-1.746336556971073151e-02,5.173146352171897888e-02,4.504205286502838135e-02,2.953301556408405304e-02,6.249547749757766724e-02,2.487619593739509583e-02,-1.052543241530656815e-02,8.520074933767318726e-02,5.651527643203735352e-02,6.598453968763351440e-02,6.372951716184616089e-02,-3.744673728942871094e-02,4.333741962909698486e-02,-6.952113937586545944e-03,1.458970271050930023e-02,-3.610968217253684998e-02,-2.602871134877204895e-02,-3.164327889680862427e-02,3.677172586321830750e-03,4.119123145937919617e-02,-8.595760911703109741e-03,3.958353307098150253e-03,-1.538655813783407211e-02,-3.885716199874877930e-02,-2.946608327329158783e-02,4.453723132610321045e-02,3.333902731537818909e-02,-2.873380668461322784e-02,1.032667234539985657e-02,-7.102189701981842518e-04,-6.257809698581695557e-03,6.857942789793014526e-03,-7.933376473374664783e-04,-1.496152486652135849e-02,-5.295227468013763428e-02,-3.506747260689735413e-02,2.612386457622051239e-02,-1.695997640490531921e-02,8.845329284667968750e-05,1.733698323369026184e-02,-3.944190964102745056e-02,2.040353044867515564e-02,-2.348193898797035217e-02,-3.975608851760625839e-03,1.179929357022047043e-02,2.107647620141506195e-02,8.416602388024330139e-03,2.783586084842681885e-02,8.662333711981773376e-03,-1.540613360702991486e-02,7.880553603172302246e-03,1.117844413965940475e-02,5.361631140112876892e-02,-3.488328680396080017e-02,3.557175397872924805e-02,-7.873307168483734131e-02,-7.258525118231773376e-03,4.234203696250915527e-02,1.629869826138019562e-02,-2.544473297894001007e-02,-6.274211406707763672e-02,-1.538328081369400024e-02,1.027435138821601868e-01
5.762738361954689026e-02,7.418187707662582397e-02,1.304026991128921509e-01,-1.933871060609817505e-01,1.293500512838363647e-01,1.816701292991638184e-01,-3.550401329994201660e-02,1.604227698408067226e-03,-6.123533472418785095e-02,2.663229405879974365e-02,-8.402124047279357910e-02,2.476471662521362305e-02,9.649715572595596313e-02,-3.274461627006530762e-02,3.201656416058540344e-02,-7.855498045682907104e-02,7.422837615013122559e-02,1.786550134420394897e-01,7.543727010488510132e-02,6.878775358200073242e-02,-1.934239082038402557e-02,-8.449149876832962036e-02,-8.917120844125747681e-02,1.559936553239822388e-01,2.322573810815811157e-01,-2.345807664096355438e-02,2.088359184563159943e-02,-1.400165557861328125e-01,-7.937796413898468018e-02,-3.053953638300299644e-03,-3.068094328045845032e-02,-1.657818406820297241e-01,4.840039834380149841e-02,-5.106526985764503479e-02,-5.643174052238464355e-02,1.199173629283905029e-01,1.484676450490951538e-01,-1.011182088404893875e-02,6.758657842874526978e-02,8.029460906982421875e-02,-2.488233335316181183e-02,-2.162232436239719391e-02,5.495909601449966431e-03,-5.509593337774276733e-02,4.378161206841468811e-02,-9.444285184144973755e-02,8.392660319805145264e-02,1.278675496578216553e-01,-3.710080310702323914e-02,1.355039179325103760e-01,1.005088090896606445e-01,-1.127230674028396606e-01,-1.114841476082801819e-01,-7.560418546199798584e-02,-5.187758058309555054e-02,-5.017640441656112671e-02,-9.805415570735931396e-02,-1.102734208106994629e-01,-1.518526524305343628e-01,3.538825362920761108e-02,4.127769172191619873e-02,-4.484027996659278870e-02,-2.753881178796291351e-02,9.691880643367767334e-02,2.348993718624114990e-01,7.083774078637361526e-03,1.802638024091720581e-01,6.276906281709671021e-02,-4.940975923091173172e-03,4.908142611384391785e-02,-2.179036103188991547e-02,4.617329686880111694e-03,2.217735797166824341e-01,1.067966520786285400e-01,1.150677576661109924e-01,1.382700204849243164e-01,-8.684495836496353149e-02,3.222552686929702759e-02,-1.511249970644712448e-02,2.708705142140388489e-02,-1.025189608335494995e-01,-6.946713477373123169e-02,-3.839713707566261292e-02,-7.879778742790222168e-03,8.033204078674316406e-02,-8.888962678611278534e-03,-2.399109117686748505e-02,1.298825256526470184e-02,-9.248997271060943604e-02,3.577063977718353271e-02,1.846950948238372803e-01,1.061169579625129700e-01,-1.035331264138221741e-01,3.749102354049682617e-02,-6.631034612655639648e-02,-2.683671377599239349e-02,8.191173523664474487e-02,9.374810755252838135e-02,1.133811622858047485e-01,-1.875339001417160034e-01,-9.166911244392395020e-02,8.842578530311584473e-02,-3.202132508158683777e-02,4.221970587968826294e-02,2.272792533040046692e-02,-2.787582576274871826e-02,1.411641836166381836e-01,5.578866600990295410e-02,4.508865997195243835e-02,6.469290703535079956e-02,-6.292338669300079346e-02,5.056865140795707703e-02,8.441634476184844971e-03,1.029702275991439819e-02,-6.165753584355115891e-03,8.421593159437179565e-02,6.187745556235313416e-02,9.449141472578048706e-02,-5.984580889344215393e-02,3.980409726500511169e-02,-1.151498332619667053e-01,6.616222858428955078e-02,5.325325950980186462e-02,1.230461746454238892e-01,-6.429337710142135620e-02,-1.252821236848831177e-01,-1.005478389561176300e-02,1.882387548685073853e-01
2.539569512009620667e-03,1.072287093847990036e-03,5.390869081020355225e-02,-5.291960760951042175e-02,4.522109776735305786e-02,3.661288321018218994e-02,1.382578630000352859e-02,-3.222612664103507996e-02,-8.950709365308284760e-03,3.008368983864784241e-02,-6.292600929737091064e-02,-1.686841994524002075e-02,3.085026890039443970e-02,-1.612764783203601837e-02,2.785125747323036194e-02,-3.028562059625983238e-03,2.328653819859027863e-02,4.855459183454513550e-02,-1.383177470415830612e-02,3.092494606971740723e-02,-8.958427235484123230e-03,-2.163316681981086731e-02,-4.749206081032752991e-02,7.031384110450744629e-02,9.176492691040039062e-02,-2.118375385180115700e-03,2.424768917262554169e-02,-6.758526433259248734e-03,2.855233149603009224e-03,2.910134755074977875e-02,-3.621204290539026260e-03,-7.396604120731353760e-02,1.002490054816007614e-03,-3.374197706580162048e-02,-1.571364887058734894e-02,4.300699010491371155e-02,2.691458910703659058e-02,-3.533979877829551697e-02,1.288819313049316406e-02,4.165171831846237183e-02,1.573995687067508698e-02,8.884076029062271118e-03,2.002295805141329765e-03,-1.561249420046806335e-02,-2.215484529733657837e-02,-2.582827582955360413e-02,8.220118284225463867e-02,9.699461609125137329e-02,-6.937601137906312943e-03,3.413310274481773376e-02,7.133445888757705688e-02,-3.504312410950660706e-02,-7.525241374969482422e-02,-1.582743413746356964e-02,-1.773370802402496338e-02,-4.532257840037345886e-02,-3.587064519524574280e-02,-1.360785309225320816e-02,-7.010794430971145630e-02,8.602613583207130432e-03,1.452200766652822495e-02,-5.480889696627855301e-03,3.671748097985982895e-03,-1.822335273027420044e-02,9.082975238561630249e-02,-2.003085613250732422e-02,6.159398704767227173e-02,2.063127607107162476e-02,-3.372894832864403725e-03,1.640050299465656281e-02,3.328549209982156754e-03,-1.054438389837741852e-02,1.001575514674186707e-01,7.629772275686264038e-02,8.728050440549850464e-02,7.940712571144104004e-02,-1.656365767121315002e-02,5.696708336472511292e-02,9.467973373830318451e-03,-9.810340590775012970e-03,-2.147260680794715881e-02,-2.161049842834472656e-02,-1.294170878827571869e-02,-1.875821128487586975e-02,5.604541674256324768e-02,-3.104031644761562347e-02,-6.636699661612510681e-03,-1.351971272379159927e-02,-2.000574395060539246e-02,-4.892608523368835449e-02,4.181564599275588989e-02,6.626210175454616547e-03,-3.196133673191070557e-02,3.738995641469955444e-02,-1.259963493794202805e-02,-1.318050548434257507e-02,6.449966691434383392e-03,8.163508027791976929e-03,7.745919283479452133e-04,-4.825289547443389893e-02,-4.630770534276962280e-02,2.356226742267608643e-02,-2.422990836203098297e-02,1.297436747699975967e-02,1.696531102061271667e-02,-2.165190503001213074e-02,-7.045863894745707512e-04,-1.097849477082490921e-02,1.297704968601465225e-02,1.027121674269437790e-02,-1.899990998208522797e-02,2.982547739520668983e-03,-1.210365165024995804e-02,-2.410645596683025360e-03,-3.184600174427032471e-02,1.217901008203625679e-03,1.656186953186988831e-02,4.745834507048130035e-03,-5.639035627245903015e-02,2.426689863204956055e-02,-8.171630650758743286e-02,3.498658770695328712e-03,2.589463070034980774e-02,3.071804763749241829e-03,-3.398881992325186729e-03,-6.156079098582267761e-02,1.893812231719493866e-02,1.181607320904731750e-01
-1.508139353245496750e-02,-3.559067146852612495e-03,7.241505384445190430e-02,-7.756250351667404175e-02,5.459013953804969788e-02,7.575421035289764404e-02,4.357550293207168579e-02,1.557527459226548672e-03,-1.243586745113134384e-02,-1.670297607779502869e-02,-8.470484614372253418e-02,-2.311863563954830170e-02,1.236846391111612320e-02,-4.461138322949409485e-02,-3.353514522314071655e-02,-5.537210404872894287e-02,4.903617873787879944e-02,3.689267486333847046e-02,-7.937770336866378784e-03,3.263095021247863770e-02,2.961166016757488251e-02,-2.314326912164688110e-02,-4.531267285346984863e-02,3.177281841635704041e-02,1.092736721038818359e-01,-2.565142884850502014e-02,9.654159075580537319e-04,-1.187635120004415512e-02,-3.125307708978652954e-02,2.207325771450996399e-02,3.762196982279419899e-03,-4.859190434217453003e-02,1.251333951950073242e-02,2.133974991738796234e-02,-4.575426131486892700e-02,2.223980054259300232e-02,4.281533136963844299e-02,-6.223877891898155212e-02,9.245697408914566040e-03,3.467435389757156372e-02,-1.175310555845499039e-02,4.238766804337501526e-02,2.762481570243835449e-02,-1.473916042596101761e-02,1.761367358267307281e-02,-2.418496087193489075e-02,3.649052605032920837e-02,7.300133258104324341e-02,-4.063560068607330322e-02,3.548251837491989136e-02,5.236685276031494141e-02,-2.511539310216903687e-02,-3.501181304454803467e-02,-3.463872522115707397e-02,-3.771392628550529480e-02,-4.389729350805282593e-02,-5.449051037430763245e-02,-3.719938220456242561e-03,-7.497358322143554688e-02,-2.333163656294345856e-02,4.599240142852067947e-03,3.053820505738258362e-02,-5.114808678627014160e-03,1.857981830835342407e-02,6.879159808158874512e-02,-5.627381056547164917e-02,1.085101533681154251e-02,1.642055436968803406e-02,-2.737106382846832275e-02,5.193782504647970200e-03,-1.634782738983631134e-02,-4.304762557148933411e-02,1.181598007678985596e-01,7.204402983188629150e-02,5.599102377891540527e-02,8.453173935413360596e-02,-3.980135917663574219e-02,2.867838367819786072e-02,3.032650798559188843e-02,2.882697619497776031e-02,-8.880913257598876953e-02,-1.801030524075031281e-02,1.334927510470151901e-02,-1.509429514408111572e-02,-9.952480904757976532e-04,4.684521630406379700e-02,-1.665089465677738190e-02,-1.500252354890108109e-02,-4.339015856385231018e-02,-1.611256971955299377e-02,9.233077615499496460e-02,4.208017885684967041e-02,-2.982217445969581604e-02,-7.157857995480298996e-03,-4.570143669843673706e-02,-1.862775161862373352e-02,3.565685451030731201e-02,1.727111078798770905e-02,3.035661391913890839e-02,-1.020748168230056763e-01,-2.877894416451454163e-02,3.822382166981697083e-02,-2.279619500041007996e-02,8.346422575414180756e-03,-1.903977245092391968e-02,-1.265824586153030396e-02,4.488665238022804260e-02,4.988102987408638000e-02,1.371887698769569397e-02,2.341527678072452545e-02,-5.777204874902963638e-03,2.408187650144100189e-02,3.543376922607421875e-02,-2.534213103353977203e-02,-3.672314342111349106e-03,1.140206470154225826e-03,1.362948492169380188e-02,3.030885383486747742e-02,-1.302120834589004517e-02,-7.541244849562644958e-03,-6.765326112508773804e-02,1.967879198491573334e-02,1.507945638149976730e-02,3.837535157799720764e-02,2.031615749001502991e-02,-6.574478745460510254e-02,-1.933220401406288147e-02,1.072225719690322876e-01
1.711961068212985992e-02,4.766288772225379944e-02,1.344818621873855591e-01,-1.378726512193679810e-01,6.835770606994628906e-02,8.278831094503402710e-02,-1.545294281095266342e-02,-3.275033086538314819e-02,-1.704229786992073059e-02,5.750823765993118286e-02,-1.047796010971069336e-01,-1.727766543626785278e-02,2.560571208596229553e-02,-3.649788349866867065e-02,8.968725055456161499e-02,-5.442376807332038879e-02,4.317735135555267334e-02,7.259283959865570068e-02,3.753575310111045837e-02,6.639947742223739624e-02,2.597462758421897888e-02,7.279029116034507751e-03,-9.113130718469619751e-02,1.314042359590530396e-01,1.654260307550430298e-01,1.530789770185947418e-02,5.387261509895324707e-02,-1.702817343175411224e-02,5.803698208183050156e-03,1.234325673431158066e-02,2.452093176543712616e-02,-9.549504518508911133e-02,1.970739290118217468e-02,-7.055789977312088013e-02,-4.366712272167205811e-02,9.902927279472351074e-02,5.381832271814346313e-02,-5.341432616114616394e-02,7.257280498743057251e-02,9.404500573873519897e-02,1.765979267656803131e-02,-1.479535456746816635e-02,-4.889789968729019165e-02,-4.035511612892150879e-02,-6.770370155572891235e-02,-1.081180647015571594e-01,1.162878274917602539e-01,1.348591297864913940e-01,1.900473609566688538e-02,4.693153873085975647e-02,1.397992074489593506e-01,-4.449609667062759399e-02,-1.092910990118980408e-01,-2.123700827360153198e-02,-9.095474332571029663e-02,-8.521179109811782837e-02,-4.372800886631011963e-02,-4.587030783295631409e-02,-1.527264267206192017e-01,-1.631841994822025299e-02,2.727758139371871948e-02,2.209857665002346039e-02,1.181162986904382706e-02,1.482991781085729599e-02,1.670975238084793091e-01,-7.171871513128280640e-02,7.896570861339569092e-02,7.051330059766769409e-02,5.212911590933799744e-02,7.422927021980285645e-02,8.725688792765140533e-03,-6.556502729654312134e-02,1.563662886619567871e-01,1.201798766851425171e-01,1.202168166637420654e-01,1.501255482435226440e-01,3.024121513590216637e-03,6.074631214141845703e-02,-2.859494881704449654e-03,4.065167158842086792e-02,-4.814508184790611267e-02,-2.892050705850124359e-02,1.590576581656932831e-02,-1.443729549646377563e-02,6.545811146497726440e-02,-6.433540582656860352e-02,-2.173479646444320679e-03,2.367718145251274109e-02,-1.583366096019744873e-02,-4.481470212340354919e-02,1.092698350548744202e-01,6.708090007305145264e-02,-5.245951935648918152e-02,7.514057308435440063e-02,2.892884612083435059e-02,-2.511227503418922424e-03,9.467216581106185913e-02,6.895966082811355591e-02,-2.338196150958538055e-03,-1.259370744228363037e-01,-2.038932032883167267e-02,6.113678961992263794e-02,-6.029483303427696228e-02,1.405635103583335876e-02,5.323102325201034546e-02,-2.592212148010730743e-02,8.193802088499069214e-02,3.778469562530517578e-02,1.989209279417991638e-02,3.088087588548660278e-02,-4.578242450952529907e-02,-1.319528371095657349e-02,1.626639044843614101e-03,2.937463857233524323e-02,-3.286810219287872314e-02,4.610545188188552856e-02,1.468281634151935577e-02,4.970726743340492249e-02,-5.773490667343139648e-02,7.125108689069747925e-02,-1.772218644618988037e-01,2.897011674940586090e-02,5.797549709677696228e-02,1.225025579333305359e-02,-7.219421863555908203e-02,-1.626785397529602051e-01,-4.087338969111442566e-02,1.497771888971328735e-01
1.696364209055900574e-02,8.001251518726348877e-02,2.186286002397537231e-01,-1.153531596064567566e-01,1.035020053386688232e-01,1.680109053850173950e-01,2.388988062739372253e-02,8.243320044130086899e-04,-5.819045472890138626e-03,5.176527425646781921e-03,-1.363179534673690796e-01,-1.428387593477964401e-02,3.524755686521530151e-02,4.693264607340097427e-03,-4.528789315372705460e-03,-9.370553493499755859e-02,4.569525644183158875e-02,1.665104366838932037e-02,-9.084003977477550507e-03,1.174940615892410278e-01,4.177637025713920593e-02,-4.174724593758583069e-02,-9.992035478353500366e-02,1.808177232742309570e-01,2.119273841381072998e-01,-3.054907312616705894e-03,2.607591636478900909e-02,-4.662653058767318726e-02,3.395523875951766968e-02,-1.901462674140930176e-02,-1.846982352435588837e-02,-1.339629590511322021e-01,-6.269015371799468994e-03,-9.070100635290145874e-02,-9.435880929231643677e-02,8.460038900375366211e-02,8.176893740892410278e-02,-8.186206966638565063e-02,5.589754320681095123e-03,1.144688650965690613e-01,4.048490524291992188e-02,-1.034523732960224152e-02,-3.990371152758598328e-02,-6.112379487603902817e-03,-7.225834298878908157e-03,-1.381021142005920410e-01,1.390537619590759277e-01,1.167235523462295532e-01,-2.053830027580261230e-02,6.467433273792266846e-02,1.100657135248184204e-01,-7.654912024736404419e-02,-8.692133426666259766e-02,-2.871129289269447327e-02,-6.787804514169692993e-02,-1.066123619675636292e-01,-1.228027790784835815e-01,-7.035081833600997925e-02,-1.338911801576614380e-01,-2.547219395637512207e-02,-3.589535132050514221e-02,-1.435011439025402069e-02,-2.899953909218311310e-02,6.381007283926010132e-02,1.875800341367721558e-01,-6.268267333507537842e-02,8.385269343852996826e-02,1.000587865710258484e-01,5.917201936244964600e-02,1.229405775666236877e-01,2.118505537509918213e-02,-1.044946610927581787e-01,1.897346079349517822e-01,1.272806227207183838e-01,1.226117014884948730e-01,1.243198662996292114e-01,-3.080644644796848297e-02,9.079720824956893921e-02,2.033319510519504547e-02,2.626792155206203461e-02,-8.136235922574996948e-02,3.444735333323478699e-02,2.644565701484680176e-02,-8.862053044140338898e-03,3.890775516629219055e-02,-2.551773190498352051e-02,2.168502658605575562e-03,4.343154374510049820e-03,-2.452760562300682068e-02,-9.268143773078918457e-02,1.689238995313644409e-01,8.707052469253540039e-02,-1.183680370450019836e-01,1.121453009545803070e-02,1.587939634919166565e-02,1.239391136914491653e-02,1.367507129907608032e-01,7.817404717206954956e-02,6.476754695177078247e-02,-1.506311744451522827e-01,-6.568700820207595825e-02,1.164379045367240906e-01,-2.418758161365985870e-02,3.471352532505989075e-02,3.634394332766532898e-02,-5.578064545989036560e-02,7.754997909069061279e-02,1.049180328845977783e-01,5.442575737833976746e-02,3.880354389548301697e-02,-2.933714911341667175e-02,4.473951458930969238e-02,2.807252109050750732e-03,5.146948248147964478e-02,-2.529635466635227203e-02,2.624674327671527863e-02,4.160558804869651794e-03,2.081885747611522675e-02,-5.325278639793395996e-02,3.437388688325881958e-02,-1.429373770952224731e-01,5.651830136775970459e-02,1.094208210706710815e-01,1.287352740764617920e-01,1.123476307839155197e-02,-1.688195168972015381e-01,-3.689106926321983337e-02,1.767311245203018188e-01
9.563359618186950684e-02,5.115025117993354797e-02,1.083698123693466187e-01,-9.753171354532241821e-02,1.392314881086349487e-01,1.039712652564048767e-01,-2.783261239528656006e-03,5.030621960759162903e-02,6.810969114303588867e-02,-5.129083525389432907e-03,-6.207122653722763062e-02,-5.966497212648391724e-02,4.108977317810058594e-02,-6.567012518644332886e-02,7.327096536755561829e-03,-7.549152523279190063e-02,-6.027803756296634674e-03,5.890696495771408081e-02,4.886510968208312988e-02,6.457628309726715088e-02,-1.300919987261295319e-02,-6.254638731479644775e-02,-5.430479720234870911e-02,1.719203144311904907e-01,2.112618684768676758e-01,-3.144142031669616699e-02,-3.940010443329811096e-02,-5.217919498682022095e-02,4.486411344259977341e-03,-4.551050718873739243e-03,1.190155046060681343e-03,-9.344931691884994507e-02,1.959082670509815216e-03,8.893015794456005096e-03,-5.828312411904335022e-02,7.849971204996109009e-02,3.491251170635223389e-02,-8.332804590463638306e-02,-3.705773502588272095e-02,4.254128783941268921e-02,5.689997598528862000e-02,1.333938259631395340e-02,7.539987564086914062e-05,-5.512240808457136154e-03,-5.934156477451324463e-02,-1.334871947765350342e-01,3.057291032746434212e-03,6.221631169319152832e-02,-4.896865785121917725e-02,7.222612202167510986e-02,3.664436936378479004e-02,-8.863695710897445679e-02,-4.781271517276763916e-02,-3.244390338659286499e-02,-1.282441169023513794e-01,-1.044559478759765625e-01,-9.069009870290756226e-02,-3.837249428033828735e-02,-1.433521360158920288e-01,-1.315499842166900635e-02,-1.299430057406425476e-02,-2.609536051750183105e-02,5.068208277225494385e-02,5.292465910315513611e-02,1.741437315940856934e-01,-4.624234139919281006e-02,6.705580651760101318e-02,6.770957261323928833e-02,2.560964226722717285e-02,7.012511789798736572e-02,-2.330042049288749695e-02,-4.680387675762176514e-02,1.911205500364303589e-01,5.444459989666938782e-02,1.009451970458030701e-01,1.034958735108375549e-01,-3.093602135777473450e-02,6.750540435314178467e-02,9.111452102661132812e-02,7.875110954046249390e-02,-6.415475159883499146e-02,-8.466323465108871460e-02,-8.428403176367282867e-03,2.377331256866455078e-04,9.184205532073974609e-02,1.244826242327690125e-02,6.931163836270570755e-03,-3.446741774678230286e-02,-1.305490285158157349e-01,-6.448225677013397217e-02,1.013503223657608032e-01,7.651847600936889648e-02,-3.448813408613204956e-02,4.969026148319244385e-02,-1.800598576664924622e-02,4.640426021069288254e-03,2.138163335621356964e-02,1.027035247534513474e-02,4.138851538300514221e-02,-4.187139868736267090e-02,-7.134240865707397461e-02,7.548920810222625732e-02,-3.170542046427726746e-02,-2.994356863200664520e-02,2.742968732491135597e-03,-4.393104836344718933e-02,1.031292304396629333e-01,1.903268136084079742e-02,9.933531284332275391e-03,3.549713641405105591e-02,-3.578930348157882690e-02,3.935993462800979614e-02,7.569459080696105957e-02,1.597792841494083405e-02,-7.108448771759867668e-04,6.495329737663269043e-02,-1.768258400261402130e-02,2.215690165758132935e-02,-1.920853927731513977e-02,2.267877571284770966e-02,-1.072913035750389099e-01,9.779622405767440796e-02,1.035432815551757812e-01,4.053870216012001038e-02,-5.589101463556289673e-02,-1.764280498027801514e-01,-1.093495916575193405e-02,1.653383821249008179e-01
8.443178981542587280e-02,9.315138310194015503e-02,7.220092415809631348e-02,-9.287685900926589966e-02,1.591345518827438354e-01,1.405682712793350220e-01,-4.992924258112907410e-02,-6.847656518220901489e-02,-3.801857307553291321e-02,1.794077083468437195e-02,-9.858607500791549683e-02,-4.141186922788619995e-02,3.470203652977943420e-02,-7.562582194805145264e-02,2.329145558178424835e-02,-9.214609116315841675e-02,2.615206688642501831e-02,1.269776821136474609e-01,5.404645204544067383e-02,6.515800952911376953e-02,4.343492537736892700e-02,-5.066293850541114807e-02,-3.522679442539811134e-03,1.397472470998764038e-01,2.119498997926712036e-01,2.799812704324722290e-02,1.905133016407489777e-02,-5.028494074940681458e-02,1.579293236136436462e-02,3.801634162664413452e-02,-4.214887041598558426e-03,-1.465725600719451904e-01,3.729954361915588379e-02,-7.097432017326354980e-02,-1.170892417430877686e-01,1.129472628235816956e-01,7.136210054159164429e-02,-1.015880256891250610e-01,6.127846986055374146e-02,1.064112856984138489e-01,5.955101549625396729e-02,-1.019006296992301941e-01,-1.051837019622325897e-02,7.837395370006561279e-02,-2.508542872965335846e-02,-5.102178454399108887e-02,1.021750271320343018e-01,1.439295262098312378e-01,-2.554852887988090515e-02,9.977036714553833008e-02,1.182194873690605164e-01,-3.782323375344276428e-02,-1.440239697694778442e-01,-3.472543507814407349e-02,-2.973057888448238373e-02,-1.595421880483627319e-01,-1.434504687786102295e-01,-1.125037595629692078e-01,-1.542652100324630737e-01,9.009713307023048401e-03,3.254622220993041992e-02,2.786605618894100189e-02,-3.875982761383056641e-02,2.372263371944427490e-02,1.643136590719223022e-01,-3.742573037743568420e-02,9.818663448095321655e-02,1.164503395557403564e-01,-2.716501243412494659e-02,9.850878268480300903e-02,-2.341447211802005768e-02,-6.337288767099380493e-03,2.295998334884643555e-01,1.567663848400115967e-01,1.730120033025741577e-01,1.443685889244079590e-01,-9.599657729268074036e-03,2.573916688561439514e-02,-2.972024865448474884e-02,-1.436462346464395523e-02,-5.137586221098899841e-02,-2.208138816058635712e-02,4.774382337927818298e-02,-2.250377461314201355e-02,1.083317399024963379e-01,6.260495632886886597e-02,-7.297457009553909302e-02,3.076219931244850159e-02,-1.318573653697967529e-01,-7.686685770750045776e-02,1.544001102447509766e-01,4.671701416373252869e-02,1.997270621359348297e-02,7.952982187271118164e-02,-3.985518589615821838e-02,5.081864073872566223e-02,8.970369398593902588e-02,5.794668570160865784e-02,1.033138930797576904e-01,-9.442997723817825317e-02,-8.240111172199249268e-02,1.224629878997802734e-01,-6.512133032083511353e-02,1.464056503027677536e-02,4.265787079930305481e-02,-2.596980147063732147e-02,1.105129048228263855e-01,5.618076398968696594e-02,3.483720868825912476e-02,1.520281005650758743e-02,-1.019972562789916992e-01,-2.252373471856117249e-02,-2.011361531913280487e-02,-2.632524818181991577e-02,-7.222644984722137451e-03,1.001472324132919312e-01,5.125187709927558899e-02,1.662235148251056671e-02,-4.357151687145233154e-02,7.902523875236511230e-02,-9.470786899328231812e-02,3.365803137421607971e-02,1.377491801977157593e-01,8.822287619113922119e-02,-8.015543967485427856e-02,-1.766546219587326050e-01,9.454503655433654785e-03,1.726670265197753906e-01
2.013017795979976654e-02,3.007258661091327667e-02,1.340488940477371216e-01,-2.227477729320526123e-01,6.583335995674133301e-02,1.314897537231445312e-01,-4.900692729279398918e-04,-3.432631865143775940e-02,-9.886270388960838318e-03,3.461006283760070801e-02,-7.945074886083602905e-02,5.988733842968940735e-03,5.688306875526905060e-03,-5.454295128583908081e-02,1.046401187777519226e-01,-9.629781544208526611e-02,7.139144837856292725e-02,7.417600601911544800e-02,2.612541057169437408e-02,1.667421311140060425e-01,4.912726953625679016e-02,-7.400635629892349243e-02,-8.029443770647048950e-02,2.188270986080169678e-01,1.896699517965316772e-01,1.262320484966039658e-02,-1.182944886386394501e-02,-1.006888300180435181e-01,-2.238221466541290283e-02,6.688230484724044800e-02,7.530724257230758667e-02,-1.198077723383903503e-01,7.108684629201889038e-02,1.388692762702703476e-02,-7.100657373666763306e-02,7.799214124679565430e-02,7.163564860820770264e-02,-8.272607624530792236e-02,-2.268318273127079010e-02,7.143852300941944122e-03,8.613194338977336884e-03,4.114222899079322815e-02,-3.679339215159416199e-02,-5.255858879536390305e-03,-2.587438188493251801e-02,-1.341426968574523926e-01,5.715145915746688843e-02,6.355335563421249390e-02,-1.342504168860614300e-03,7.959826290607452393e-02,6.279910355806350708e-02,-9.888485819101333618e-02,-1.219378858804702759e-01,-3.130229189991950989e-02,-5.934527888894081116e-02,-1.455379873514175415e-01,-9.151940792798995972e-02,-6.196803227066993713e-02,-1.773093491792678833e-01,1.362272165715694427e-02,-1.481203921139240265e-02,5.834869295358657837e-02,-6.165664177387952805e-03,1.284579187631607056e-02,1.471232026815414429e-01,-7.795574516057968140e-02,6.323581188917160034e-02,1.041230857372283936e-01,1.045526638627052307e-01,9.321833401918411255e-02,1.430050376802682877e-02,-2.251405268907546997e-02,2.051817476749420166e-01,1.266131997108459473e-01,1.173474788665771484e-01,1.565535813570022583e-01,-1.100018806755542755e-02,6.169603019952774048e-02,-2.522994019091129303e-02,6.202309578657150269e-02,-2.965310774743556976e-02,-1.092929244041442871e-01,8.340700529515743256e-03,-3.195833042263984680e-02,6.170099228620529175e-02,-3.245914727449417114e-02,-4.018013551831245422e-02,8.714007213711738586e-03,-1.056684479117393494e-01,-8.236936293542385101e-03,1.419231593608856201e-01,9.655581414699554443e-02,-1.041822209954261780e-01,4.560567438602447510e-02,-3.912598639726638794e-02,-1.586447097361087799e-02,3.185332566499710083e-02,4.428935050964355469e-02,4.393459111452102661e-02,-5.755829066038131714e-02,-2.536890469491481781e-02,5.742756649851799011e-02,1.476316363550722599e-03,4.116749856621026993e-03,6.733936816453933716e-02,1.968439109623432159e-02,1.346357464790344238e-01,9.878534078598022461e-02,-9.599920595064759254e-04,1.231789775192737579e-02,-1.919552125036716461e-02,4.637506231665611267e-02,5.442534387111663818e-02,-1.354188378900289536e-02,-2.154130116105079651e-02,9.799543768167495728e-02,3.951641917228698730e-02,6.736093014478683472e-02,-5.698386952280998230e-02,3.692490980029106140e-02,-1.478080749511718750e-01,5.961596593260765076e-02,8.616020530462265015e-02,2.031338587403297424e-02,-3.716859221458435059e-02,-1.872630864381790161e-01,-4.310688003897666931e-02,1.663631498813629150e-01
2.243520505726337433e-02,1.831612549722194672e-02,7.230293005704879761e-02,-9.378163516521453857e-02,3.817391768097877502e-02,8.454437553882598877e-02,-3.180731320753693581e-03,-1.138744968920946121e-02,7.439326494932174683e-03,1.565662212669849396e-02,-7.474115490913391113e-02,-4.822274297475814819e-02,-1.049110479652881622e-02,-4.051662515848875046e-03,1.198842283338308334e-02,-3.270034492015838623e-02,3.459050133824348450e-02,5.519044771790504456e-02,3.984072804450988770e-02,5.322255566716194153e-02,8.439876139163970947e-03,-2.161109447479248047e-02,-4.198938608169555664e-02,8.231615275144577026e-02,1.176586151123046875e-01,-1.017391216009855270e-03,2.365022711455821991e-02,-4.516134783625602722e-02,1.584349386394023895e-02,5.294898524880409241e-03,1.266300678253173828e-04,-1.007978916168212891e-01,-9.891871362924575806e-03,-2.266808040440082550e-02,-2.729348652064800262e-02,5.072372779250144958e-02,3.561967983841896057e-02,-5.503045022487640381e-02,1.631109393201768398e-03,2.154487371444702148e-02,3.586686775088310242e-02,1.168686524033546448e-02,-2.114269696176052094e-02,-3.743779845535755157e-03,-1.180266030132770538e-02,-4.846295341849327087e-02,2.720456197857856750e-02,2.250198833644390106e-02,4.018433392047882080e-03,6.022208184003829956e-02,6.680560857057571411e-02,-2.610432729125022888e-02,-5.123431608080863953e-02,-2.593456953763961792e-02,-2.139762975275516510e-02,-6.116006150841712952e-02,-7.707300037145614624e-02,-4.325576499104499817e-02,-9.417308866977691650e-02,-2.774444036185741425e-02,3.030797233805060387e-03,1.936373533681035042e-03,-1.110168360173702240e-02,1.294734049588441849e-02,9.258372336626052856e-02,-3.445289283990859985e-02,3.585281968116760254e-02,4.332099854946136475e-02,1.674849912524223328e-02,3.974681347608566284e-02,1.436468306928873062e-02,-6.049172580242156982e-02,9.026896953582763672e-02,5.205344408750534058e-02,3.173066303133964539e-02,7.415623962879180908e-02,-2.066340995952486992e-03,3.867638483643531799e-02,1.024585869163274765e-02,1.153414882719516754e-02,-2.097575739026069641e-02,7.012728136032819748e-03,6.651898846030235291e-03,-2.459795400500297546e-02,-1.683076284825801849e-02,-4.423158988356590271e-02,-1.602053269743919373e-02,-1.658269390463829041e-02,-2.591828070580959320e-02,1.706035062670707703e-02,1.037779301404953003e-01,4.483701288700103760e-02,-4.271074011921882629e-02,2.434115111827850342e-02,4.794947803020477295e-03,-1.656985469162464142e-02,2.048172987997531891e-02,2.678527869284152985e-02,3.401623293757438660e-02,-4.724421352148056030e-02,-2.323760092258453369e-02,6.117909774184226990e-02,-1.002513431012630463e-02,-3.760159015655517578e-04,7.880433462560176849e-03,-8.663615211844444275e-03,4.328330978751182556e-02,2.202244102954864502e-02,-9.404201991856098175e-03,5.794608499854803085e-03,-3.412262769415974617e-03,1.142410375177860260e-02,2.731049247086048126e-02,1.462682988494634628e-02,-3.109825775027275085e-02,3.011894784867763519e-02,4.856550320982933044e-02,4.536900296807289124e-02,-2.325594797730445862e-02,1.445186696946620941e-02,-6.867384910583496094e-02,3.212788328528404236e-02,5.639338493347167969e-02,3.959962632507085800e-03,-5.364700779318809509e-02,-8.487905561923980713e-02,-4.918952472507953644e-03,1.175816133618354797e-01
5.199057050049304962e-03,6.653299555182456970e-03,1.446256414055824280e-02,-3.032507747411727905e-02,2.711980789899826050e-02,2.241575345396995544e-02,1.241862773895263672e-04,-8.654735982418060303e-03,-2.622240455821156502e-03,1.229259930551052094e-02,-2.333982847630977631e-02,-3.287333063781261444e-03,2.878210740163922310e-03,-9.183951653540134430e-03,-1.351813506335020065e-02,-2.087036333978176117e-02,1.445809472352266312e-02,7.685181219130754471e-03,1.106216944754123688e-02,1.497293822467327118e-02,4.026211798191070557e-03,-4.337402526289224625e-03,-2.124597504734992981e-02,3.819433227181434631e-02,4.454553127288818359e-02,2.763681113719940186e-03,6.945408415049314499e-03,-4.196201451122760773e-03,-4.848352167755365372e-03,-2.037287689745426178e-02,-2.050448954105377197e-02,-3.005540557205677032e-02,-1.614718232303857803e-03,-9.953347966074943542e-03,-4.911620635539293289e-03,9.909125044941902161e-03,2.686195774003863335e-03,-2.193602547049522400e-02,3.040453186258673668e-03,-1.357081625610589981e-02,-1.183281652629375458e-02,-5.790466908365488052e-03,-1.529662520624697208e-03,-1.805073395371437073e-02,-3.064185380935668945e-02,-2.793657593429088593e-02,3.592291474342346191e-02,3.649026155471801758e-02,1.782350614666938782e-02,1.769807748496532440e-02,2.193125709891319275e-02,-3.072384931147098541e-02,-4.950594529509544373e-02,-1.841941475868225098e-02,-2.625201456248760223e-02,-1.997398771345615387e-02,-2.412247285246849060e-02,-9.362185373902320862e-03,-3.858011960983276367e-02,-1.120144966989755630e-02,-2.256717300042510033e-03,-2.041151560842990875e-02,-3.427581163123250008e-03,-8.774024434387683868e-03,4.707900434732437134e-02,-2.651710249483585358e-02,1.341149117797613144e-02,3.112529031932353973e-02,1.608888432383537292e-02,2.650667913258075714e-02,7.390973623842000961e-04,-1.535569038242101669e-02,4.828661307692527771e-02,3.792197629809379578e-02,3.216435015201568604e-02,3.804940357804298401e-02,-1.087667327374219894e-02,1.024907641112804413e-02,-1.421832572668790817e-02,-1.198413129895925522e-02,8.279380854219198227e-04,-2.153894677758216858e-02,-5.180133040994405746e-03,-9.101673960685729980e-03,1.421412359923124313e-02,1.845446997322142124e-03,-8.260359987616539001e-03,-5.975860171020030975e-03,-9.517501108348369598e-03,1.600740943104028702e-03,3.362334892153739929e-02,-1.227299124002456665e-02,-1.561869028955698013e-02,-3.213126212358474731e-03,-9.575996547937393188e-03,-1.031308900564908981e-03,3.156780824065208435e-02,3.551059216260910034e-02,-4.338323196861892939e-04,-4.550006985664367676e-02,-2.955014072358608246e-02,1.805752702057361603e-02,-1.119042281061410904e-02,6.248123478144407272e-03,4.871686920523643494e-03,-1.485542394220829010e-02,6.282329559326171875e-05,8.129326626658439636e-03,2.280771732330322266e-04,5.306790117174386978e-03,-1.426644530147314072e-02,-6.459235213696956635e-03,-5.781854037195444107e-03,8.166518062353134155e-03,-2.679228782653808594e-05,6.553198210895061493e-03,4.160403623245656490e-04,4.873087164014577866e-03,-2.429992891848087311e-02,2.445326372981071472e-02,-2.997343428432941437e-02,6.346944719552993774e-03,1.935961283743381500e-02,-1.130857411772012711e-02,-2.122533321380615234e-02,-3.533238545060157776e-02,4.647787660360336304e-03,7.747715711593627930e-02
-1.664332486689090729e-02,-2.698379755020141602e-02,6.385082006454467773e-02,-1.665635555982589722e-01,-2.202556654810905457e-02,5.316710844635963440e-02,-7.284571416676044464e-03,-4.487770050764083862e-02,-1.447588391602039337e-02,4.270178452134132385e-02,-6.291401386260986328e-02,-4.749357700347900391e-02,-8.947073481976985931e-03,2.767829969525337219e-02,5.538989976048469543e-02,-3.361522406339645386e-02,1.897086389362812042e-02,8.711124211549758911e-02,-1.837838999927043915e-02,4.625964537262916565e-02,5.033992975950241089e-02,3.633802384138107300e-02,-5.980192497372627258e-02,1.468973457813262939e-01,1.884657144546508789e-01,3.888007625937461853e-02,7.035817950963973999e-02,-7.027401030063629150e-02,4.637306928634643555e-02,3.361489996314048767e-02,-1.166790025308728218e-03,-8.718208223581314087e-02,-2.532003074884414673e-02,-6.854037195444107056e-02,-7.364645600318908691e-03,1.068670451641082764e-01,3.817841410636901855e-02,-3.879598155617713928e-02,6.861606985330581665e-02,1.048589348793029785e-01,4.988037794828414917e-02,1.668929867446422577e-02,-5.012429505586624146e-02,-3.473873808979988098e-02,-1.044375672936439514e-01,-8.937145024538040161e-02,1.137314364314079285e-01,1.668730527162551880e-01,9.743794053792953491e-02,2.854614332318305969e-02,6.477434188127517700e-02,-6.403632462024688721e-02,-8.524738252162933350e-02,1.129805576056241989e-02,-7.532220333814620972e-02,-8.270873129367828369e-02,-5.507849529385566711e-02,-2.017140761017799377e-02,-1.081594824790954590e-01,6.075085699558258057e-02,5.547109618782997131e-02,4.997051134705543518e-02,6.012165173888206482e-02,5.199254676699638367e-02,1.363665610551834106e-01,-7.059007883071899414e-02,1.150691434741020203e-01,1.164685711264610291e-01,6.171128153800964355e-02,8.900294452905654907e-02,2.716772630810737610e-02,-1.015303283929824829e-02,1.430501043796539307e-01,6.952242553234100342e-02,5.212813243269920349e-02,1.309598535299301147e-01,-4.723036661744117737e-03,8.710976690053939819e-02,3.807544708251953125e-04,2.906117402017116547e-02,-4.974166303873062134e-02,3.016075305640697479e-02,8.016801439225673676e-03,-2.473895251750946045e-02,7.774682343006134033e-02,2.100653201341629028e-02,1.475939154624938965e-02,-4.130898788571357727e-02,-4.564791172742843628e-02,-6.201336532831192017e-02,9.907902777194976807e-02,8.389893919229507446e-02,-2.069103159010410309e-02,6.440458446741104126e-02,2.727433666586875916e-02,-8.096458390355110168e-03,8.889157325029373169e-02,6.458345800638198853e-02,1.462691836059093475e-02,-1.303770393133163452e-01,-4.723632708191871643e-03,6.750080734491348267e-02,-6.036636233329772949e-02,2.377675659954547882e-02,2.509495802223682404e-02,-5.602429062128067017e-02,3.308854624629020691e-02,3.632460162043571472e-02,-1.687869802117347717e-02,1.692160218954086304e-02,7.572267204523086548e-03,5.066537484526634216e-02,-4.064567387104034424e-03,6.827784702181816101e-03,-1.094699501991271973e-01,4.676632210612297058e-02,-3.224845230579376221e-02,9.226715192198753357e-03,-6.885033845901489258e-02,7.871760427951812744e-02,-1.710439175367355347e-01,3.347998484969139099e-02,8.845697343349456787e-02,1.279504597187042236e-02,-6.678611040115356445e-02,-9.590546786785125732e-02,-3.256309079006314278e-03,1.381989866495132446e-01
9.444967843592166901e-03,-7.807840127497911453e-03,1.008461415767669678e-02,-3.523806110024452209e-02,2.351357042789459229e-02,2.741978131234645844e-02,-2.006824314594268799e-02,1.817969372496008873e-03,1.373677514493465424e-03,-1.430480624549090862e-03,-2.187051996588706970e-02,-4.762195982038974762e-03,-1.335739158093929291e-03,2.789795398712158203e-04,5.700555630028247833e-03,-1.232999470084905624e-02,5.735602229833602905e-03,-2.529287710785865784e-03,1.338361646048724651e-03,-1.455545425415039062e-04,9.798402898013591766e-04,-1.023501157760620117e-02,-2.882438525557518005e-02,2.322589606046676636e-02,3.444994240999221802e-02,-9.244416840374469757e-03,-1.232653157785534859e-03,-3.937163855880498886e-03,2.819351386278867722e-03,-1.073151244781911373e-03,-4.276368301361799240e-03,-2.127174101769924164e-02,4.047154507134109735e-04,-1.224891468882560730e-02,-2.041071094572544098e-02,1.527568791061639786e-02,2.482386864721775055e-02,-9.090440347790718079e-03,-1.351756881922483444e-02,2.786241471767425537e-03,5.042241420596837997e-03,-9.384863078594207764e-03,-9.853282012045383453e-03,-1.649826020002365112e-02,-9.257825091481208801e-03,-3.851596266031265259e-02,2.277713268995285034e-02,1.240139082074165344e-02,-8.517202222719788551e-04,6.407172419130802155e-03,3.083278657868504524e-03,-1.956374011933803558e-02,-1.834398135542869568e-02,-2.900294261053204536e-03,-3.197276964783668518e-02,-2.044029161334037781e-02,-2.326443791389465332e-02,-7.560674566775560379e-03,-2.979594096541404724e-02,-8.439428173005580902e-03,-1.315559446811676025e-02,-1.768937706947326660e-02,-7.502921391278505325e-03,6.361487787216901779e-03,3.315469250082969666e-02,-1.985562965273857117e-02,1.380048971623182297e-02,1.542326621711254120e-02,5.626678466796875000e-05,9.837746620178222656e-05,-1.004423666745424271e-02,-1.578080654144287109e-02,1.497564837336540222e-02,1.671224087476730347e-02,-1.015871297568082809e-03,2.563421428203582764e-02,-9.326335275545716286e-04,1.037363708019256592e-02,-7.168348412960767746e-03,1.442848471924662590e-03,-1.015562657266855240e-02,-8.305327966809272766e-03,-9.743202477693557739e-03,-4.515527747571468353e-03,1.209807768464088440e-02,-5.464827176183462143e-03,6.888250354677438736e-03,2.869359450414776802e-03,-5.346335936337709427e-03,-1.388183236122131348e-02,3.840725170448422432e-03,-4.805325588677078485e-04,-2.967037446796894073e-02,7.737392093986272812e-03,-9.097801521420478821e-03,-1.265455130487680435e-02,2.229282073676586151e-02,1.189715042710304260e-02,1.420402154326438904e-02,-2.787284925580024719e-02,-1.817508786916732788e-02,1.557075232267379761e-02,-4.331352654844522476e-03,-1.704322174191474915e-02,-2.807311713695526123e-03,-9.498308412730693817e-03,1.146674435585737228e-02,7.999010384082794189e-03,5.146159790456295013e-03,-1.100909896194934845e-02,-7.377757690846920013e-03,5.985217634588479996e-03,-6.746350554749369621e-04,1.173099596053361893e-02,-4.188810940831899643e-03,9.838917292654514313e-03,4.541216418147087097e-03,-3.164936322718858719e-03,-3.572895657271146774e-03,1.500949449837207794e-02,-3.658273071050643921e-02,5.798452999442815781e-03,1.043141726404428482e-02,7.584098726511001587e-03,-1.006542332470417023e-02,-3.961681574583053589e-02,-1.503357104957103729e-02,6.404382735490798950e-02
5.903271213173866272e-02,1.820523850619792938e-02,7.326682657003402710e-02,-1.563956439495086670e-01,1.465168297290802002e-01,1.555165797472000122e-01,1.679432392120361328e-02,-1.736618205904960632e-02,7.626663893461227417e-02,-4.719132557511329651e-03,-9.681170433759689331e-02,-7.925969548523426056e-03,4.598926007747650146e-02,-1.036708354949951172e-01,3.077646018937230110e-03,-1.323202401399612427e-01,1.040998250246047974e-01,9.489718824625015259e-02,7.912507653236389160e-02,1.352393478155136108e-01,4.609168320894241333e-02,-9.018712490797042847e-02,-9.197146445512771606e-02,1.492731720209121704e-01,2.277751415967941284e-01,-5.198490247130393982e-02,6.014852225780487061e-02,-8.410170674324035645e-02,-5.679603293538093567e-02,3.854497522115707397e-02,2.132974192500114441e-02,-1.395688951015472412e-01,1.576781459152698517e-02,5.266706459224224091e-03,-1.337802968919277191e-02,6.586724519729614258e-02,3.277019038796424866e-02,-1.042422205209732056e-01,-1.908356510102748871e-02,6.504657119512557983e-02,3.574638441205024719e-02,-3.669423516839742661e-03,-1.759692840278148651e-02,3.148319199681282043e-02,1.011202950030565262e-02,-1.257564425468444824e-01,5.733530223369598389e-02,7.722533494234085083e-02,-3.094447404146194458e-02,1.322672367095947266e-01,4.995243623852729797e-02,-1.055103838443756104e-01,-8.348383009433746338e-02,-6.743438541889190674e-02,-1.094583272933959961e-01,-1.409722417593002319e-01,-1.181760653853416443e-01,-7.694324105978012085e-02,-2.050543874502182007e-01,-2.726662345230579376e-02,-1.810346730053424835e-02,-4.437480494379997253e-02,8.034107740968465805e-04,-1.392005942761898041e-03,1.770502626895904541e-01,-7.424901705235242844e-03,1.215734928846359253e-01,1.202077642083168030e-01,5.919231101870536804e-02,9.060398489236831665e-02,-4.709839075803756714e-02,-7.176900655031204224e-02,2.336818575859069824e-01,1.760015636682510376e-01,1.394865512847900391e-01,1.402645856142044067e-01,-7.907725125551223755e-02,2.820765227079391479e-02,3.678898513317108154e-02,6.712673604488372803e-02,-7.544147223234176636e-02,-6.633016467094421387e-02,-2.202303335070610046e-02,1.552639878354966640e-03,9.448379278182983398e-02,4.530752450227737427e-02,-2.313171140849590302e-02,-2.590952068567276001e-02,-1.224887520074844360e-01,5.366415902972221375e-02,2.070295810699462891e-01,1.073603406548500061e-01,-4.363015294075012207e-02,5.975156277418136597e-02,7.101534865796566010e-03,-1.785895973443984985e-02,6.199213489890098572e-02,3.110108710825443268e-02,1.084631159901618958e-01,-1.392101496458053589e-01,-8.627098053693771362e-02,8.783421665430068970e-02,-5.254089087247848511e-02,-2.317493222653865814e-02,-3.063387237489223480e-02,-2.393926493823528290e-02,7.734172046184539795e-02,5.962362885475158691e-02,6.533715128898620605e-02,1.232987642288208008e-02,-5.594972148537635803e-02,-9.615661576390266418e-03,1.071909535676240921e-02,5.515702441334724426e-02,-4.232739098370075226e-03,1.014594733715057373e-01,8.177710324525833130e-02,1.776383072137832642e-02,-9.043063223361968994e-02,2.818317338824272156e-02,-1.365149319171905518e-01,6.828141212463378906e-02,7.627599686384201050e-02,7.251501828432083130e-02,-8.879175037145614624e-02,-1.738259196281433105e-01,-2.947957068681716919e-02,1.951608061790466309e-01
2.678879722952842712e-02,5.162291601300239563e-02,1.172342617064714432e-02,-1.971772164106369019e-01,9.460902214050292969e-02,1.638204306364059448e-01,-2.912826463580131531e-02,-1.476809196174144745e-02,2.430559135973453522e-02,2.816860936582088470e-02,-8.162797242403030396e-02,-1.753650978207588196e-02,-4.157032445073127747e-02,-4.840127192437648773e-03,1.357394009828567505e-01,-1.179811432957649231e-01,3.253351151943206787e-02,6.524053215980529785e-02,1.077621709555387497e-03,7.918220758438110352e-02,6.930378079414367676e-02,-7.218822836875915527e-02,-7.326589524745941162e-02,1.990381926298141479e-01,1.580607593059539795e-01,1.054009422659873962e-02,3.134546428918838501e-02,1.823437586426734924e-02,5.665959417819976807e-02,2.706786803901195526e-02,-3.279138728976249695e-02,-1.126594096422195435e-01,-2.098977565765380859e-04,-9.105787612497806549e-03,-1.466856747865676880e-01,8.865650743246078491e-02,1.111201196908950806e-01,-7.589484751224517822e-02,-4.230728745460510254e-02,6.045232713222503662e-02,-4.198526032269001007e-03,-4.887452349066734314e-03,-7.323851436376571655e-02,1.360433641821146011e-02,-1.354706753045320511e-02,-8.984106034040451050e-02,5.640747025609016418e-02,2.549009397625923157e-02,1.363812759518623352e-02,2.283283323049545288e-02,7.009000331163406372e-02,-8.804693073034286499e-02,6.937094032764434814e-03,6.538406759500503540e-02,1.737386733293533325e-02,-5.777135118842124939e-02,-8.248484134674072266e-02,-4.169631749391555786e-02,-1.539932787418365479e-01,-6.892181187868118286e-02,-5.637823417782783508e-02,-3.874774649739265442e-02,-3.829295188188552856e-02,1.949036493897438049e-02,1.710813641548156738e-01,-2.945143170654773712e-02,4.594747722148895264e-02,6.142877042293548584e-02,1.174086704850196838e-01,1.048200353980064392e-01,3.597035305574536324e-03,-6.294393539428710938e-02,1.925622522830963135e-01,1.711124330759048462e-01,9.863509237766265869e-02,9.435710310935974121e-02,3.568603890016674995e-03,1.193789690732955933e-01,3.928104788064956665e-02,7.379078865051269531e-02,-1.550106680952012539e-03,-2.380753634497523308e-03,3.582329675555229187e-02,2.626127935945987701e-02,1.464098133146762848e-02,-6.525050103664398193e-02,-5.847958475351333618e-02,3.942491859197616577e-02,-1.388475149869918823e-01,-1.160232126712799072e-01,8.819448947906494141e-02,1.218795701861381531e-01,-3.109691664576530457e-02,7.816462963819503784e-02,3.243115916848182678e-02,-2.132467925548553467e-02,3.985488414764404297e-02,2.239311486482620239e-02,1.284716278314590454e-02,-8.090766146779060364e-03,-9.951654821634292603e-02,3.251320496201515198e-02,4.823445901274681091e-02,4.669171199202537537e-02,1.019249036908149719e-01,-7.599236443638801575e-03,1.307940632104873657e-01,1.189693361520767212e-01,1.204444169998168945e-01,1.438272744417190552e-01,3.283851221203804016e-02,1.405831892043352127e-02,4.301878623664379120e-03,1.031671315431594849e-01,7.401423901319503784e-02,-2.162211760878562927e-02,-8.236757479608058929e-03,2.905721403658390045e-02,5.862838402390480042e-02,1.195055842399597168e-01,-1.414492875337600708e-01,1.019445136189460754e-01,1.966622658073902130e-03,2.065190374851226807e-01,6.373701989650726318e-02,-1.331752985715866089e-01,2.956709358841180801e-03,1.736864000558853149e-01
-9.115036227740347385e-04,1.370540820062160492e-02,8.933395147323608398e-03,-4.761343821883201599e-02,5.560515564866364002e-04,2.311622351408004761e-02,-3.437057835981249809e-03,-2.819597721099853516e-04,-1.393466256558895111e-02,-6.934144068509340286e-03,-1.342168264091014862e-02,-8.672174299135804176e-04,-9.471460245549678802e-03,-2.417962998151779175e-02,-1.509626209735870361e-02,-1.243443787097930908e-02,-3.669513156637549400e-03,7.001075893640518188e-03,1.127502135932445526e-02,5.638807546347379684e-03,-2.336204051971435547e-04,-3.363561257719993591e-02,-7.575544994324445724e-03,2.034976147115230560e-02,3.095909580588340759e-02,1.032620202749967575e-03,2.520173415541648865e-02,1.065797824412584305e-02,1.680406555533409119e-02,9.261103346943855286e-03,-9.909960441291332245e-03,-2.968922443687915802e-02,7.253340445458889008e-03,-1.611125841736793518e-02,-1.300857588648796082e-02,1.423828676342964172e-02,2.634034678339958191e-02,-4.477708600461483002e-03,6.317263003438711166e-03,3.116746200248599052e-03,-3.907084465026855469e-04,-7.658330723643302917e-03,-1.114778220653533936e-02,-4.230473656207323074e-03,-6.828976329416036606e-03,-1.235761865973472595e-02,1.144782267510890961e-02,1.242230832576751709e-02,1.166764460504055023e-02,-7.922810502350330353e-03,-5.765283945947885513e-03,-2.330941706895828247e-02,-2.549429051578044891e-02,-1.179607398808002472e-02,-3.015568852424621582e-02,-1.613378524780273438e-02,-9.315905161201953888e-03,-7.648318074643611908e-03,-4.905538633465766907e-02,-1.493736077100038528e-02,-4.660601727664470673e-03,-2.227789536118507385e-02,-1.396657433360815048e-02,2.171035856008529663e-03,1.540363021194934845e-02,-8.944778703153133392e-03,6.062879692763090134e-03,-2.962043741717934608e-03,-1.142312027513980865e-02,1.953046210110187531e-02,2.083179075270891190e-03,-1.196473278105258942e-02,4.145182296633720398e-02,3.507845476269721985e-02,5.925972480326890945e-03,5.409753415733575821e-03,-1.315139327198266983e-02,4.847130738198757172e-03,-7.810671348124742508e-03,1.392274349927902222e-02,5.915453191846609116e-03,-1.450716890394687653e-02,7.436526007950305939e-03,-1.366318576037883759e-02,-1.174690853804349899e-02,-1.206258870661258698e-02,-1.736177131533622742e-02,-5.840955418534576893e-04,-3.430649638175964355e-02,2.073553157970309258e-03,2.822093479335308075e-02,1.849791780114173889e-02,-1.858193241059780121e-02,6.829930003732442856e-03,-1.739976811222732067e-03,-8.391003124415874481e-03,1.690899953246116638e-02,6.666471250355243683e-03,-1.361667178571224213e-03,-3.822874044999480247e-03,-1.716260239481925964e-02,2.234067767858505249e-03,-1.138548273593187332e-02,3.256935160607099533e-03,4.473298322409391403e-03,-2.046910114586353302e-03,1.063110027462244034e-02,1.375308074057102203e-02,1.773433387279510498e-02,1.000311411917209625e-02,-8.063497953116893768e-03,-6.611280143260955811e-03,-1.400647312402725220e-02,-1.211065240204334259e-02,-2.860627369955182076e-03,-1.623162999749183655e-02,1.732913660816848278e-03,-1.250091567635536194e-02,7.037519244477152824e-04,1.381085813045501709e-02,-2.137919142842292786e-02,1.836924441158771515e-02,1.700818538665771484e-04,1.640985906124114990e-02,1.069627050310373306e-02,-3.508497402071952820e-02,-1.158555038273334503e-02,5.199120193719863892e-02
1.794958859682083130e-02,2.721239440143108368e-02,3.988202288746833801e-02,-2.768726460635662079e-02,2.443333715200424194e-02,2.730834484100341797e-02,4.751079715788364410e-03,1.655070460401475430e-03,-7.026287261396646500e-03,-4.948128480464220047e-03,-2.756781876087188721e-02,-3.669632365927100182e-03,1.803187304176390171e-03,-2.989515662193298340e-02,-5.563200917094945908e-03,-2.657797373831272125e-02,1.959856599569320679e-02,1.514849346131086349e-02,1.960613206028938293e-02,1.329656504094600677e-02,-7.513708900660276413e-03,-2.745822817087173462e-02,-1.791398413479328156e-02,2.538862451910972595e-02,4.367163777351379395e-02,-1.431513298302888870e-02,9.814781136810779572e-03,-1.646733283996582031e-02,-1.207969337701797485e-02,-1.695285551249980927e-02,-1.748848333954811096e-02,-5.031154304742813110e-02,6.475416477769613266e-03,-5.935627967119216919e-03,-3.204047679901123047e-04,1.945631206035614014e-02,1.570965535938739777e-02,-2.453999407589435577e-02,-5.415386054664850235e-03,7.885321974754333496e-03,1.191982626914978027e-02,-1.418897602707147598e-02,-1.231324952095746994e-02,-2.680384321138262749e-03,7.138994988054037094e-03,-6.230094004422426224e-03,2.751044929027557373e-03,9.017341770231723785e-03,-8.079739287495613098e-03,2.613074332475662231e-02,3.509595990180969238e-03,-2.192187495529651642e-02,-4.321699962019920349e-02,-2.026709169149398804e-02,-3.964249789714813232e-02,-2.634755522012710571e-02,-2.273301593959331512e-02,-2.739497832953929901e-02,-4.715869575738906860e-02,-8.111655712127685547e-03,4.087574314326047897e-03,-9.107992984354496002e-03,-1.208276301622390747e-02,6.090684328228235245e-03,3.709201887249946594e-02,-1.720383763313293457e-02,2.080995216965675354e-02,4.761272110044956207e-03,-2.685748971998691559e-03,1.208380609750747681e-02,-1.889343746006488800e-02,-2.696104533970355988e-02,3.924579173326492310e-02,2.387010119855403900e-02,3.012409619987010956e-02,1.883316785097122192e-02,-1.029064599424600601e-02,-1.814294420182704926e-02,-1.001953147351741791e-02,1.340596820227801800e-03,-2.923918515443801880e-02,-2.855218760669231415e-02,-2.442312240600585938e-02,6.459950236603617668e-04,-2.269949531182646751e-03,-1.123428717255592346e-02,-3.044059267267584801e-03,1.154153957031667233e-03,-5.643456708639860153e-03,1.275496929883956909e-02,4.154175892472267151e-02,3.222264349460601807e-02,-1.401582919061183929e-02,2.547139069065451622e-03,-1.499543245881795883e-02,-4.870285745710134506e-03,8.404771797358989716e-03,1.139931101351976395e-02,1.222069654613733292e-02,-2.821888029575347900e-02,-1.703472808003425598e-02,1.515653729438781738e-02,-3.996678162366151810e-03,-5.007981671951711178e-04,-1.498229242861270905e-02,-7.958869449794292450e-03,2.662073820829391479e-02,8.213900029659271240e-03,4.338892642408609390e-03,-2.281065797433257103e-03,-1.960887201130390167e-02,-3.423468442633748055e-03,2.290274249389767647e-03,-6.410004105418920517e-03,-1.185832265764474869e-02,1.553702261298894882e-02,1.732730120420455933e-02,1.029669772833585739e-03,-1.421540416777133942e-02,-7.543480023741722107e-03,-5.045183002948760986e-02,1.675216481089591980e-02,1.488471217453479767e-02,-2.012428827583789825e-03,-2.150382660329341888e-02,-4.577207565307617188e-02,1.344918156974017620e-03,7.495613396167755127e-02
