1.061056628823280334e-01,2.013262175023555756e-02,1.750027388334274292e-01,-1.895440518856048584e-01,4.402587935328483582e-02,1.770964562892913818e-01,8.247108012437820435e-02,-3.291165083646774292e-02,4.166002199053764343e-02,1.650129817426204681e-02,-1.352410614490509033e-01,-7.515678554773330688e-02,-6.996595114469528198e-02,3.097984381020069122e-02,1.232320219278335571e-01,-7.897913455963134766e-02,-2.246141806244850159e-02,-7.696148008108139038e-03,5.854731053113937378e-02,1.297120749950408936e-01,7.831285148859024048e-02,-5.552276596426963806e-02,-1.588969081640243530e-01,1.139051392674446106e-01,1.929138153791427612e-01,-7.285024225711822510e-02,-8.527965284883975983e-03,-2.449987456202507019e-02,7.901469618082046509e-02,5.918767303228378296e-02,-4.981118720024824142e-03,-3.664785251021385193e-02,1.325973402708768845e-02,2.183364331722259521e-02,-1.064939871430397034e-01,6.118375808000564575e-02,1.064058765769004822e-01,-1.213041543960571289e-01,-7.198612391948699951e-02,1.007242500782012939e-01,2.359652332961559296e-02,7.335628569126129150e-02,4.421636089682579041e-02,-4.005403816699981689e-02,-8.575664460659027100e-02,-1.315440535545349121e-01,-1.346622873097658157e-02,3.085322119295597076e-02,-4.687486216425895691e-02,1.717976480722427368e-02,8.730496466159820557e-02,-7.165909558534622192e-02,-6.272947881370782852e-03,-4.812206700444221497e-02,5.368688702583312988e-02,-3.106922656297683716e-02,-8.131267130374908447e-02,-8.650590479373931885e-02,-2.080095708370208740e-01,5.850367248058319092e-03,9.684467688202857971e-03,-7.589241862297058105e-02,6.104141846299171448e-02,5.806193128228187561e-02,1.484780758619308472e-01,-4.325552657246589661e-02,1.028537168167531490e-03,5.771584063768386841e-02,-1.110624242573976517e-02,6.415783613920211792e-02,-2.583798393607139587e-02,-1.014872118830680847e-01,2.441397160291671753e-01,8.349110931158065796e-02,1.164121851325035095e-01,1.592587530612945557e-01,6.869698315858840942e-02,1.999832093715667725e-01,4.139190539717674255e-02,3.681743517518043518e-02,-4.533033445477485657e-02,9.326692670583724976e-03,-4.327126219868659973e-02,1.780691184103488922e-02,8.707422018051147461e-02,1.485098246484994888e-02,-9.387119114398956299e-02,-1.230252832174301147e-01,-9.633938968181610107e-02,-7.351032644510269165e-02,9.913267940282821655e-02,1.282663345336914062e-01,-8.896657824516296387e-02,2.069231308996677399e-02,-4.181449767202138901e-03,-1.460015773773193359e-04,6.074631214141845703e-02,5.589903518557548523e-02,2.696572430431842804e-02,-4.914918541908264160e-02,-8.085662126541137695e-02,1.343550086021423340e-01,6.166907027363777161e-02,-9.229844436049461365e-03,3.555898740887641907e-02,-2.545753866434097290e-02,9.302800893783569336e-02,2.764917723834514618e-02,6.930962204933166504e-02,5.698677524924278259e-02,-6.386304646730422974e-02,8.411156386137008667e-02,1.264783143997192383e-01,6.635060999542474747e-03,9.875839576125144958e-03,-1.686642318964004517e-02,-8.664002642035484314e-03,-3.188798204064369202e-02,-7.415929436683654785e-02,6.820820271968841553e-02,-1.119933798909187317e-01,5.531729385256767273e-02,1.037200763821601868e-01,2.937689982354640961e-02,-1.199428886175155640e-01,-2.163684368133544922e-01,5.486968904733657837e-03,8.185579627752304077e-02
-2.710259705781936646e-02,4.942346364259719849e-03,9.503974765539169312e-02,-1.342168301343917847e-01,-2.540843002498149872e-02,1.094682216644287109e-01,2.800372801721096039e-02,6.427497602999210358e-03,2.575492113828659058e-02,-3.325597569346427917e-02,-6.726967543363571167e-02,-2.966182865202426910e-02,-5.996818840503692627e-02,-3.685964271426200867e-03,3.295440599322319031e-02,-3.718297183513641357e-02,4.243505373597145081e-02,2.078668400645256042e-02,-7.838306482881307602e-04,4.298688098788261414e-02,3.665196150541305542e-02,-7.310551404953002930e-02,-3.593333438038825989e-02,1.007708907127380371e-01,1.284616291522979736e-01,1.039181463420391083e-02,2.394459769129753113e-02,-2.403740584850311279e-02,2.596813067793846130e-02,5.552620440721511841e-02,2.903095260262489319e-02,-9.150717407464981079e-02,6.819052994251251221e-02,3.847998380661010742e-02,-7.367338240146636963e-02,6.856784224510192871e-02,1.321657896041870117e-01,-4.268321767449378967e-02,3.623132407665252686e-02,7.192216813564300537e-02,4.320862703025341034e-03,3.081680648028850555e-02,-5.178258568048477173e-02,-4.494006931781768799e-02,-1.096904929727315903e-02,-9.422976523637771606e-03,-1.181410253047943115e-02,2.760971710085868835e-02,-1.628451421856880188e-02,7.231022417545318604e-02,9.660018980503082275e-02,-7.122386991977691650e-02,1.256101764738559723e-02,2.643638523295521736e-03,-3.873173519968986511e-02,-3.495853021740913391e-02,-2.198005095124244690e-02,-4.134576022624969482e-02,-1.038439497351646423e-01,-3.420728072524070740e-02,-5.548241082578897476e-03,-1.588106527924537659e-02,-4.096125066280364990e-02,4.286313056945800781e-02,1.184904575347900391e-01,-8.277843147516250610e-02,9.336556307971477509e-03,4.968074709177017212e-02,-3.967659547924995422e-02,7.689532358199357986e-03,-4.960003122687339783e-02,-2.384225465357303619e-02,1.355401277542114258e-01,8.102878183126449585e-02,4.597631283104419708e-03,6.384523957967758179e-02,4.768215585500001907e-03,4.000874608755111694e-02,2.970434911549091339e-02,6.197810173034667969e-02,2.604478504508733749e-03,1.546640880405902863e-02,-2.990474691614508629e-03,6.963447481393814087e-02,-1.341107487678527832e-02,3.007899038493633270e-02,-7.935719937086105347e-02,-1.706905104219913483e-02,-7.227497547864913940e-02,-1.511065382510423660e-02,6.752905249595642090e-02,4.000488296151161194e-02,-5.762072652578353882e-02,3.634442389011383057e-02,-1.580505166202783585e-03,-4.940251633524894714e-02,8.580443449318408966e-03,3.723305650055408478e-03,-1.951905526220798492e-02,-6.339992582798004150e-02,-2.774959243834018707e-02,2.389920316636562347e-02,-2.062820643186569214e-02,-1.867905445396900177e-02,1.146742980927228928e-02,-3.902808949351310730e-02,1.025303918868303299e-02,-1.061098556965589523e-02,-7.796881254762411118e-04,3.601818531751632690e-02,-8.601988665759563446e-03,-4.001178778707981110e-03,3.289477527141571045e-02,3.527562320232391357e-02,-1.413733791559934616e-02,-2.689397893846035004e-02,5.591975152492523193e-02,6.458909809589385986e-02,-4.245523363351821899e-03,3.080537356436252594e-02,-1.132976487278938293e-01,-1.027583610266447067e-02,-3.791620209813117981e-02,5.174377188086509705e-02,-3.697808831930160522e-02,-1.223498433828353882e-01,-4.028353095054626465e-02,1.115705892443656921e-01
1.481796987354755402e-02,4.061685875058174133e-02,1.141276136040687561e-01,-1.639584451913833618e-01,7.838659733533859253e-02,1.662037670612335205e-01,-1.832625642418861389e-02,-4.767612367868423462e-02,-1.548035256564617157e-02,1.486021932214498520e-02,-2.699738182127475739e-02,-9.525277651846408844e-03,-1.842725090682506561e-02,3.790509188547730446e-03,8.580801077187061310e-03,-1.743538826704025269e-01,6.397619098424911499e-02,4.564100876450538635e-02,1.781379245221614838e-02,8.977253735065460205e-02,1.058087572455406189e-01,-8.824324607849121094e-02,-6.370357424020767212e-02,1.891336739063262939e-01,2.576628923416137695e-01,2.375554852187633514e-02,-5.008506122976541519e-03,-5.550054088234901428e-02,-1.334182638674974442e-02,6.393588334321975708e-02,-7.733994722366333008e-02,-1.516299396753311157e-01,7.284917682409286499e-02,6.796508282423019409e-02,-7.278339564800262451e-02,1.096320822834968567e-01,1.106522604823112488e-01,-7.219670712947845459e-02,1.806199736893177032e-02,8.501458913087844849e-02,2.036745660006999969e-02,2.383793471381068230e-03,7.721309363842010498e-02,3.161321207880973816e-02,9.381732903420925140e-03,-6.364183872938156128e-02,1.031402498483657837e-01,1.223429441452026367e-01,2.239344269037246704e-02,7.868231087923049927e-02,1.073199510574340820e-01,-1.220227852463722229e-01,-6.654804199934005737e-02,-1.946474425494670868e-02,-5.851059779524803162e-02,-9.903811663389205933e-02,-6.036619096994400024e-02,-3.450051695108413696e-02,-1.535200923681259155e-01,-1.808300055563449860e-02,7.990547455847263336e-03,-7.368882745504379272e-02,-4.826166480779647827e-02,4.020203649997711182e-02,1.456971615552902222e-01,-1.287307292222976685e-01,2.898851968348026276e-02,1.500855684280395508e-01,6.015912815928459167e-02,8.462015539407730103e-02,-5.027379095554351807e-02,-1.622355133295059204e-01,2.126121968030929565e-01,9.491664171218872070e-02,8.599537611007690430e-02,1.256308704614639282e-01,-7.958807796239852905e-02,9.495743364095687866e-02,2.793532423675060272e-02,-7.143275439739227295e-02,-6.145233288407325745e-02,3.597065107896924019e-03,-2.785864472389221191e-02,3.899493813514709473e-02,-3.803018108010292053e-02,2.577216550707817078e-02,-4.564552754163742065e-02,-8.509684354066848755e-02,-1.659963428974151611e-01,-3.507988899946212769e-02,2.219968289136886597e-01,1.562059074640274048e-01,3.530541434884071350e-02,2.506154216825962067e-02,-1.644799485802650452e-02,-9.898398071527481079e-03,1.266337782144546509e-01,7.516355067491531372e-02,7.958140969276428223e-02,-1.292854845523834229e-01,-1.072309240698814392e-01,1.037430390715599060e-01,-3.996596112847328186e-02,-2.608237788081169128e-02,6.925534456968307495e-02,-1.103610545396804810e-01,1.168777421116828918e-01,1.000545024871826172e-01,5.784118548035621643e-03,3.906528651714324951e-02,-6.225279346108436584e-02,4.314025864005088806e-02,1.145811825990676880e-01,3.463524207472801208e-02,-1.845590956509113312e-02,1.104921326041221619e-01,2.665814571082592010e-02,4.908240586519241333e-02,-5.240325629711151123e-02,1.745007932186126709e-02,-1.229428127408027649e-01,-4.035957157611846924e-03,5.069225281476974487e-02,6.769142299890518188e-02,-6.507602054625749588e-03,-1.896623820066452026e-01,5.464226007461547852e-02,1.846403628587722778e-01
1.175910979509353638e-01,1.129826232790946960e-01,1.698790341615676880e-01,-1.860643178224563599e-01,4.880962893366813660e-02,1.601469814777374268e-01,-1.956984587013721466e-02,9.155298024415969849e-02,6.534940749406814575e-02,1.512763649225234985e-02,2.342114411294460297e-02,1.640181429684162140e-02,-1.719594001770019531e-04,4.355706274509429932e-02,6.334567070007324219e-02,-1.142705008387565613e-01,1.652170717716217041e-02,9.363844245672225952e-02,3.515992313623428345e-02,1.457257270812988281e-01,9.342820197343826294e-02,-4.715492203831672668e-02,-6.620723754167556763e-02,1.972183734178543091e-01,1.702113449573516846e-01,-1.866698823869228363e-02,4.683480411767959595e-02,-7.088257372379302979e-02,6.664817780256271362e-02,-3.681562468409538269e-02,-7.867888547480106354e-03,-1.574770063161849976e-01,1.211385205388069153e-01,4.120653960853815079e-03,-2.927247248589992523e-02,1.292779594659805298e-01,1.019329205155372620e-01,-5.625889450311660767e-02,-1.396481692790985107e-02,1.093311011791229248e-01,3.373325616121292114e-02,-3.826795890927314758e-02,-6.366332620382308960e-02,3.788189217448234558e-02,-1.362200640141963959e-02,-1.039445549249649048e-01,1.435735356062650681e-02,6.029566377401351929e-02,3.425050526857376099e-02,1.102513149380683899e-01,1.265579462051391602e-01,-8.822958916425704956e-02,-1.030543893575668335e-01,-4.195719212293624878e-02,-5.173375084996223450e-02,-7.454724609851837158e-02,-5.057748034596443176e-02,-9.188880026340484619e-02,-1.481188088655471802e-01,-9.828219190239906311e-03,2.342100488021969795e-03,-1.465896517038345337e-01,-8.312603086233139038e-02,1.579612120985984802e-02,1.562705188989639282e-01,-1.727102138102054596e-02,-1.785377413034439087e-02,7.462009042501449585e-02,3.331423178315162659e-02,1.419158577919006348e-01,7.629531621932983398e-02,6.751472502946853638e-02,1.476726233959197998e-01,5.684626474976539612e-02,7.026476413011550903e-02,1.383684128522872925e-01,-2.242054976522922516e-02,2.403192594647407532e-02,5.476837977766990662e-02,-5.534010007977485657e-02,1.565435528755187988e-02,-1.901153102517127991e-02,-1.055693067610263824e-02,-2.599707990884780884e-02,-2.683668397367000580e-02,-1.440323982387781143e-02,3.051355294883251190e-02,1.227016095072031021e-02,-1.691293157637119293e-02,-2.098904363811016083e-02,1.772689670324325562e-01,8.481182903051376343e-02,-7.144959270954132080e-02,4.514314606785774231e-02,-1.205291599035263062e-01,-6.038621533662080765e-03,6.718755513429641724e-02,9.801430627703666687e-03,6.007410958409309387e-02,-6.198673322796821594e-02,-2.864351682364940643e-02,8.788987994194030762e-02,2.610468538478016853e-03,-3.694428503513336182e-02,4.573635756969451904e-02,-3.204306215047836304e-02,7.280776649713516235e-02,-3.976348042488098145e-02,-3.033076785504817963e-02,-4.412711597979068756e-03,8.948563598096370697e-03,-5.636840127408504486e-03,1.388546228408813477e-01,7.661763578653335571e-02,-4.131710156798362732e-03,7.206323742866516113e-02,3.851584345102310181e-02,-3.212704882025718689e-02,-3.514885529875755310e-02,1.487451046705245972e-01,-1.025402545928955078e-01,4.177583754062652588e-02,8.573085069656372070e-02,3.256152570247650146e-02,-1.045990884304046631e-01,-1.602096557617187500e-01,-1.088719666004180908e-01,1.659988164901733398e-01
7.966260425746440887e-03,1.336032990366220474e-02,-4.408271051943302155e-03,-2.950240857899188995e-02,-2.416688390076160431e-02,2.709471154958009720e-03,-2.054825238883495331e-02,-1.467682700604200363e-02,-7.978894747793674469e-03,-9.184339083731174469e-03,-5.874505732208490372e-03,-4.367806762456893921e-02,-4.672442004084587097e-02,-6.370398215949535370e-03,1.624885015189647675e-02,-2.357641607522964478e-02,-1.289689540863037109e-02,2.276050858199596405e-02,2.546620555222034454e-02,-8.455730043351650238e-03,7.586244028061628342e-03,-4.466413985937833786e-03,-6.093664560467004776e-03,4.643581807613372803e-02,8.433706127107143402e-03,-2.362195961177349091e-02,8.441158570349216461e-03,7.568273693323135376e-03,-5.233746487647294998e-03,3.743928624317049980e-03,-1.838315837085247040e-02,-1.042897347360849380e-02,1.352528482675552368e-02,1.859068870544433594e-04,-2.064348571002483368e-02,-3.004422411322593689e-03,1.326673757284879684e-02,-2.825780026614665985e-02,-1.405587326735258102e-02,1.905276067554950714e-02,-1.211741752922534943e-02,-4.032381344586610794e-03,-2.944907639175653458e-03,-3.089683502912521362e-02,-1.327728573232889175e-02,-2.039381861686706543e-02,-2.045274525880813599e-02,2.171749994158744812e-02,-1.165359630249440670e-03,1.684235036373138428e-02,3.493451327085494995e-02,-1.537130214273929596e-02,-3.059156425297260284e-02,1.073107589036226273e-02,8.943704888224601746e-03,-9.330596774816513062e-03,-9.310125373303890228e-03,-2.040397748351097107e-02,-2.351463958621025085e-02,-3.464744193479418755e-03,-2.492843754589557648e-02,1.470808219164609909e-02,-1.930353464558720589e-03,-1.706216856837272644e-02,2.951223403215408325e-02,-5.984413437545299530e-03,-1.618413813412189484e-02,1.413212250918149948e-02,6.873409263789653778e-03,3.838335722684860229e-02,4.764728713780641556e-03,-3.463283181190490723e-02,3.853310272097587585e-02,4.728566855192184448e-02,-3.599598305299878120e-03,2.882204251363873482e-03,1.365332212299108505e-02,5.329498555511236191e-03,-2.868375973775982857e-03,1.898102089762687683e-02,2.235611900687217712e-02,1.524765230715274811e-02,5.301833152770996094e-05,-1.015216857194900513e-02,-2.664350904524326324e-03,-9.689056314527988434e-03,-2.222880721092224121e-02,7.992872036993503571e-03,-3.183974698185920715e-02,-3.233544901013374329e-02,1.591145992279052734e-04,1.661805668845772743e-03,-2.344365464523434639e-03,-9.979124180972576141e-03,-1.951896585524082184e-02,-7.573787588626146317e-03,3.609608113765716553e-02,2.172161079943180084e-02,-9.102925658226013184e-03,6.602405337616801262e-04,-7.699455134570598602e-03,-6.843506125733256340e-04,-3.328370396047830582e-03,6.104750093072652817e-03,6.472794804722070694e-03,-9.182390058413147926e-04,3.185734525322914124e-02,3.002610802650451660e-02,6.014572456479072571e-03,-1.512125972658395767e-02,7.085799006745219231e-04,4.934329539537429810e-03,-2.503024227917194366e-02,-1.791404373943805695e-02,8.890453726053237915e-03,-9.339000098407268524e-03,2.000389620661735535e-02,6.836127955466508865e-03,-8.437669835984706879e-03,4.811368416994810104e-03,-3.098225966095924377e-02,-1.072606910020112991e-02,-3.184489905834197998e-02,-4.914541728794574738e-03,-3.159772604703903198e-02,-2.235275320708751678e-02,4.586187191307544708e-03,4.968089982867240906e-02
1.432814300060272217e-01,8.511598408222198486e-02,1.229898706078529358e-01,-1.972903311252593994e-01,6.297688186168670654e-02,7.131949067115783691e-02,4.540530964732170105e-03,-3.582552820444107056e-02,1.900780759751796722e-02,2.751895040273666382e-02,-1.167047545313835144e-01,-3.743179887533187866e-02,-7.020322978496551514e-02,-1.801030524075031281e-02,1.164780333638191223e-01,-8.192315697669982910e-02,-5.325971869751811028e-04,5.344154685735702515e-02,9.192091971635818481e-02,1.594870537519454956e-01,5.084577575325965881e-02,-1.096109449863433838e-01,-1.219265311956405640e-01,1.606320440769195557e-01,2.062574028968811035e-01,-1.072881091386079788e-02,2.871647104620933533e-02,1.824271678924560547e-02,1.324388198554515839e-02,-4.336687270551919937e-03,-5.543924495577812195e-02,-1.233024895191192627e-01,6.877502053976058960e-02,8.218187838792800903e-02,-7.873407751321792603e-02,1.000460609793663025e-01,8.840358257293701172e-02,-4.976877570152282715e-02,-1.565280556678771973e-02,4.047818016260862350e-03,3.283699229359626770e-02,1.548497192561626434e-02,-2.077968604862689972e-02,-4.726985096931457520e-02,2.668063156306743622e-02,-9.313129633665084839e-02,1.310451924800872803e-01,1.721615046262741089e-01,-1.297246012836694717e-02,1.527020614594221115e-02,1.368007659912109375e-01,-3.898205608129501343e-02,-6.178996711969375610e-02,-1.145723834633827209e-02,-4.089439287781715393e-02,-8.355497568845748901e-02,-4.358612373471260071e-02,-5.040132626891136169e-02,-1.845677196979522705e-01,-2.883609011769294739e-02,-2.933750860393047333e-02,-3.998893499374389648e-02,-5.476241558790206909e-02,-3.864662721753120422e-02,1.465672999620437622e-01,-7.069920003414154053e-02,5.729728192090988159e-02,3.779416531324386597e-02,-2.220688387751579285e-02,9.012436866760253906e-02,-3.287212178111076355e-02,2.798937447369098663e-02,1.917578428983688354e-01,7.045398652553558350e-02,1.106127128005027771e-01,8.639666438102722168e-02,-2.498538605868816376e-02,6.351040303707122803e-02,5.813085008412599564e-03,1.944955065846443176e-02,-3.282666206359863281e-02,-7.591801136732101440e-02,-3.623579069972038269e-02,3.989898413419723511e-02,1.965492069721221924e-01,-1.511270832270383835e-02,-2.147633023560047150e-02,-4.131381213665008545e-02,-1.512291133403778076e-01,-6.862217932939529419e-02,6.290297210216522217e-02,8.565334230661392212e-02,-6.056093797087669373e-02,5.214717984199523926e-02,-5.854671075940132141e-02,-5.910906568169593811e-02,-2.107974374666810036e-03,9.065143018960952759e-02,3.651542589068412781e-03,-6.419855356216430664e-02,-7.503747940063476562e-02,8.984344452619552612e-02,4.174555465579032898e-02,6.810431927442550659e-02,-4.891903698444366455e-02,-1.209451854228973389e-01,8.445054292678833008e-02,1.667974633164703846e-03,4.139250610023736954e-03,4.444865509867668152e-02,-3.981864452362060547e-02,3.630284592509269714e-02,1.323475539684295654e-01,3.592526540160179138e-02,-1.420941390097141266e-02,-1.790999434888362885e-02,1.161972656846046448e-01,6.411874294281005859e-02,-6.737362593412399292e-02,7.298342883586883545e-02,-1.033257246017456055e-01,6.194386258721351624e-02,8.041205257177352905e-02,8.056449890136718750e-02,-5.483476445078849792e-02,-2.309526056051254272e-01,-5.745453387498855591e-02,1.661587953567504883e-01
5.887391418218612671e-02,4.933446273207664490e-02,1.086456701159477234e-01,-2.202814221382141113e-01,7.856691628694534302e-02,9.009563177824020386e-02,-4.793935641646385193e-02,1.039899513125419617e-02,8.651879429817199707e-02,8.763105422258377075e-02,-1.887633651494979858e-02,1.333980704657733440e-03,-1.125752460211515427e-03,-1.172844469547271729e-01,4.506554827094078064e-02,-8.045562356710433960e-02,6.736950948834419250e-03,6.055627763271331787e-02,6.473371386528015137e-02,1.141758114099502563e-01,7.164397835731506348e-02,-2.158342301845550537e-02,-6.157029047608375549e-02,1.444200277328491211e-01,2.174653112888336182e-01,3.795408457517623901e-02,1.106006354093551636e-01,1.727057434618473053e-02,2.241548523306846619e-02,-2.268071100115776062e-02,-4.649177938699722290e-02,-3.143508918583393097e-03,3.832152485847473145e-02,1.181374564766883850e-01,-1.131606698036193848e-01,2.051473781466484070e-02,-7.444248348474502563e-02,-6.788561493158340454e-02,5.127443931996822357e-03,1.079278662800788879e-01,2.076773904263973236e-02,9.688908606767654419e-02,-1.558421831578016281e-02,8.391420356929302216e-03,-1.059816852211952209e-01,-8.832087367773056030e-02,8.200489729642868042e-02,9.797216951847076416e-02,-5.285065993666648865e-02,2.059570513665676117e-02,-1.924556866288185120e-02,-1.010970994830131531e-01,-9.745359420776367188e-06,5.588489770889282227e-02,-5.755332857370376587e-02,6.604098714888095856e-03,-7.104183733463287354e-02,-1.120371371507644653e-02,-1.533439457416534424e-01,1.755703613162040710e-02,-4.691827297210693359e-02,-8.329048752784729004e-03,1.842784695327281952e-02,4.824898671358823776e-03,9.025076776742935181e-02,-6.168415397405624390e-02,2.273974940180778503e-02,7.833541184663772583e-02,-3.809008747339248657e-02,3.876536712050437927e-02,-2.707501873373985291e-02,-3.076809272170066833e-02,1.839963197708129883e-01,5.794445797801017761e-02,3.628778457641601562e-02,1.178577169775962830e-01,-4.577489942312240601e-02,6.211216747760772705e-02,1.017475780099630356e-02,8.979396522045135498e-02,-1.195126175880432129e-01,-6.250593066215515137e-02,8.194217085838317871e-02,1.154327765107154846e-01,8.311444520950317383e-02,2.004381455481052399e-02,-1.101851556450128555e-02,-4.661721736192703247e-02,-1.020217984914779663e-01,-1.636589169502258301e-01,1.693041622638702393e-01,1.428232491016387939e-01,-8.845919370651245117e-02,3.750334307551383972e-02,-8.172591775655746460e-02,-9.669310599565505981e-02,7.511325180530548096e-02,7.589617371559143066e-02,1.469639986753463745e-01,-1.007680818438529968e-01,-7.523655891418457031e-02,3.483101725578308105e-02,4.001297429203987122e-02,1.003285795450210571e-01,-8.982641994953155518e-02,-1.471252441406250000e-01,1.096018478274345398e-01,6.737378239631652832e-02,-1.287296693772077560e-02,4.586123675107955933e-02,-7.666481286287307739e-02,7.267380505800247192e-02,6.186531484127044678e-02,-4.879827052354812622e-02,2.768481895327568054e-02,2.936189435422420502e-02,5.594098940491676331e-02,2.695672772824764252e-02,-6.847277283668518066e-02,3.832705318927764893e-02,-1.475166976451873779e-01,1.952465251088142395e-02,-6.518314778804779053e-02,2.311351336538791656e-02,-9.414736181497573853e-02,-1.922520399093627930e-01,-8.749989420175552368e-02,9.612190723419189453e-02
7.556936889886856079e-02,9.868585318326950073e-02,6.977241486310958862e-02,-1.810717731714248657e-01,1.088064163923263550e-01,1.403948068618774414e-01,-3.217512741684913635e-02,4.995883256196975708e-02,3.411651775240898132e-02,8.591052144765853882e-03,-4.715084284543991089e-02,-1.164610125124454498e-02,-4.460632335394620895e-03,-1.863314211368560791e-02,1.272575706243515015e-01,-1.193421483039855957e-01,-7.764056324958801270e-02,8.299177139997482300e-02,6.283205002546310425e-02,6.354465335607528687e-02,1.075235903263092041e-01,-9.458669275045394897e-02,-4.185970500111579895e-02,2.297520190477371216e-01,1.994342654943466187e-01,8.030568808317184448e-02,-1.043973024934530258e-02,-5.684552714228630066e-03,-7.611407339572906494e-02,3.896699845790863037e-02,2.061340026557445526e-02,-1.670636534690856934e-01,-2.678102254867553711e-02,3.300453722476959229e-02,-1.368508189916610718e-01,1.030421257019042969e-01,2.985057793557643890e-02,-5.985080450773239136e-02,5.718735046684741974e-03,7.594647351652383804e-03,-5.650226771831512451e-02,-5.392785742878913879e-02,-5.616362392902374268e-02,1.860740408301353455e-02,5.388058722019195557e-03,-1.622017920017242432e-01,7.066714763641357422e-02,1.006907373666763306e-01,7.257452234625816345e-03,8.835345506668090820e-02,6.359532475471496582e-02,-7.613688707351684570e-02,4.288318566977977753e-03,4.665278643369674683e-02,-6.526884436607360840e-02,-1.098448410630226135e-02,-1.186578273773193359e-01,-1.073092147707939148e-01,-2.295414954423904419e-01,-4.035187885165214539e-02,7.429433055222034454e-03,-2.924016676843166351e-02,-3.003274649381637573e-02,4.918417707085609436e-02,1.774006336927413940e-01,-6.019161548465490341e-03,1.584320366382598877e-01,1.150787919759750366e-01,9.757909178733825684e-02,9.629877656698226929e-02,3.830991685390472412e-02,1.001977082341909409e-02,1.547852754592895508e-01,1.269877552986145020e-01,1.143037974834442139e-01,6.511227041482925415e-02,-7.341112196445465088e-02,5.701989680528640747e-02,4.170854389667510986e-02,4.498393833637237549e-02,-3.079780936241149902e-02,-7.807852327823638916e-02,4.633839707821607590e-03,-1.757908426225185394e-02,1.378410160541534424e-01,1.768190041184425354e-02,-1.204065792262554169e-02,1.552623603492975235e-02,-8.943545073270797729e-02,-1.813611947000026703e-02,1.361061930656433105e-01,1.795741319656372070e-01,-2.685225941240787506e-02,1.415285617113113403e-01,-2.512343227863311768e-02,-7.167792320251464844e-02,7.817896455526351929e-02,8.232127875089645386e-02,1.787351667881011963e-01,7.733786851167678833e-02,-7.598017901182174683e-02,-5.109764263033866882e-02,-6.233551539480686188e-03,-9.461657144129276276e-03,5.190216004848480225e-02,4.637266974896192551e-03,1.390963196754455566e-01,1.076350063085556030e-01,6.435244530439376831e-02,-9.344812715426087379e-04,1.602431759238243103e-02,3.318645805120468140e-02,3.574739396572113037e-02,-1.521555483341217041e-01,7.718975655734539032e-03,6.344261765480041504e-02,9.291866421699523926e-02,-1.051300670951604843e-02,3.792810812592506409e-02,1.041587814688682556e-01,-1.766689270734786987e-01,5.838930234313011169e-02,8.717643097043037415e-03,8.974844217300415039e-02,6.979381665587425232e-03,-1.530702710151672363e-01,1.412276644259691238e-02,1.854678839445114136e-01
5.360439419746398926e-02,6.092793866991996765e-02,7.610915601253509521e-02,-1.875841319561004639e-01,7.773686945438385010e-02,1.121617034077644348e-01,-1.949712634086608887e-02,1.056372653692960739e-03,3.281675279140472412e-02,4.719750210642814636e-02,-3.848227858543395996e-02,-4.456513375043869019e-02,-4.526363313198089600e-02,-3.910134080797433853e-03,4.258891940116882324e-02,-1.034912839531898499e-01,8.990487456321716309e-02,9.085336327552795410e-02,1.127803046256303787e-02,7.029356062412261963e-02,4.505746066570281982e-02,-9.872858971357345581e-02,-1.252284795045852661e-01,1.291873455047607422e-01,1.785679608583450317e-01,-1.746014878153800964e-02,4.821263626217842102e-02,3.119817748665809631e-02,2.701858431100845337e-02,4.647174105048179626e-02,3.738579154014587402e-02,-7.311605662107467651e-02,-1.408159732818603516e-04,5.662501603364944458e-02,-7.417295873165130615e-02,1.054600998759269714e-01,8.263952285051345825e-02,-2.105303294956684113e-02,-4.659464955329895020e-02,4.708646610379219055e-02,5.718110501766204834e-02,-2.108063781633973122e-03,-8.911939337849617004e-03,-4.627611488103866577e-03,-1.010344997048377991e-01,-3.404915705323219299e-02,9.781659394502639771e-02,1.323044598102569580e-01,-4.703401646111160517e-04,8.705487102270126343e-02,7.548347115516662598e-02,-9.326492249965667725e-02,-3.400914743542671204e-02,-3.507155552506446838e-02,-7.124823331832885742e-02,-1.019465252757072449e-01,2.940646139904856682e-03,9.703896939754486084e-03,-1.246770396828651428e-01,6.353500299155712128e-03,6.387608498334884644e-02,2.483500540256500244e-02,-6.664096144959330559e-04,1.185246706008911133e-01,1.902733296155929565e-01,-7.491138577461242676e-02,8.822955936193466187e-02,1.401672363281250000e-01,2.590744011104106903e-02,3.758078068494796753e-02,-1.991324499249458313e-02,-1.047931015491485596e-01,1.769224256277084351e-01,9.521197527647018433e-02,4.299536347389221191e-02,9.611172229051589966e-02,-8.778497576713562012e-02,4.744118452072143555e-02,9.286046959459781647e-03,2.044048858806490898e-03,-9.613820910453796387e-02,-2.338613383471965790e-03,-2.107611671090126038e-02,5.395198240876197815e-02,1.843836158514022827e-02,7.641353458166122437e-02,-2.999537810683250427e-02,3.899173066020011902e-02,-1.091365292668342590e-01,2.778285741806030273e-02,2.139836996793746948e-01,1.386786997318267822e-01,-1.067423596978187561e-01,-1.969097740948200226e-02,-1.031298041343688965e-01,-5.879158154129981995e-02,9.681946039199829102e-02,1.009472310543060303e-01,7.775261998176574707e-02,-1.681736260652542114e-01,-5.875989049673080444e-02,1.319413930177688599e-01,2.088496275246143341e-02,2.171002142131328583e-02,4.539537802338600159e-02,-9.751730412244796753e-02,1.369454562664031982e-01,8.226583153009414673e-02,1.127022411674261093e-02,-1.476189214736223221e-02,-3.838675469160079956e-02,6.194458156824111938e-02,5.117204040288925171e-02,-9.111718274652957916e-03,-1.285488065332174301e-02,7.999461889266967773e-02,-7.065833080559968948e-03,-2.744229510426521301e-02,-5.970223620533943176e-02,5.673784017562866211e-02,-1.418347954750061035e-01,8.373005688190460205e-02,8.813922107219696045e-02,7.144523411989212036e-02,-9.995335713028907776e-03,-1.858830004930496216e-01,-1.439564116299152374e-02,1.563665717840194702e-01
1.046622395515441895e-01,1.287353336811065674e-01,8.204612880945205688e-02,-2.004900276660919189e-01,9.792957454919815063e-02,1.053176298737525940e-01,-2.271565049886703491e-02,3.986307419836521149e-03,2.251908741891384125e-02,4.753928259015083313e-02,-4.502438381314277649e-02,-1.066072098910808563e-02,-5.525058507919311523e-02,-4.728096723556518555e-02,9.003663063049316406e-02,-8.569493889808654785e-02,-4.539225995540618896e-02,3.639457002282142639e-02,8.411297574639320374e-03,1.204800307750701904e-01,1.798441633582115173e-02,-1.631125956773757935e-01,-1.137773245573043823e-01,1.468908041715621948e-01,2.114715129137039185e-01,-5.175484810024499893e-03,5.753613263368606567e-02,1.001359820365905762e-01,1.127345710992813110e-01,2.307952567934989929e-02,-1.106165274977684021e-01,-1.119389608502388000e-01,4.347059130668640137e-02,9.468657523393630981e-02,-7.641084492206573486e-02,8.138313889503479004e-02,1.530474144965410233e-02,-2.736242674291133881e-02,-3.304195404052734375e-02,6.729201227426528931e-02,1.100236363708972931e-02,-6.524025229737162590e-04,-6.111564859747886658e-02,2.262268774211406708e-02,-6.328274309635162354e-02,-3.360843658447265625e-02,1.419800817966461182e-01,1.489104926586151123e-01,-9.032212197780609131e-03,-1.503234822303056717e-02,1.309153065085411072e-02,-5.844510719180107117e-02,-7.721979171037673950e-02,-8.514525368809700012e-03,-2.035658247768878937e-02,4.685098771005868912e-03,-1.747736893594264984e-02,-2.109542116522789001e-02,-1.789404004812240601e-01,-2.010253258049488068e-03,-4.646630212664604187e-02,-3.506325185298919678e-02,-2.907761558890342712e-02,3.440401330590248108e-02,1.563359946012496948e-01,-2.786004543304443359e-02,6.150248274207115173e-02,7.672405987977981567e-02,-4.095238074660301208e-02,8.303228765726089478e-02,4.172896500676870346e-03,-2.911319956183433533e-02,1.906365007162094116e-01,6.753955036401748657e-02,4.312389716506004333e-02,7.647807151079177856e-02,-3.012886084616184235e-02,3.085890412330627441e-02,-2.605334110558032990e-02,1.290332991629838943e-02,-8.341972529888153076e-02,-8.968644589185714722e-02,-8.640199154615402222e-02,1.646062918007373810e-02,2.189948856830596924e-01,7.658386230468750000e-02,-2.646462433040142059e-02,-3.389492630958557129e-02,-1.449144184589385986e-01,4.505243524909019470e-02,1.144318282604217529e-01,1.027913093566894531e-01,-2.628278173506259918e-02,2.104406431317329407e-02,-1.088587418198585510e-01,-6.579692661762237549e-02,5.951959174126386642e-03,1.449136286973953247e-01,1.046334505081176758e-01,-8.779683709144592285e-02,4.320950806140899658e-02,2.063715308904647827e-01,6.896094232797622681e-02,7.095531374216079712e-02,-7.006363570690155029e-02,-1.642155647277832031e-01,8.477446436882019043e-02,2.896180935204029083e-02,5.197135359048843384e-02,3.262106329202651978e-02,-2.478690631687641144e-02,1.561887003481388092e-02,1.541948132216930389e-02,3.210382536053657532e-02,1.112900860607624054e-02,2.781879901885986328e-02,5.862000957131385803e-02,-2.567054517567157745e-02,2.295970916748046875e-04,1.247893944382667542e-01,-1.130215004086494446e-01,7.192380726337432861e-02,8.363223820924758911e-02,5.055919662117958069e-02,-5.186634510755538940e-02,-1.917962133884429932e-01,-5.326697602868080139e-03,1.786599308252334595e-01
9.141758829355239868e-02,3.762277215719223022e-02,1.362834870815277100e-01,-1.744589656591415405e-01,-2.742019668221473694e-02,1.584913581609725952e-01,-3.992357291281223297e-03,-5.340891703963279724e-02,-7.824374735355377197e-02,3.829280287027359009e-02,-6.348939239978790283e-02,-1.022967696189880371e-02,1.297116726636886597e-01,-3.035089373588562012e-02,-6.376120261847972870e-03,-1.257694810628890991e-01,5.199058353900909424e-02,1.511387061327695847e-02,9.577264636754989624e-02,1.107424348592758179e-01,1.298128962516784668e-01,-9.912610054016113281e-02,-1.341426186263561249e-02,2.310833185911178589e-01,2.568631172180175781e-01,-2.931318012997508049e-03,-1.718289032578468323e-02,5.231153219938278198e-03,6.722884718328714371e-03,9.756331890821456909e-02,1.088630557060241699e-01,-1.262128055095672607e-01,6.389842927455902100e-02,-8.178247511386871338e-02,2.239275723695755005e-02,2.142599970102310181e-01,1.005394607782363892e-01,-1.609763056039810181e-01,-1.474911160767078400e-02,1.175733432173728943e-01,1.101948097348213196e-01,-8.210623636841773987e-03,-2.924608998000621796e-02,6.733705103397369385e-02,-2.310046553611755371e-02,-8.165875077247619629e-02,-3.585924953222274780e-02,-4.255515336990356445e-02,-1.117193028330802917e-01,9.206152707338333130e-02,1.207802146673202515e-01,3.789943177253007889e-03,3.632174059748649597e-02,-4.721343889832496643e-02,-9.145265072584152222e-02,-1.155216097831726074e-01,-1.003666967153549194e-01,-9.259749948978424072e-02,-1.614750921726226807e-01,-3.467914462089538574e-02,1.015198305249214172e-01,4.206084460020065308e-02,-6.374322623014450073e-02,8.733397722244262695e-02,1.105169728398323059e-01,-1.963806897401809692e-02,1.240615621209144592e-01,4.625875502824783325e-02,-5.823396611958742142e-03,1.695679128170013428e-01,-1.448702532798051834e-02,-3.025513701140880585e-02,2.688372135162353516e-01,1.601044833660125732e-01,1.642993837594985962e-01,1.064878106117248535e-01,-3.408553078770637512e-02,3.029199875891208649e-02,1.332347095012664795e-02,-2.797073125839233398e-02,-1.058547720313072205e-01,-6.153633072972297668e-02,-7.823366671800613403e-03,-3.057828173041343689e-02,1.006852462887763977e-01,2.358204685151576996e-02,3.473480790853500366e-02,6.416771560907363892e-02,-3.747849166393280029e-02,6.902156770229339600e-02,2.007279694080352783e-01,1.544528752565383911e-01,-9.291268885135650635e-02,1.125782951712608337e-01,2.631300128996372223e-03,-1.940683089196681976e-02,5.704734474420547485e-02,4.553769156336784363e-02,7.952553033828735352e-02,-1.009950712323188782e-01,-1.276936195790767670e-02,1.384012252092361450e-01,-1.552337780594825745e-02,-4.671948403120040894e-02,8.864378556609153748e-03,7.927042432129383087e-03,1.203644424676895142e-01,1.217204779386520386e-01,4.449440538883209229e-02,4.255196824669837952e-02,-7.679809629917144775e-02,-3.986833989620208740e-02,-1.377541422843933105e-01,-3.927929699420928955e-02,-1.606752164661884308e-02,6.413676589727401733e-02,1.447411775588989258e-01,8.485650271177291870e-02,-3.604482859373092651e-02,-2.839701250195503235e-02,-1.942687481641769409e-01,6.778035312891006470e-02,6.413029134273529053e-02,8.716426789760589600e-02,-4.876289144158363342e-02,-1.597192436456680298e-01,1.024670600891113281e-01,1.769631505012512207e-01
4.524661973118782043e-02,8.250188827514648438e-02,-2.115961397066712379e-03,-1.404232382774353027e-01,-3.533226624131202698e-02,1.915062591433525085e-02,-2.965691685676574707e-02,5.656097084283828735e-02,4.298913851380348206e-02,3.574185818433761597e-02,6.419181078672409058e-02,-3.408145532011985779e-02,-5.750450119376182556e-02,-4.358353093266487122e-03,7.086984068155288696e-02,-5.492094904184341431e-03,9.040406905114650726e-03,2.161735109984874725e-02,3.349555283784866333e-02,1.151304244995117188e-01,5.067004635930061340e-02,-8.808051049709320068e-02,-2.699264511466026306e-02,2.112818658351898193e-01,8.495807647705078125e-02,1.386738102883100510e-02,-3.235300630331039429e-02,-3.122461214661598206e-02,-5.335961654782295227e-02,3.091631084680557251e-02,-4.768233001232147217e-02,-1.359762847423553467e-01,1.008484959602355957e-01,-4.609641060233116150e-02,-1.037174314260482788e-01,1.432305760681629181e-02,1.961700618267059326e-02,-1.040784344077110291e-01,-2.830431424081325531e-02,1.876428723335266113e-02,3.392812237143516541e-02,-6.186818704009056091e-02,-5.108984932303428650e-02,-2.388294041156768799e-02,-3.062267787754535675e-02,-1.538450270891189575e-01,2.097966335713863373e-02,1.091709509491920471e-01,5.318106710910797119e-02,3.329174825921654701e-03,4.905321076512336731e-02,-1.185056418180465698e-01,-1.302969157695770264e-01,7.670817431062459946e-04,1.977793499827384949e-02,-5.104919150471687317e-02,-3.835023939609527588e-02,-4.329854249954223633e-02,-2.104617804288864136e-01,-3.542668372392654419e-02,-3.378240391612052917e-02,1.775185391306877136e-02,-1.087199151515960693e-01,-1.772092841565608978e-02,1.667120754718780518e-01,-4.399559646844863892e-02,8.494094759225845337e-02,9.270193055272102356e-03,1.742567867040634155e-02,1.332414299249649048e-01,2.867192402482032776e-02,4.262470826506614685e-02,1.901088058948516846e-01,1.988959163427352905e-01,5.088724941015243530e-02,6.765214353799819946e-02,3.310614451766014099e-02,-3.036268241703510284e-02,-5.849673226475715637e-02,4.448143392801284790e-02,3.939543291926383972e-02,-7.482303678989410400e-02,8.754801005125045776e-02,2.943713776767253876e-02,-2.169000171124935150e-02,-4.542545229196548462e-02,-6.553300470113754272e-02,5.271704867482185364e-02,-1.668317466974258423e-01,3.922165557742118835e-02,1.315000355243682861e-01,1.095244586467742920e-01,-2.262918092310428619e-02,-1.093774451874196529e-03,-1.615103520452976227e-02,2.045893855392932892e-02,1.246358826756477356e-01,1.263783127069473267e-01,-3.590547293424606323e-02,5.628555547446012497e-03,-7.839876413345336914e-02,-5.120381247252225876e-03,3.028651466593146324e-03,6.586977839469909668e-02,1.177534088492393494e-01,-1.032267976552248001e-02,7.132185995578765869e-02,8.498887717723846436e-02,7.982033491134643555e-02,2.427926100790500641e-02,4.495166614651679993e-02,2.215972915291786194e-02,-6.518417596817016602e-02,-9.483696520328521729e-02,1.581676863133907318e-02,-2.192449755966663361e-02,1.625278405845165253e-02,1.419100258499383926e-02,1.560727879405021667e-02,6.477464735507965088e-02,-9.037733823060989380e-02,3.215065598487854004e-02,3.914086893200874329e-02,7.823470979928970337e-02,1.243977062404155731e-02,-1.800708919763565063e-01,-7.026942074298858643e-02,8.395946025848388672e-02
1.722889393568038940e-02,1.084672510623931885e-01,1.017641797661781311e-01,-1.541054397821426392e-01,-6.317847222089767456e-02,1.610417366027832031e-01,6.646279990673065186e-02,1.174696832895278931e-01,5.023244395852088928e-02,-2.669561095535755157e-02,1.830817200243473053e-02,-1.209719330072402954e-01,-1.376223564147949219e-01,-6.353174149990081787e-02,7.244360446929931641e-02,-8.514621853828430176e-02,1.096758898347616196e-02,4.961127415299415588e-02,9.257811307907104492e-02,2.450205981731414795e-01,1.407455354928970337e-01,-9.485823661088943481e-02,-1.126997023820877075e-01,2.670444548130035400e-01,1.910531222820281982e-01,4.125754907727241516e-02,1.645893044769763947e-02,8.875255472958087921e-03,-3.560699895024299622e-02,7.595075666904449463e-02,-3.538146382197737694e-03,-8.266231417655944824e-02,2.127103060483932495e-01,9.435438364744186401e-02,-8.403195440769195557e-02,4.850297421216964722e-02,1.696429774165153503e-02,-1.166186388581991196e-02,-2.777976170182228088e-02,-3.472927212715148926e-02,-1.925161853432655334e-02,-9.294471889734268188e-02,-7.262339442968368530e-02,-3.595529869198799133e-02,-2.617770805954933167e-02,-1.678609102964401245e-01,-8.538390696048736572e-02,-2.792388759553432465e-02,1.737121678888797760e-02,-7.405455410480499268e-02,-2.132024848833680153e-03,-1.796236932277679443e-01,-8.834741264581680298e-02,3.416736051440238953e-02,-2.104332111775875092e-02,-7.973083853721618652e-02,-1.161566302180290222e-01,-5.478677526116371155e-02,-1.307137757539749146e-01,-1.840377599000930786e-02,-9.559139609336853027e-02,6.736882030963897705e-02,-6.396526843309402466e-02,-2.127528749406337738e-02,8.208719640970230103e-02,-1.112703531980514526e-01,-2.514356747269630432e-02,1.002925634384155273e-01,1.826845258474349976e-01,1.583788245916366577e-01,-1.582660153508186340e-02,-1.167106926441192627e-01,2.073713392019271851e-01,1.452139616012573242e-01,3.124057501554489136e-02,1.978556066751480103e-02,3.066099621355533600e-02,1.225955318659543991e-02,-7.730878144502639771e-02,-2.690511941909790039e-02,2.594311721622943878e-02,-8.948802202939987183e-02,7.077576220035552979e-02,3.483370644971728325e-03,4.042890295386314392e-02,-3.885555639863014221e-02,-1.127022411674261093e-02,-3.297257004305720329e-03,-1.399479955434799194e-01,-6.418703496456146240e-02,9.866797178983688354e-02,1.090908348560333252e-01,2.047014236450195312e-02,3.210939094424247742e-02,7.986077107489109039e-03,-7.713074795901775360e-03,1.362111419439315796e-01,1.423776447772979736e-01,-5.411064717918634415e-03,-1.081814803183078766e-02,-4.037377238273620605e-02,-6.659120321273803711e-02,-2.895891666412353516e-04,3.123545274138450623e-02,5.634826049208641052e-02,-1.815205812454223633e-02,1.144145578145980835e-01,1.405932009220123291e-01,6.423571705818176270e-02,1.023156344890594482e-01,3.212472423911094666e-02,8.611972443759441376e-03,-6.580698490142822266e-02,-1.729169189929962158e-01,2.126429602503776550e-02,3.392836079001426697e-02,5.572558846324682236e-03,2.224086970090866089e-02,-2.199645852670073509e-03,5.483338981866836548e-02,-1.441403329372406006e-01,6.632401794195175171e-02,-4.353573173284530640e-02,3.017656132578849792e-02,-3.180463099852204323e-03,-1.819086670875549316e-01,-3.843213245272636414e-02,4.212165251374244690e-02
3.531176224350929260e-02,-3.292608074843883514e-03,7.011640071868896484e-02,-1.564980000257492065e-01,4.664606228470802307e-02,1.515266448259353638e-01,-6.283727288246154785e-02,-6.054410338401794434e-02,-3.553666546940803528e-02,4.232736676931381226e-02,-1.017368212342262268e-01,-3.837214410305023193e-02,-6.629906594753265381e-02,3.454046323895454407e-02,1.184721514582633972e-01,-8.164634555578231812e-02,-1.939119212329387665e-02,3.166813775897026062e-02,5.910095945000648499e-02,8.686161041259765625e-02,7.063779234886169434e-02,-1.331957131624221802e-01,-1.053270772099494934e-01,1.784767657518386841e-01,2.235713154077529907e-01,7.415545172989368439e-03,2.331138402223587036e-02,4.301761090755462646e-02,8.444031327962875366e-02,4.057386517524719238e-02,7.130888756364583969e-03,-5.335269495844841003e-02,3.627826273441314697e-02,1.422767993062734604e-02,-1.178398579359054565e-01,8.058269321918487549e-02,-5.575479939579963684e-03,-1.236610710620880127e-01,-4.340999945998191833e-02,-1.006149034947156906e-02,1.350404229015111923e-02,-1.286933198571205139e-02,6.895640399307012558e-03,3.662427887320518494e-02,4.028891772031784058e-02,-1.516246497631072998e-01,9.163658320903778076e-02,1.241249740123748779e-01,6.716702133417129517e-02,-8.224545163102447987e-04,7.901740074157714844e-02,-8.837982267141342163e-02,-8.803110569715499878e-02,-1.534332428127527237e-02,-1.971638761460781097e-02,-6.919643282890319824e-02,-2.401226758956909180e-02,1.068591605871915817e-03,-1.758097708225250244e-01,-5.425279960036277771e-03,-3.281849902123212814e-03,7.799883838742971420e-03,2.312256582081317902e-02,-9.819190949201583862e-03,1.406693160533905029e-01,-9.681471437215805054e-02,4.163143038749694824e-02,9.175194799900054932e-02,1.018128842115402222e-01,1.340292841196060181e-01,2.489499375224113464e-02,-2.795718237757682800e-02,2.152446806430816650e-01,1.163151115179061890e-01,9.798347204923629761e-02,1.001193448901176453e-01,-6.590796262025833130e-02,5.311834067106246948e-02,-1.463794335722923279e-02,-3.211486712098121643e-02,4.520682245492935181e-02,2.378282882273197174e-02,-4.514418542385101318e-02,-2.730690408498048782e-03,1.049229577183723450e-01,7.318633608520030975e-03,-2.578843012452125549e-02,-8.988572657108306885e-02,-1.563278883695602417e-01,-4.419744387269020081e-02,8.527583628892898560e-02,7.837311923503875732e-02,-1.523272413760423660e-02,6.071237474679946899e-02,-4.113309457898139954e-02,-1.162816211581230164e-02,3.274535760283470154e-02,2.780575677752494812e-02,-2.058974653482437134e-02,-1.011906787753105164e-01,-1.152958497405052185e-01,4.562637954950332642e-02,4.627600684762001038e-02,5.567785724997520447e-02,-1.943745650351047516e-02,-1.050624325871467590e-01,6.756975501775741577e-02,6.058448925614356995e-02,6.817199289798736572e-02,5.230429396033287048e-02,-2.847035787999629974e-02,1.972729153931140900e-02,6.426084786653518677e-02,1.941624470055103302e-02,4.961787490174174309e-04,2.541224099695682526e-02,-4.597660619765520096e-03,4.167135059833526611e-02,-4.795185755938291550e-03,1.009510383009910583e-01,-1.357834637165069580e-01,1.909104362130165100e-02,1.034580096602439880e-01,4.937846213579177856e-03,-6.700643151998519897e-02,-1.932132542133331299e-01,1.959549821913242340e-02,1.716939657926559448e-01
