3.579861670732498169e-02,3.486596047878265381e-02,1.193043738603591919e-01,-1.332161724567413330e-01,6.601148843765258789e-02,1.171200722455978394e-01,1.525953970849514008e-02,-1.287615485489368439e-02,1.192598836496472359e-03,5.651450529694557190e-02,-7.303228229284286499e-02,-2.646909281611442566e-02,6.942158192396163940e-02,-5.290671065449714661e-02,8.075160533189773560e-02,-1.088023036718368530e-01,1.748559437692165375e-02,1.124325022101402283e-01,5.361328274011611938e-02,7.462918758392333984e-02,-3.748369403183460236e-03,-1.396286785602569580e-01,-9.869217872619628906e-02,1.790127456188201904e-01,2.269643545150756836e-01,1.154836267232894897e-02,2.833686023950576782e-02,-2.581791207194328308e-02,3.991615399718284607e-02,2.915208786725997925e-02,1.329829264432191849e-02,-1.250535696744918823e-01,4.683156311511993408e-02,-3.692672401666641235e-02,-1.151889190077781677e-02,1.113087013363838196e-01,7.185567170381546021e-02,-8.016032725572586060e-02,4.454404115676879883e-02,7.182788848876953125e-02,9.528790414333343506e-02,3.855107724666595459e-02,-5.099013447761535645e-03,3.423885675147175789e-03,-2.491111168637871742e-03,-1.058891788125038147e-01,7.445623725652694702e-02,1.302533894777297974e-01,2.400542609393596649e-03,8.744278550148010254e-02,9.384251385927200317e-02,-8.796442300081253052e-02,-8.519160747528076172e-02,-2.488203719258308411e-02,-5.147795751690864563e-02,-1.101358160376548767e-01,-1.025566831231117249e-01,-7.152449339628219604e-02,-1.843073815107345581e-01,-2.820294909179210663e-02,2.752558887004852295e-02,9.875541552901268005e-03,1.589009352028369904e-02,1.278813369572162628e-02,1.602325290441513062e-01,-4.020188376307487488e-02,1.135052442550659180e-01,6.903450191020965576e-02,4.917326942086219788e-02,9.064850956201553345e-02,-9.217387065291404724e-03,-9.664902091026306152e-02,1.997547447681427002e-01,1.148664057254791260e-01,1.026549264788627625e-01,1.309670954942703247e-01,-3.254080563783645630e-02,7.442153245210647583e-02,1.472157984972000122e-02,6.802778691053390503e-02,-7.188425213098526001e-02,-2.450639568269252777e-02,8.476112969219684601e-03,-8.675952441990375519e-03,1.401790976524353027e-01,-6.042198464274406433e-02,-1.559586822986602783e-02,1.274865120649337769e-02,-6.402195990085601807e-02,-2.473493106663227081e-02,1.115403771400451660e-01,8.122788369655609131e-02,-3.526958450675010681e-02,6.993991136550903320e-02,2.992165461182594299e-02,-2.343672141432762146e-02,5.135650560259819031e-02,4.463782906532287598e-02,1.170075032860040665e-02,-7.838793098926544189e-02,-4.931198805570602417e-02,5.789720267057418823e-02,-2.523910999298095703e-02,1.425241027027368546e-02,4.888763651251792908e-03,-4.033500328660011292e-02,8.641121536493301392e-02,5.428346246480941772e-02,4.055176302790641785e-02,9.350980632007122040e-03,-1.694058068096637726e-02,2.510755881667137146e-02,3.984658792614936829e-02,2.491468796506524086e-03,-2.358342520892620087e-03,4.168587177991867065e-02,5.381104722619056702e-02,4.698399826884269714e-02,-6.568194180727005005e-02,2.591258659958839417e-02,-1.333204507827758789e-01,9.444175660610198975e-02,1.101790070533752441e-01,6.034845858812332153e-02,-3.865886107087135315e-02,-1.961894184350967407e-01,1.270109601318836212e-02,2.011583894491195679e-01
3.838311880826950073e-02,8.214215934276580811e-02,1.748855710029602051e-01,-1.612192690372467041e-01,7.720627635717391968e-02,1.262664943933486938e-01,2.593541052192449570e-03,1.250887196511030197e-02,-6.128531880676746368e-03,3.949651122093200684e-02,-1.572240740060806274e-01,-6.579452008008956909e-02,4.339313507080078125e-02,-6.196260079741477966e-02,2.722350135445594788e-02,-8.566612005233764648e-02,2.561923116445541382e-02,1.172619685530662537e-01,8.193446695804595947e-02,5.078713595867156982e-02,1.679414510726928711e-02,-9.332917630672454834e-02,-1.163201108574867249e-01,1.701550334692001343e-01,2.287693768739700317e-01,-1.349176466464996338e-02,6.574591249227523804e-02,1.778766512870788574e-02,5.326526239514350891e-02,5.756812170147895813e-02,-3.129888558760285378e-03,-1.555122137069702148e-01,2.306612022221088409e-02,-5.151668936014175415e-02,3.204215085133910179e-03,9.935688227415084839e-02,4.557337611913681030e-02,-5.617518350481987000e-02,4.215179011225700378e-02,7.565317302942276001e-02,4.847235232591629028e-02,1.515629794448614120e-02,-1.679622940719127655e-02,3.371971193701028824e-03,1.955137588083744049e-02,-8.748267590999603271e-02,9.673404693603515625e-02,1.223444640636444092e-01,8.443303406238555908e-03,8.585917949676513672e-02,1.269861012697219849e-01,-4.206688329577445984e-02,-9.886097162961959839e-02,9.439693763852119446e-03,2.235710248351097107e-02,-3.480416536331176758e-02,-8.539018779993057251e-02,-6.443489342927932739e-02,-1.743212938308715820e-01,6.451307563111186028e-04,-6.113959010690450668e-03,5.880645010620355606e-03,3.310143947601318359e-02,-7.048549130558967590e-03,1.832871735095977783e-01,-6.789623200893402100e-02,1.078146398067474365e-01,8.151058107614517212e-02,3.301504626870155334e-02,6.487340480089187622e-02,1.402661390602588654e-02,-6.946062296628952026e-02,2.293215095996856689e-01,1.748024076223373413e-01,1.726299673318862915e-01,1.676444262266159058e-01,-2.601897530257701874e-02,3.232252597808837891e-02,-4.437087848782539368e-02,4.994946066290140152e-03,-5.250579491257667542e-02,-7.679400499910116196e-03,-1.142472866922616959e-02,-1.619250886142253876e-02,1.116770654916763306e-01,-3.551722690463066101e-02,-1.395254116505384445e-02,-7.845865562558174133e-03,-4.515974596142768860e-02,7.330762222409248352e-03,1.256952136754989624e-01,7.689551264047622681e-02,-6.401803344488143921e-02,3.335599973797798157e-02,-1.713093183934688568e-02,-2.733464166522026062e-02,4.474269598722457886e-02,6.448350101709365845e-02,3.047574125230312347e-02,-1.298622488975524902e-01,-6.894489377737045288e-02,1.014296337962150574e-01,3.185826539993286133e-02,4.490125551819801331e-02,-1.474800985306501389e-02,-7.966222614049911499e-02,6.065827235579490662e-02,7.456132024526596069e-02,3.634531423449516296e-02,4.687852039933204651e-02,-2.477722428739070892e-02,3.717356547713279724e-02,-2.829249016940593719e-02,-3.994638472795486450e-02,-3.909450396895408630e-02,4.245701059699058533e-02,8.670473843812942505e-02,7.498268783092498779e-02,-8.472511172294616699e-02,1.385531481355428696e-02,-1.742300689220428467e-01,9.267658740282058716e-02,1.161885708570480347e-01,1.965355873107910156e-02,-6.209165230393409729e-02,-2.229862660169601440e-01,1.834374293684959412e-02,1.872013658285140991e-01
7.802457362413406372e-02,4.045178741216659546e-02,1.438708007335662842e-01,-1.550534218549728394e-01,9.137985855340957642e-02,6.837628036737442017e-02,1.534761488437652588e-02,-2.242650836706161499e-02,1.991756446659564972e-02,2.707817405462265015e-02,-1.069225519895553589e-01,-4.886459931731224060e-02,4.737817496061325073e-02,-6.909526884555816650e-02,3.320964798331260681e-02,-5.367651954293251038e-02,4.408435150980949402e-02,7.871390879154205322e-02,-2.681546611711382866e-03,4.538553953170776367e-02,3.281912952661514282e-02,-6.804045289754867554e-02,-9.101107716560363770e-02,1.823259741067886353e-01,2.250388115644454956e-01,-2.592575177550315857e-02,3.798878937959671021e-02,-4.624542314559221268e-03,-1.496969372965395451e-03,2.759154886007308960e-02,1.269382517784833908e-02,-1.237379908561706543e-01,1.758209243416786194e-02,-3.952901065349578857e-02,-9.186008013784885406e-03,1.311199814081192017e-01,1.025045365095138550e-01,-9.261773526668548584e-02,6.890793889760971069e-02,1.142047867178916931e-01,5.897655338048934937e-02,-7.576844096183776855e-02,-2.999912947416305542e-02,-1.004575472325086594e-02,-5.039533972740173340e-02,-1.670734137296676636e-01,5.447436869144439697e-02,1.228726506233215332e-01,-3.883752226829528809e-02,6.049733608961105347e-02,7.316573709249496460e-02,-8.786497265100479126e-02,-5.740715935826301575e-02,-4.189329594373703003e-02,-8.016513288021087646e-02,-1.446456313133239746e-01,-9.741658717393875122e-02,-6.585336476564407349e-02,-1.772539168596267700e-01,3.016995079815387726e-02,4.483784362673759460e-02,-3.713865205645561218e-02,-2.469796873629093170e-02,3.496838733553886414e-02,1.686438322067260742e-01,-7.847948372364044189e-02,8.028614521026611328e-02,6.760965287685394287e-02,2.182012051343917847e-02,7.846419513225555420e-02,-3.475522994995117188e-02,-3.856735303997993469e-02,2.314061224460601807e-01,1.678030341863632202e-01,1.847852766513824463e-01,1.182987987995147705e-01,-6.672623753547668457e-02,2.470985241234302521e-02,2.612026035785675049e-02,1.128476578742265701e-02,-7.863008975982666016e-02,-1.768741197884082794e-02,5.779897794127464294e-02,3.929266706109046936e-03,1.002888157963752747e-01,-5.863926373422145844e-03,-5.479906219989061356e-03,2.580635435879230499e-02,-6.444696336984634399e-02,-5.825163796544075012e-02,1.308659911155700684e-01,8.727063238620758057e-02,-8.106110990047454834e-02,4.775179177522659302e-02,3.583567589521408081e-02,1.183484308421611786e-02,1.093368679285049438e-01,8.414606004953384399e-02,3.627251461148262024e-02,-9.567233920097351074e-02,-4.236482083797454834e-02,7.566294819116592407e-02,-1.050344202667474747e-02,4.950674250721931458e-02,2.512224018573760986e-02,-8.084477856755256653e-03,1.141999661922454834e-01,7.026202976703643799e-02,8.029377087950706482e-03,4.484578594565391541e-02,-4.229012131690979004e-02,2.739533409476280212e-02,-1.376648992300033569e-02,-4.587285965681076050e-02,-4.229072481393814087e-03,1.007662564516067505e-01,-3.259427472949028015e-02,-1.886647380888462067e-02,-3.239757567644119263e-02,3.073876723647117615e-02,-1.561497747898101807e-01,1.096832007169723511e-01,1.068694442510604858e-01,7.836270146071910858e-03,-5.920843034982681274e-02,-2.127963453531265259e-01,-5.868326872587203979e-02,1.601490676403045654e-01
2.315694093704223633e-02,1.032166481018066406e-01,7.934129983186721802e-02,-1.902549713850021362e-01,9.770053625106811523e-02,7.663948088884353638e-02,-6.483441591262817383e-02,-2.338021621108055115e-02,1.116819307208061218e-01,1.076711565256118774e-01,-1.413441821932792664e-02,-1.747847162187099457e-02,-8.968608826398849487e-02,-1.092700194567441940e-02,4.255179315805435181e-03,-1.775490790605545044e-01,6.768794357776641846e-02,2.454401552677154541e-02,5.797998234629631042e-02,1.342672556638717651e-01,3.639195114374160767e-02,-8.164634555578231812e-02,7.884860783815383911e-02,1.167844086885452271e-01,1.808213293552398682e-01,8.059237152338027954e-03,-1.780567457899451256e-03,-2.553238719701766968e-02,-2.125860750675201416e-02,-6.029474362730979919e-02,2.053162641823291779e-02,1.756379939615726471e-02,-5.398413538932800293e-02,4.959185793995857239e-02,-6.462562829256057739e-02,1.313012093305587769e-01,1.222553774714469910e-01,-5.013393703848123550e-03,2.271741069853305817e-02,5.767648294568061829e-02,5.365550518035888672e-02,5.457367002964019775e-02,1.608950830996036530e-02,1.623189821839332581e-02,-1.195096746087074280e-01,-2.906516566872596741e-02,3.774383291602134705e-02,8.218626677989959717e-02,-1.065341755747795105e-01,1.127877309918403625e-01,3.253988176584243774e-02,-2.158887311816215515e-02,-2.687126025557518005e-02,-8.067065477371215820e-02,-1.410021930932998657e-01,-4.730963334441184998e-02,-2.801602706313133240e-02,-1.115966811776161194e-01,-1.184125021100044250e-01,-1.808582991361618042e-02,-5.175464227795600891e-02,1.854996383190155029e-02,4.624065011739730835e-03,3.094042651355266571e-02,1.502595543861389160e-01,-9.940867871046066284e-02,6.797973066568374634e-02,1.204778701066970825e-01,1.109806224703788757e-01,9.803321212530136108e-02,2.611153991892933846e-03,3.479866310954093933e-02,2.050666958093643188e-01,1.385330259799957275e-01,5.790780484676361084e-02,6.014472618699073792e-02,-9.450847655534744263e-02,5.120191350579261780e-02,-5.213179066777229309e-02,6.785166263580322266e-02,-4.524798691272735596e-02,-3.676651790738105774e-02,1.139521016739308834e-03,9.256765991449356079e-02,-5.148630589246749878e-02,-6.388323754072189331e-02,-4.251532256603240967e-02,4.989337176084518433e-02,-5.544444918632507324e-02,-5.749401077628135681e-02,2.264582067728042603e-01,1.464164257049560547e-01,-4.112783074378967285e-02,1.571433246135711670e-02,-8.088758587837219238e-02,-6.800334155559539795e-02,-2.393715083599090576e-02,9.645608253777027130e-03,3.045132569968700409e-02,-8.534169942140579224e-02,-1.636624149978160858e-02,8.021649718284606934e-02,-4.271549731492996216e-02,9.361865371465682983e-02,5.783269181847572327e-02,-9.559266269207000732e-02,1.212514862418174744e-01,8.110750466585159302e-02,2.758044563233852386e-02,4.160373657941818237e-02,-6.269209086894989014e-02,3.227218240499496460e-02,9.102600067853927612e-02,-1.133023854345083237e-02,3.182947635650634766e-02,1.325381100177764893e-01,-4.399780184030532837e-02,-1.781522296369075775e-02,-1.609466411173343658e-02,1.278802603483200073e-01,-9.873128682374954224e-02,4.120566323399543762e-02,2.595598064363002777e-02,-7.221185415983200073e-02,-8.603167533874511719e-02,-1.747500598430633545e-01,2.750837802886962891e-02,1.356192976236343384e-01
1.012153457850217819e-02,-1.260744221508502960e-02,1.411072909832000732e-01,-1.257720589637756348e-01,5.476271361112594604e-02,5.496668815612792969e-02,2.345879189670085907e-02,3.730466216802597046e-02,-1.033877115696668625e-02,-2.671895734965801239e-02,-1.668683737516403198e-01,-4.938786104321479797e-02,6.404410302639007568e-02,-4.780350252985954285e-02,8.345732092857360840e-02,-9.255267679691314697e-02,-1.777941174805164337e-02,9.665563702583312988e-02,-1.688091200776398182e-03,4.263333231210708618e-02,2.641015918925404549e-03,-1.047620028257369995e-01,-8.853223174810409546e-02,1.902098208665847778e-01,2.393563985824584961e-01,2.800223790109157562e-02,8.194173686206340790e-03,-4.993046820163726807e-02,2.408422715961933136e-02,7.473997771739959717e-02,2.610834687948226929e-02,-1.479474753141403198e-01,3.882065415382385254e-02,-2.145926281809806824e-02,3.572629392147064209e-02,1.365032941102981567e-01,7.540725171566009521e-02,-7.196637988090515137e-02,6.363542377948760986e-02,6.177306920289993286e-02,4.065670073032379150e-02,-3.503490984439849854e-02,1.740044355392456055e-02,-2.934611029922962189e-02,4.546788986772298813e-03,-1.143155843019485474e-01,9.235530346632003784e-02,1.526353210210800171e-01,5.904188379645347595e-03,3.569256886839866638e-02,4.004555568099021912e-02,-1.313567310571670532e-01,-5.766540020704269409e-02,-1.488953921943902969e-02,-6.914667785167694092e-02,-8.971192687749862671e-02,-1.262129694223403931e-01,-5.906873196363449097e-02,-1.610954850912094116e-01,7.715875748544931412e-03,2.149396575987339020e-02,-2.908458001911640167e-02,5.359931290149688721e-02,2.476605772972106934e-02,1.598220467567443848e-01,-9.885838627815246582e-02,1.322317719459533691e-01,3.596702218055725098e-02,-3.303216397762298584e-02,2.239993773400783539e-02,9.144705720245838165e-03,-2.644610218703746796e-02,2.133633494377136230e-01,1.225183159112930298e-01,1.790132224559783936e-01,1.061559468507766724e-01,-6.439995765686035156e-02,6.458393484354019165e-02,8.755728602409362793e-03,1.460874173790216446e-02,-6.403561681509017944e-02,2.151898853480815887e-02,2.230729907751083374e-03,1.017007883638143539e-02,2.194958478212356567e-01,-1.004337240010499954e-02,-1.840818487107753754e-02,2.349700080230832100e-03,-4.824849590659141541e-02,-3.833910822868347168e-02,8.982476592063903809e-02,9.731163829565048218e-02,-2.467604912817478180e-02,2.331507578492164612e-02,-1.791556552052497864e-02,-2.111156843602657318e-02,9.744363836944103241e-03,1.602890715003013611e-02,-6.534184794872999191e-03,-8.999371528625488281e-02,-3.121377527713775635e-02,9.799345582723617554e-02,5.825094878673553467e-02,2.665007300674915314e-02,-1.872713677585124969e-02,-1.294525619596242905e-02,5.743305757641792297e-02,-3.182310611009597778e-02,1.252153515815734863e-02,3.932934254407882690e-02,-1.597515679895877838e-02,7.891166955232620239e-02,-2.187939733266830444e-02,-1.199938822537660599e-02,1.230734866112470627e-02,6.919531524181365967e-02,3.067814745008945465e-02,9.394256025552749634e-02,-9.741752594709396362e-02,1.320687495172023773e-02,-1.371914744377136230e-01,9.555678069591522217e-02,1.334172189235687256e-01,6.276481598615646362e-02,-9.635980823077261448e-04,-2.085619270801544189e-01,-2.407456515356898308e-03,1.919640600681304932e-01
3.441413491964340210e-02,1.068062614649534225e-02,1.459867507219314575e-01,-1.389826983213424683e-01,8.474853634834289551e-02,1.037160083651542664e-01,2.964423038065433502e-02,-2.478768117725849152e-02,5.603409186005592346e-02,5.469734221696853638e-02,-1.094137951731681824e-01,-4.095621779561042786e-02,4.247411713004112244e-02,-5.980427190661430359e-02,4.302278533577919006e-02,-6.358888745307922363e-02,7.576896250247955322e-02,9.988656640052795410e-02,8.468910306692123413e-02,6.916767358779907227e-02,4.973399266600608826e-02,-7.533302158117294312e-02,-3.939409554004669189e-02,1.919470727443695068e-01,2.324638217687606812e-01,-8.923407876864075661e-04,3.558887168765068054e-02,2.431935071945190430e-02,-4.209910519421100616e-03,1.224593445658683777e-02,-7.903917692601680756e-03,-1.275824755430221558e-01,1.598707586526870728e-02,-6.746598333120346069e-02,-1.558698993176221848e-02,1.089125946164131165e-01,4.252700880169868469e-02,-1.037946045398712158e-01,5.538553372025489807e-02,9.247292578220367432e-02,7.459504902362823486e-02,-8.147668838500976562e-02,2.550492621958255768e-02,-1.256158389151096344e-02,-5.947561934590339661e-02,-1.602636575698852539e-01,9.408804029226303101e-02,1.156716272234916687e-01,-7.174576167017221451e-03,4.938223958015441895e-02,8.074682950973510742e-02,-1.227901652455329895e-01,-5.647353455424308777e-02,-2.787898294627666473e-02,-7.436779886484146118e-02,-1.480765640735626221e-01,-1.018866747617721558e-01,-6.255220621824264526e-02,-1.657562255859375000e-01,4.734093323349952698e-03,2.087053377181291580e-03,-2.065180055797100067e-02,-9.279609657824039459e-03,5.800897255539894104e-02,2.175256758928298950e-01,-4.269249737262725830e-02,1.081257089972496033e-01,1.069151237607002258e-01,1.523457188159227371e-02,1.024046912789344788e-01,-1.252739806659519672e-03,-6.007553264498710632e-02,2.377745211124420166e-01,1.746986359357833862e-01,1.896922737360000610e-01,9.887370467185974121e-02,-2.395389042794704437e-02,3.639648109674453735e-02,-1.673762500286102295e-02,2.904853783547878265e-03,-4.305765032768249512e-02,-1.312314649112522602e-03,3.346155583858489990e-02,1.370995421893894672e-03,1.026016995310783386e-01,-1.828132080845534801e-03,1.529544312506914139e-02,5.452309921383857727e-02,-2.539201825857162476e-02,-3.179214149713516235e-02,1.442956775426864624e-01,5.146419256925582886e-02,-7.389672100543975830e-02,3.422651067376136780e-02,4.047511145472526550e-02,4.266486316919326782e-02,9.976481646299362183e-02,3.923843801021575928e-02,1.451434940099716187e-02,-1.349855363368988037e-01,-4.942986369132995605e-02,8.861587196588516235e-02,1.417139638215303421e-02,3.011894784867763519e-02,2.579637989401817322e-02,8.839167654514312744e-03,7.403113692998886108e-02,9.930919855833053589e-02,5.939380079507827759e-02,4.123969748616218567e-02,-3.846703842282295227e-02,1.454608235508203506e-02,-1.521624810993671417e-02,4.904767032712697983e-03,1.548154465854167938e-02,1.038986593484878540e-01,9.307621978223323822e-03,-2.104945853352546692e-02,-5.954983457922935486e-02,4.683334752917289734e-02,-1.602025479078292847e-01,5.649706348776817322e-02,9.554713219404220581e-02,-9.088712744414806366e-03,-9.327694773674011230e-02,-1.843905746936798096e-01,-7.601590361446142197e-03,1.834715008735656738e-01
1.870377920567989349e-02,9.269458800554275513e-02,-8.584406226873397827e-03,-1.965549588203430176e-01,5.823770537972450256e-02,1.481780260801315308e-01,4.725477844476699829e-02,-6.886412203311920166e-02,-2.967546693980693817e-02,8.368355780839920044e-02,-5.238922685384750366e-02,4.839162901043891907e-02,3.718050196766853333e-02,-3.821443300694227219e-03,8.585242927074432373e-02,-1.208344101905822754e-01,-8.753224276006221771e-03,1.277175992727279663e-01,1.034782975912094116e-01,1.636453568935394287e-01,1.032324284315109253e-01,-1.803282201290130615e-01,-5.154149979352951050e-02,1.142778173089027405e-01,1.947703212499618530e-01,1.425982918590307236e-02,4.973343014717102051e-02,6.846769899129867554e-02,1.132490709424018860e-01,2.998400479555130005e-02,-5.041213706135749817e-02,-1.027841046452522278e-01,1.930977031588554382e-02,9.129598736763000488e-02,-5.528967827558517456e-02,-6.298658251762390137e-02,9.067428112030029297e-02,2.571636578068137169e-03,-7.742069661617279053e-02,1.989066414535045624e-02,3.436519578099250793e-02,2.844308130443096161e-02,-4.221456125378608704e-02,8.800666779279708862e-03,3.850822523236274719e-02,-7.802751660346984863e-02,1.320570409297943115e-01,9.317053109407424927e-02,-3.220814745873212814e-03,-1.733674667775630951e-02,4.881789535284042358e-02,1.111303549259901047e-02,-5.687234550714492798e-02,3.152926219627261162e-03,-1.103591825813055038e-02,-1.500472575426101685e-01,-2.865900099277496338e-02,-2.360054478049278259e-02,-2.053784579038619995e-01,2.721311151981353760e-02,3.538861125707626343e-02,-5.970788374543190002e-02,3.259662538766860962e-02,3.978895023465156555e-02,1.773215979337692261e-01,-8.590359240770339966e-02,1.576534286141395569e-02,7.190388441085815430e-02,-3.448012843728065491e-02,9.412224590778350830e-02,-2.729378454387187958e-02,-8.772993832826614380e-02,2.667577266693115234e-01,1.653030812740325928e-01,-2.255405671894550323e-02,1.378052830696105957e-01,-8.989725261926651001e-02,5.407358333468437195e-02,-4.000365734100341797e-02,7.011760771274566650e-02,-1.655839979648590088e-01,-4.707314446568489075e-02,-3.537133103236556053e-03,-3.083129646256566048e-03,1.717363148927688599e-01,-5.661051347851753235e-02,-4.400493949651718140e-02,-1.745839230716228485e-02,-2.081713974475860596e-01,-3.990547358989715576e-02,1.014019101858139038e-01,1.003267765045166016e-01,-5.288278684020042419e-02,1.541638188064098358e-02,-9.818710386753082275e-02,-1.766470819711685181e-02,5.643414705991744995e-02,7.548219710588455200e-02,-4.497025534510612488e-02,-4.209710657596588135e-02,-1.482541859149932861e-02,1.155261471867561340e-01,6.379223614931106567e-02,5.958743020892143250e-02,6.268457323312759399e-02,-9.537632763385772705e-02,2.468834817409515381e-02,1.349033564329147339e-01,5.136281251907348633e-02,5.951131880283355713e-02,-3.918556496500968933e-02,4.492537677288055420e-02,8.443983644247055054e-02,-6.819379329681396484e-02,-4.705866426229476929e-02,1.269763894379138947e-02,7.406797260046005249e-02,-7.421744056046009064e-03,1.589654246345162392e-03,1.253147572278976440e-01,-8.717800676822662354e-02,1.077422406524419785e-02,7.394307851791381836e-02,7.538333535194396973e-02,-2.593826316297054291e-02,-2.008364498615264893e-01,2.183185331523418427e-02,1.500901877880096436e-01
5.308805033564567566e-02,1.197826862335205078e-01,1.301038414239883423e-01,-1.527985632419586182e-01,5.843284353613853455e-02,1.250856965780258179e-01,-7.376728206872940063e-02,-8.781206794083118439e-03,2.897228859364986420e-02,2.048164047300815582e-02,-1.282213330268859863e-01,-8.624368160963058472e-02,-6.382622569799423218e-02,-3.329880908131599426e-02,5.775023251771926880e-02,-6.416270136833190918e-02,2.199705876410007477e-02,8.649540692567825317e-02,-7.565322797745466232e-03,1.079949885606765747e-01,7.864606380462646484e-02,-3.516308218240737915e-02,-2.092335931956768036e-02,2.096518129110336304e-01,2.529356181621551514e-01,4.412022605538368225e-02,2.828772738575935364e-02,-9.129687398672103882e-02,1.984225399792194366e-02,-7.950441539287567139e-02,-8.293101191520690918e-02,5.474839825183153152e-03,-1.608370221219956875e-03,-4.768334329128265381e-02,1.612478680908679962e-02,1.383351981639862061e-01,6.925851851701736450e-02,-2.402263320982456207e-02,2.164341509342193604e-02,1.109351292252540588e-01,-2.997506968677043915e-02,5.778673663735389709e-02,-3.577686101198196411e-02,-1.968766935169696808e-02,-1.201377362012863159e-01,-1.638974845409393311e-01,-5.986048281192779541e-02,4.201271012425422668e-02,-6.016330793499946594e-03,4.802653566002845764e-02,9.257468581199645996e-02,-6.824668496847152710e-02,-7.624716311693191528e-02,9.677524678409099579e-03,-8.595144003629684448e-02,-7.202252745628356934e-02,-6.496115773916244507e-02,-4.896137490868568420e-02,-1.703003793954849243e-01,1.836820319294929504e-02,-3.593258559703826904e-02,4.220757260918617249e-02,8.412389457225799561e-02,1.034892648458480835e-01,1.614744812250137329e-01,-6.482230871915817261e-02,3.920287638902664185e-02,9.912774711847305298e-02,6.384402513504028320e-02,5.329994484782218933e-02,2.724679000675678253e-02,9.235149249434471130e-03,2.624132931232452393e-01,1.486834138631820679e-01,4.348784685134887695e-02,1.123066022992134094e-01,4.371581971645355225e-02,5.274352431297302246e-02,8.879964239895343781e-03,1.042091324925422668e-01,1.346020842902362347e-03,6.013587117195129395e-02,7.701353728771209717e-02,6.986123323440551758e-02,2.543910592794418335e-02,-5.984435975551605225e-02,-8.260507136583328247e-02,-9.895142912864685059e-02,-1.315655261278152466e-01,-1.018167659640312195e-01,1.454055458307266235e-01,1.442779600620269775e-01,5.693492945283651352e-03,4.779362678527832031e-02,-4.910360649228096008e-02,-7.042901217937469482e-02,2.757276035845279694e-02,4.213516041636466980e-02,5.791977792978286743e-02,-4.249550402164459229e-02,-1.383427903056144714e-02,7.278926670551300049e-02,-8.239547908306121826e-02,1.236794590950012207e-01,4.250413551926612854e-02,-1.042657196521759033e-01,1.110847666859626770e-01,6.796398013830184937e-02,2.878695912659168243e-02,5.400972068309783936e-02,1.736019365489482880e-02,4.579098895192146301e-02,-1.652081497013568878e-02,-7.420141249895095825e-02,-2.750450745224952698e-02,1.024195551872253418e-01,2.955353632569313049e-02,3.656714037060737610e-02,-4.313698410987854004e-02,6.904509663581848145e-02,-1.138639226555824280e-01,1.490990668535232544e-01,1.566959768533706665e-01,5.738238245248794556e-02,-6.937907636165618896e-02,-1.654089093208312988e-01,-2.566315978765487671e-02,1.435969918966293335e-01
5.738737806677818298e-02,4.560698941349983215e-02,1.037200167775154114e-01,-1.032392457127571106e-01,8.247835189104080200e-02,8.396525681018829346e-02,1.905508525669574738e-02,4.263731464743614197e-02,2.778255939483642578e-02,-4.039116203784942627e-03,-5.794214084744453430e-02,-1.616178429685533047e-03,7.292628288269042969e-05,-1.128577291965484619e-01,6.703533232212066650e-02,-5.223361402750015259e-02,-1.318113133311271667e-02,5.708931758999824524e-02,1.120794471353292465e-02,4.543782025575637817e-02,1.253419928252696991e-02,-1.020021885633468628e-01,-7.703110575675964355e-02,1.096007823944091797e-01,1.652223169803619385e-01,1.993414945900440216e-03,1.225347351282835007e-02,-7.583060860633850098e-02,1.721626147627830505e-02,-2.470905194059014320e-03,2.763261832296848297e-02,3.252762369811534882e-03,7.264574989676475525e-03,1.450850814580917358e-02,-3.281831741333007812e-04,7.471104711294174194e-02,2.218302525579929352e-02,-6.018134206533432007e-02,-2.039122767746448517e-02,6.204023212194442749e-02,2.878022566437721252e-02,1.476108841598033905e-02,-3.049652278423309326e-02,-3.772538388147950172e-03,-6.922358274459838867e-02,-1.120478808879852295e-01,-3.261993452906608582e-02,3.619281202554702759e-02,-3.151258081197738647e-02,8.392252773046493530e-02,7.911844179034233093e-03,-8.295350521802902222e-02,-3.859335929155349731e-02,9.891276247799396515e-03,-3.383485972881317139e-02,-4.591006785631179810e-02,-3.873128816485404968e-02,-3.438275679945945740e-02,-1.036565452814102173e-01,-1.266891416162252426e-02,-3.347772359848022461e-02,4.347058013081550598e-03,2.338289842009544373e-02,3.193382918834686279e-02,7.320407032966613770e-02,-5.321215838193893433e-02,1.448115520179271698e-02,3.123307228088378906e-02,9.570424444973468781e-03,1.925763906911015511e-03,-1.193380262702703476e-02,-4.702490940690040588e-02,1.541015654802322388e-01,7.925271987915039062e-02,5.331822112202644348e-02,4.080944880843162537e-02,-3.268144279718399048e-02,2.234635129570960999e-02,3.169919177889823914e-02,5.669565871357917786e-02,-6.038046628236770630e-02,-8.534819819033145905e-03,3.166298940777778625e-02,3.167328983545303345e-02,8.151152729988098145e-02,-3.191751241683959961e-02,-1.745770685374736786e-02,-7.051529362797737122e-03,-4.425121843814849854e-02,-6.725338846445083618e-02,7.718015462160110474e-02,6.120670959353446960e-02,-3.210373595356941223e-02,2.892333641648292542e-02,-4.914204403758049011e-02,2.770343236625194550e-02,-3.528699046000838280e-03,3.559884428977966309e-02,6.169680133461952209e-02,-4.342671856284141541e-02,3.080715797841548920e-02,5.297494307160377502e-02,-3.377555310726165771e-02,1.946757547557353973e-02,-3.105422109365463257e-02,-1.730319857597351074e-02,1.089925989508628845e-01,5.493210256099700928e-02,2.614697441458702087e-02,4.743419960141181946e-02,5.486283451318740845e-03,3.112704865634441376e-02,2.622527256608009338e-02,-2.979433536529541016e-02,4.150247666984796524e-03,6.208045408129692078e-02,6.228723563253879547e-03,8.171614259481430054e-03,-8.458382450044155121e-03,2.960322983562946320e-02,-7.328946888446807861e-02,9.364122897386550903e-02,5.645883083343505859e-02,3.013571724295616150e-03,-5.351305007934570312e-02,-1.171956136822700500e-01,-3.712684288620948792e-02,1.440968513488769531e-01
-2.123307622969150543e-02,1.431572902947664261e-02,1.070782095193862915e-01,-1.113715097308158875e-01,4.733348265290260315e-02,4.285709932446479797e-02,2.482604049146175385e-02,4.093161225318908691e-02,1.210629241541028023e-03,-9.133083745837211609e-03,-1.289162635803222656e-01,-2.885344997048377991e-02,3.268840536475181580e-02,-9.600985050201416016e-02,1.938502304255962372e-02,-1.177075430750846863e-01,-2.981117228046059608e-03,1.119417548179626465e-01,2.732752449810504913e-02,6.047391146421432495e-02,-1.749965548515319824e-02,-1.390783786773681641e-01,-9.473394602537155151e-02,1.811023801565170288e-01,2.076324224472045898e-01,-1.102363970130681992e-02,-1.150235347449779510e-02,-2.347469702363014221e-02,8.062812499701976776e-03,8.220470696687698364e-02,3.551141917705535889e-02,-1.532831341028213501e-01,3.139783442020416260e-02,2.876149676740169525e-02,4.136545211076736450e-02,1.428794264793395996e-01,7.934281229972839355e-02,-5.400469899177551270e-02,2.261756174266338348e-02,4.149942472577095032e-02,3.234402090311050415e-02,-1.326250750571489334e-02,3.153246641159057617e-02,-6.622574292123317719e-03,-4.698417335748672485e-02,-1.214648932218551636e-01,8.112841099500656128e-02,1.204345151782035828e-01,-1.350129954516887665e-02,8.202218264341354370e-02,5.777117609977722168e-02,-1.180900484323501587e-01,-3.836201876401901245e-02,-1.108943950384855270e-03,-4.162274301052093506e-02,-3.906870633363723755e-02,-8.347442001104354858e-02,-5.305613577365875244e-02,-1.496161669492721558e-01,-1.310005318373441696e-02,-2.482645958662033081e-02,4.064030945301055908e-03,6.344988942146301270e-02,6.340609490871429443e-02,1.788661479949951172e-01,-4.429544880986213684e-02,1.185068935155868530e-01,2.665391564369201660e-02,-3.023191541433334351e-02,6.837141234427690506e-03,-1.947332359850406647e-02,-5.300766229629516602e-02,2.198709696531295776e-01,1.469123214483261108e-01,1.352746933698654175e-01,5.445699393749237061e-02,-1.035455912351608276e-01,1.539427321404218674e-02,-5.084798112511634827e-02,-8.216999471187591553e-03,-7.243823260068893433e-02,4.115882888436317444e-02,4.463741183280944824e-02,4.254542291164398193e-02,1.988163143396377563e-01,3.726174682378768921e-02,-3.294514864683151245e-02,-2.627372741699218750e-04,-7.116755843162536621e-02,5.286792758852243423e-03,1.132936477661132812e-01,7.868585735559463501e-02,-3.300096839666366577e-02,5.680171772837638855e-03,-4.595509171485900879e-02,-4.428029526025056839e-03,3.832023125141859055e-03,-6.210206774994730949e-04,-5.501721054315567017e-03,-9.664124995470046997e-02,-3.969783708453178406e-02,9.532160311937332153e-02,3.420692682266235352e-02,5.814162269234657288e-02,-4.153810068964958191e-02,-4.893878102302551270e-02,6.046799942851066589e-02,-2.811754122376441956e-02,4.061019793152809143e-02,2.976431883871555328e-02,2.630243636667728424e-02,1.147087514400482178e-01,3.666950156912207603e-03,-2.559885941445827484e-02,6.991540081799030304e-03,6.398696452379226685e-02,2.684362232685089111e-02,9.448661655187606812e-02,-5.326484888792037964e-02,6.162827461957931519e-02,-7.051955163478851318e-02,1.049791499972343445e-01,9.416391700506210327e-02,9.122975915670394897e-02,3.077610395848751068e-02,-1.787333786487579346e-01,7.705090101808309555e-04,2.163040339946746826e-01
7.402271777391433716e-02,1.062560006976127625e-01,1.707885116338729858e-01,-1.802482008934020996e-01,1.094156056642532349e-01,8.102387189865112305e-02,-4.359876364469528198e-02,1.071733795106410980e-02,4.490562528371810913e-02,2.475345740094780922e-03,-1.501880586147308350e-01,1.027938257902860641e-02,5.485597997903823853e-02,-2.275714464485645294e-02,-7.073134183883666992e-03,-9.195071458816528320e-02,-2.358058653771877289e-02,1.029013916850090027e-01,3.547582775354385376e-02,1.015923321247100830e-01,3.694035485386848450e-02,-9.987946599721908569e-02,-4.979323968291282654e-02,1.021765768527984619e-01,1.761498302221298218e-01,-1.853173226118087769e-02,-4.400674998760223389e-02,-7.383782416582107544e-02,9.436624124646186829e-03,3.065837733447551727e-02,-4.375463351607322693e-02,-8.436319977045059204e-02,5.752659216523170471e-02,2.096434868872165680e-02,-1.131181716918945312e-01,1.030131429433822632e-02,2.924195257946848869e-03,-7.058891654014587402e-02,-7.456580642610788345e-03,3.850688412785530090e-02,3.755084425210952759e-02,1.111155822873115540e-01,-8.800975978374481201e-02,-3.357848897576332092e-02,-6.011541560292243958e-02,-5.251492187380790710e-02,3.319199755787849426e-02,3.256450220942497253e-02,-9.214230626821517944e-02,9.226168692111968994e-02,2.701753936707973480e-02,6.813462823629379272e-02,5.597191676497459412e-02,3.628760576248168945e-02,-8.300413936376571655e-02,-5.000754818320274353e-02,-1.010293141007423401e-01,-1.307380106300115585e-02,-1.736758500337600708e-01,-4.498417675495147705e-02,-9.942878037691116333e-02,-5.336404219269752502e-02,5.340921133756637573e-02,4.261167347431182861e-02,1.996867656707763672e-01,-3.318535909056663513e-02,-2.210271731019020081e-02,1.185277774930000305e-01,8.577241748571395874e-02,7.479162514209747314e-02,-1.256387773901224136e-02,-1.072007883340120316e-02,2.512587904930114746e-01,1.220062226057052612e-01,-2.223646268248558044e-02,1.370280683040618896e-01,-9.667873382568359375e-05,9.286746382713317871e-02,2.616144716739654541e-02,1.206548810005187988e-01,-1.171923205256462097e-01,-1.017474457621574402e-01,2.209628187119960785e-02,-1.268157735466957092e-02,9.765701368451118469e-03,-3.284309431910514832e-02,-2.571602351963520050e-02,-1.237248722463846207e-02,-9.790487587451934814e-02,-7.223417609930038452e-02,1.307014375925064087e-01,9.391604363918304443e-02,-8.589464426040649414e-02,6.963556632399559021e-03,-7.343145459890365601e-02,4.224344342947006226e-02,2.248480170965194702e-02,-2.240326255559921265e-03,8.111849427223205566e-02,-7.638538628816604614e-02,-3.869126085191965103e-03,7.818370312452316284e-02,-5.906947702169418335e-02,3.262865822762250900e-03,-1.443226169794797897e-02,-1.401661783456802368e-01,4.775770753622055054e-02,-1.268849056214094162e-02,-1.729721017181873322e-02,3.349862247705459595e-02,3.138710046187043190e-03,6.803562492132186890e-02,9.880068153142929077e-02,-1.998048089444637299e-02,-1.068965438753366470e-02,1.593326590955257416e-02,1.139898318797349930e-02,1.188372671604156494e-01,3.638198599219322205e-02,4.351856186985969543e-03,-1.378394812345504761e-01,3.137517953291535378e-03,6.545899808406829834e-02,7.938622683286666870e-02,2.539356797933578491e-02,-1.880274713039398193e-01,-3.725168853998184204e-02,1.637157350778579712e-01
3.797012567520141602e-02,8.891586959362030029e-02,1.665124446153640747e-01,-1.672509759664535522e-01,6.257500499486923218e-02,1.160830482840538025e-01,-4.331388697028160095e-02,9.100155904889106750e-03,4.769223928451538086e-02,2.407210506498813629e-02,-1.465285271406173706e-01,-5.674734711647033691e-02,2.178633958101272583e-02,-2.136986888945102692e-02,8.380915224552154541e-02,-6.514301151037216187e-02,4.288728535175323486e-02,8.418479561805725098e-02,-7.714743725955486298e-03,7.460583746433258057e-02,9.697937406599521637e-03,-7.353446632623672485e-02,-6.755842268466949463e-02,1.613638997077941895e-01,2.045917659997940063e-01,2.452748641371726990e-02,2.675052732229232788e-02,-9.130718559026718140e-02,-2.616697223857045174e-03,4.089647904038429260e-02,4.417278245091438293e-02,-1.428695619106292725e-01,1.382745429873466492e-02,-1.115886121988296509e-01,-2.983116731047630310e-02,1.189209148287773132e-01,9.710700809955596924e-02,-6.148508563637733459e-02,7.161871343851089478e-02,1.072262451052665710e-01,1.283533219248056412e-02,-4.586468264460563660e-02,-2.994702383875846863e-02,7.208102382719516754e-03,-5.415237043052911758e-03,-9.047183394432067871e-02,9.682817012071609497e-02,1.248086392879486084e-01,1.030474435538053513e-03,8.078570663928985596e-02,1.149202659726142883e-01,-1.004337146878242493e-01,-1.009032875299453735e-01,-2.881506644189357758e-02,-4.940581321716308594e-02,-1.405188888311386108e-01,-1.360055208206176758e-01,-7.924409210681915283e-02,-1.751093417406082153e-01,1.291259750723838806e-02,4.969912394881248474e-02,-1.848606206476688385e-02,-2.099241130053997040e-02,2.967198379337787628e-02,1.890333890914916992e-01,-5.880161747336387634e-02,8.245317637920379639e-02,8.991619199514389038e-02,3.014684841036796570e-02,8.848311752080917358e-02,2.591029740869998932e-02,-2.461561746895313263e-02,1.811358928680419922e-01,1.389120370149612427e-01,1.719000786542892456e-01,1.582985669374465942e-01,-1.394443679600954056e-02,7.532913982868194580e-02,-2.451304160058498383e-02,-1.178576517850160599e-02,-3.106109984219074249e-02,2.837742120027542114e-02,2.496304549276828766e-02,-2.116614021360874176e-02,3.759690746665000916e-02,-2.049978263676166534e-02,-7.328676525503396988e-03,4.794940352439880371e-02,-4.749212041497230530e-02,2.382012456655502319e-02,1.689298748970031738e-01,8.863086998462677002e-02,-8.182734251022338867e-02,3.374072909355163574e-02,-1.131828874349594116e-02,1.685081236064434052e-02,8.170711994171142578e-02,9.909653663635253906e-02,4.967860504984855652e-02,-1.326939314603805542e-01,-5.925324559211730957e-02,1.229644566774368286e-01,-2.654143422842025757e-02,2.614435553550720215e-02,3.278667852282524109e-02,-6.165389716625213623e-02,7.883705943822860718e-02,3.951859846711158752e-02,4.034755751490592957e-02,3.929774463176727295e-02,-6.317436695098876953e-02,1.099470537155866623e-02,-1.752107590436935425e-02,3.449983149766921997e-02,-1.932561956346035004e-02,8.077208697795867920e-02,5.099060013890266418e-02,3.783549368381500244e-02,-6.464029848575592041e-02,4.369517043232917786e-02,-1.473097950220108032e-01,3.822638094425201416e-02,1.028241217136383057e-01,6.413489580154418945e-02,-1.362346671521663666e-02,-1.909319758415222168e-01,-2.741605974733829498e-02,1.780761033296585083e-01
-1.260854396969079971e-02,4.442465677857398987e-02,1.333828866481781006e-01,-7.228937745094299316e-02,1.043925657868385315e-01,8.962560445070266724e-02,-1.905419118702411652e-02,-3.911266103386878967e-03,1.147037930786609650e-02,1.749387569725513458e-02,-1.146397814154624939e-01,-1.536477729678153992e-02,1.638039387762546539e-02,-5.496915429830551147e-02,8.902798593044281006e-02,-8.801916241645812988e-02,6.466984748840332031e-02,9.051557630300521851e-02,2.768547646701335907e-02,3.760771080851554871e-02,-3.514233604073524475e-02,-1.161675453186035156e-01,-9.172493964433670044e-02,1.533249318599700928e-01,2.101974487304687500e-01,6.649157963693141937e-03,1.066402811557054520e-02,-4.943768307566642761e-02,1.984013803303241730e-02,4.196659475564956665e-02,1.270675566047430038e-02,-1.626379042863845825e-01,1.204877393320202827e-03,-4.647679626941680908e-02,-6.459771655499935150e-03,1.145049706101417542e-01,5.890298634767532349e-02,-4.154613614082336426e-02,8.643381297588348389e-03,4.291385039687156677e-02,4.257740452885627747e-02,6.728398147970438004e-03,5.761201027780771255e-03,-4.453595355153083801e-02,-3.761075064539909363e-02,-7.910049706697463989e-02,1.037292554974555969e-01,1.652634143829345703e-01,1.914151199162006378e-02,7.065880298614501953e-02,8.970134705305099487e-02,-1.004104018211364746e-01,-7.951285690069198608e-02,-1.268971152603626251e-02,-5.150057747960090637e-02,-1.264423578977584839e-01,-1.167109981179237366e-01,-4.132591560482978821e-02,-1.419988274574279785e-01,-2.606650441884994507e-02,1.174970902502536774e-02,-1.400316506624221802e-02,-6.819962291046977043e-04,1.526928320527076721e-02,1.835392713546752930e-01,-1.001745015382766724e-01,9.435969591140747070e-02,3.652722761034965515e-02,1.708466373383998871e-02,6.243468075990676880e-02,-1.872564665973186493e-02,-6.311820447444915771e-02,1.807654201984405518e-01,1.431059986352920532e-01,1.283518373966217041e-01,1.331672072410583496e-01,-3.687288239598274231e-02,8.895910531282424927e-02,-4.290837794542312622e-02,2.896172180771827698e-02,-4.744947701692581177e-02,-1.270607020705938339e-02,-3.217381983995437622e-02,-9.230202063918113708e-03,1.492952555418014526e-01,-1.769643835723400116e-02,8.811053121462464333e-04,8.449203334748744965e-03,-3.920466452836990356e-02,-2.032366394996643066e-02,1.223244145512580872e-01,7.519871741533279419e-02,-2.893310599029064178e-02,6.952669471502304077e-02,-1.875725761055946350e-02,-6.857167929410934448e-03,2.468453533947467804e-02,6.717969477176666260e-02,1.508648879826068878e-02,-1.087009608745574951e-01,-4.777932912111282349e-02,7.634268701076507568e-02,-2.875259146094322205e-02,-7.943730801343917847e-03,6.838005967438220978e-03,-7.156792283058166504e-02,4.731956869363784790e-02,4.182683303952217102e-02,4.963392764329910278e-02,4.444838035851716995e-03,-1.203234400600194931e-02,4.584788158535957336e-02,2.674766816198825836e-02,2.274793945252895355e-02,-2.477338165044784546e-02,2.753583341836929321e-02,4.295026510953903198e-02,8.023586869239807129e-02,-4.642983898520469666e-02,8.404985815286636353e-02,-1.127270758152008057e-01,4.822869226336479187e-02,1.134194508194923401e-01,7.643773406744003296e-02,-3.439352847635746002e-03,-2.047885507345199585e-01,-7.791658397763967514e-03,1.968917101621627808e-01
1.569958403706550598e-02,-1.482270844280719757e-02,1.188251599669456482e-01,-1.721381694078445435e-01,8.584817498922348022e-02,1.442486643791198730e-01,-8.083404973149299622e-03,-9.485019370913505554e-03,-3.298685327172279358e-02,-4.168849065899848938e-02,-1.091032922267913818e-01,-4.730190336704254150e-02,5.978523939847946167e-02,5.345501471310853958e-03,8.296333253383636475e-02,-7.462543249130249023e-02,4.001788422465324402e-02,1.197838783264160156e-01,-7.637470960617065430e-03,8.052314072847366333e-02,8.507313206791877747e-03,-7.596648484468460083e-02,-1.064053922891616821e-01,1.518105268478393555e-01,2.334437370300292969e-01,-1.036743726581335068e-02,1.422860473394393921e-02,-3.916657716035842896e-02,3.195136040449142456e-02,2.793648652732372284e-02,6.455092225223779678e-03,-9.381964802742004395e-02,3.194564953446388245e-02,-3.998967632651329041e-02,-3.320770803838968277e-03,1.205692663788795471e-01,7.696346938610076904e-02,-6.028615683317184448e-02,5.300382897257804871e-02,1.125849410891532898e-01,4.780507460236549377e-02,-4.348995909094810486e-02,-2.502106688916683197e-02,-7.115080207586288452e-02,-3.281660005450248718e-02,-1.188562735915184021e-01,9.409773349761962891e-02,1.495728641748428345e-01,-2.567417919635772705e-02,7.198149710893630981e-02,9.253644943237304688e-02,-8.246125280857086182e-02,-1.813695393502712250e-02,3.241404145956039429e-02,-6.042221561074256897e-02,-1.213549524545669556e-01,-1.387069970369338989e-01,-9.428964555263519287e-02,-1.796354204416275024e-01,-9.068247163668274879e-04,-1.542410068213939667e-02,-1.561045646667480469e-04,4.589525610208511353e-02,6.559095531702041626e-02,2.203996181488037109e-01,-3.861178457736968994e-02,8.000578731298446655e-02,8.702679723501205444e-02,-2.260341309010982513e-02,1.918715052306652069e-02,-1.757857762277126312e-02,-5.267364904284477234e-02,1.918494701385498047e-01,1.262541115283966064e-01,1.069530323147773743e-01,1.424167901277542114e-01,1.235922705382108688e-02,5.446248874068260193e-02,1.924619451165199280e-02,6.523097306489944458e-02,-9.724995493888854980e-02,5.076527013443410397e-04,9.287565946578979492e-03,-2.993603935465216637e-03,1.243481785058975220e-01,-5.037067085504531860e-02,-2.717886306345462799e-02,-1.515027973800897598e-02,-8.146546036005020142e-02,-8.740738034248352051e-02,9.778867661952972412e-02,6.991974264383316040e-02,-1.879378221929073334e-02,6.663856655359268188e-02,7.041261345148086548e-02,5.140652880072593689e-02,7.338779419660568237e-02,7.867113500833511353e-02,7.367587089538574219e-02,-1.228258088231086731e-01,-3.919193521142005920e-03,9.617635607719421387e-02,-3.802524507045745850e-02,2.404267666861414909e-03,-1.271966006606817245e-02,3.783022612333297729e-02,4.254980012774467468e-02,4.502802155911922455e-03,4.231564700603485107e-02,9.359088540077209473e-02,-1.629738369956612587e-03,7.315598428249359131e-02,4.225534945726394653e-02,-8.766753599047660828e-03,-4.864533245563507080e-02,4.901292920112609863e-02,3.358328342437744141e-02,1.452436111867427826e-02,-3.428232669830322266e-02,4.427587613463401794e-02,-1.588259339332580566e-01,8.843927085399627686e-02,1.142003163695335388e-01,6.481802463531494141e-02,-5.309117585420608521e-02,-1.832278668880462646e-01,-5.671080574393272400e-02,1.453406214714050293e-01
4.171247035264968872e-02,4.991625621914863586e-02,7.945477962493896484e-02,-1.530731320381164551e-01,5.152604728937149048e-02,1.477708946913480759e-02,2.112667076289653778e-02,3.187321126461029053e-02,8.149323053658008575e-03,2.259656414389610291e-02,-1.256890147924423218e-01,-2.434023097157478333e-02,4.722423478960990906e-02,-1.201029047369956970e-01,6.701907515525817871e-02,-8.868187665939331055e-02,4.965125396847724915e-02,1.054821461439132690e-01,6.857424229383468628e-02,6.738718599081039429e-02,-1.397482771426439285e-02,-1.448713093996047974e-01,-9.171073138713836670e-02,2.096710205078125000e-01,2.340085208415985107e-01,2.722594328224658966e-02,-1.442949101328849792e-02,-5.653158575296401978e-02,2.201669104397296906e-02,-3.586121648550033569e-02,6.694842129945755005e-03,-1.511560529470443726e-01,1.825186423957347870e-02,-1.983376219868659973e-02,1.603435911238193512e-02,1.543727070093154907e-01,4.750871285796165466e-02,-4.082718119025230408e-02,3.557601198554039001e-02,9.462723881006240845e-02,7.486589998006820679e-02,1.667696610093116760e-02,9.165596216917037964e-03,-3.592556715011596680e-02,-5.178960412740707397e-02,-4.283561557531356812e-02,8.035368472337722778e-02,1.183516457676887512e-01,-4.532287269830703735e-02,9.420182555913925171e-02,5.178124830126762390e-02,-9.320576488971710205e-02,-9.969291836023330688e-02,-4.210633039474487305e-02,-8.160975761711597443e-03,-9.268541634082794189e-02,-1.260935217142105103e-01,-6.507384032011032104e-02,-1.676459610462188721e-01,-3.798317397013306618e-03,-1.861103810369968414e-02,4.628002061508595943e-04,1.981189474463462830e-02,4.679433256387710571e-02,2.097293138504028320e-01,-2.119625732302665710e-02,5.731504037976264954e-02,4.847015067934989929e-02,2.421808242797851562e-02,9.178731590509414673e-02,-4.951257724314928055e-03,-8.126815408468246460e-02,2.093722373247146606e-01,1.749765127897262573e-01,1.339632123708724976e-01,1.418337374925613403e-01,-1.180540211498737335e-02,6.733473390340805054e-02,1.546381390653550625e-03,9.410887211561203003e-02,-7.130662351846694946e-02,4.892349615693092346e-02,1.139403693377971649e-02,-4.207595810294151306e-02,1.433366835117340088e-01,5.290647223591804504e-02,-5.425526201725006104e-02,3.401393815875053406e-02,-5.672063678503036499e-02,-1.008160412311553955e-02,1.136258095502853394e-01,1.965564303100109100e-02,-1.083636060357093811e-01,1.195412501692771912e-02,-5.248202383518218994e-02,4.190248623490333557e-02,3.965282067656517029e-02,3.733278438448905945e-02,-4.335793200880289078e-03,-6.023048609495162964e-02,9.600581601262092590e-03,1.433243751525878906e-01,-8.508118800818920135e-03,2.503679133951663971e-02,-4.692936781793832779e-03,-4.698586836457252502e-02,7.357704639434814453e-02,7.076771557331085205e-02,6.959149241447448730e-02,9.848960675299167633e-03,2.487122267484664917e-02,9.315369278192520142e-02,9.083446348085999489e-04,-2.219216898083686829e-02,-2.137740328907966614e-02,3.705838695168495178e-02,8.574416488409042358e-02,4.100882261991500854e-02,-7.177438121289014816e-03,6.328081339597702026e-02,-1.038131788372993469e-01,8.823810517787933350e-02,6.969165056943893433e-02,7.173553109169006348e-02,-2.577082626521587372e-02,-1.964028626680374146e-01,5.690512247383594513e-03,2.051161527633666992e-01
-2.329011633992195129e-02,5.645003914833068848e-02,1.216300278902053833e-01,-9.045694023370742798e-02,9.443481266498565674e-02,8.542681485414505005e-02,6.258803606033325195e-02,3.679142519831657410e-02,-2.648064680397510529e-02,4.843054711818695068e-02,-7.990907132625579834e-02,1.447650976479053497e-02,9.348229318857192993e-02,-7.138326764106750488e-02,8.421669155359268188e-02,-6.701304763555526733e-02,-1.605631969869136810e-02,1.102556139230728149e-01,5.910627543926239014e-02,8.212555199861526489e-02,8.291321806609630585e-03,-1.021269485354423523e-01,-5.177786573767662048e-02,1.881774663925170898e-01,2.032930105924606323e-01,-1.326757110655307770e-02,-3.650722652673721313e-02,1.215874450281262398e-03,3.791852667927742004e-02,-8.784463256597518921e-02,4.379929509013891220e-03,-1.245272159576416016e-01,9.725202806293964386e-03,-4.911755025386810303e-02,-2.768360078334808350e-03,9.999831765890121460e-02,5.287490785121917725e-02,-3.285056725144386292e-02,3.057414293289184570e-02,1.133669838309288025e-01,1.188082061707973480e-02,-2.404529973864555359e-02,1.322213094681501389e-02,4.806194826960563660e-02,-5.728204548358917236e-02,-8.289758861064910889e-02,1.000637114048004150e-01,1.105917692184448242e-01,5.193185433745384216e-02,5.222136527299880981e-02,4.626622051000595093e-02,-6.686805188655853271e-02,-1.268338561058044434e-01,-4.313876852393150330e-02,-1.669969782233238220e-02,-5.554178357124328613e-02,-1.008995175361633301e-01,-6.978833675384521484e-02,-1.258272826671600342e-01,9.657735936343669891e-04,-7.959941402077674866e-03,4.144373163580894470e-02,5.539670959115028381e-02,6.796848773956298828e-02,2.162069976329803467e-01,-9.382567368447780609e-03,1.412577331066131592e-01,2.390075102448463440e-02,2.138365991413593292e-02,9.219491481781005859e-02,4.815004300326108932e-03,-5.338659882545471191e-02,1.759315729141235352e-01,1.203705295920372009e-01,1.354016065597534180e-01,1.388446241617202759e-01,-3.607524558901786804e-02,7.030071318149566650e-02,-5.540933459997177124e-02,6.360692530870437622e-02,-1.307138800621032715e-02,-3.056196868419647217e-02,-3.250914858654141426e-03,-7.042679935693740845e-02,1.297066807746887207e-01,3.425136581063270569e-02,-5.007211863994598389e-02,-7.459507882595062256e-02,-5.665548890829086304e-02,-1.447913050651550293e-02,8.740318566560745239e-02,3.040785342454910278e-02,-5.941194668412208557e-02,1.149862539023160934e-03,-3.452873602509498596e-02,1.013375353068113327e-02,4.954842478036880493e-02,5.591793358325958252e-02,8.498760871589183807e-03,-7.217027246952056885e-02,-6.657829042524099350e-03,9.717508405447006226e-02,-5.330722406506538391e-02,7.237384468317031860e-02,2.287021465599536896e-02,1.188933150842785835e-03,6.736276298761367798e-02,5.772673711180686951e-02,3.667847812175750732e-02,1.679569482803344727e-02,-2.540000155568122864e-02,7.447609305381774902e-02,5.686622858047485352e-02,4.714073613286018372e-02,-2.946768887341022491e-02,5.103807151317596436e-02,5.623518954962491989e-03,-5.566317588090896606e-02,-1.098298504948616028e-01,7.801634073257446289e-02,-1.016647145152091980e-01,7.153228670358657837e-02,7.460746914148330688e-02,2.165015786886215210e-03,-4.790649935603141785e-02,-1.648005247116088867e-01,4.741834849119186401e-02,2.154177576303482056e-01
5.852728709578514099e-02,9.342341870069503784e-02,1.061477139592170715e-01,-1.684819608926773071e-01,1.095444560050964355e-01,1.669498682022094727e-01,3.110778331756591797e-02,-3.525744006037712097e-02,-2.649777196347713470e-02,5.830239504575729370e-02,-8.468548953533172607e-02,3.136618807911872864e-02,5.894355475902557373e-02,-1.898814365267753601e-02,3.100798279047012329e-02,-7.247197628021240234e-02,3.673848137259483337e-02,9.824286401271820068e-02,7.132316380739212036e-02,1.359885782003402710e-01,4.923183843493461609e-02,-1.319604516029357910e-01,-6.605430692434310913e-02,1.554413288831710815e-01,2.296043783426284790e-01,4.181921482086181641e-02,9.356916695833206177e-02,5.296596884727478027e-02,8.829508721828460693e-02,-2.568263746798038483e-02,-1.509116590023040771e-02,-1.178299486637115479e-01,4.782401490956544876e-03,-3.938308358192443848e-02,-9.347165375947952271e-02,2.207543700933456421e-03,8.992616832256317139e-02,-8.018324524164199829e-02,-1.973158121109008789e-02,5.038785189390182495e-02,6.721473485231399536e-02,4.135822504758834839e-02,9.336468065157532692e-04,5.480347573757171631e-02,1.402619667351245880e-02,-6.440161913633346558e-02,1.269745081663131714e-01,9.766023606061935425e-02,-3.210316970944404602e-02,5.082797259092330933e-02,9.617490321397781372e-02,-6.568546593189239502e-02,-1.228854581713676453e-01,-1.390137895941734314e-02,3.655208507552742958e-03,-1.648631989955902100e-01,-4.135126620531082153e-02,-3.127281740307807922e-02,-1.785042881965637207e-01,6.128405779600143433e-02,8.163222670555114746e-02,-3.240308538079261780e-02,1.362221501767635345e-02,-1.370299328118562698e-02,1.595442146062850952e-01,-5.478579550981521606e-02,2.136015705764293671e-02,1.005488783121109009e-01,4.926587641239166260e-02,1.091305613517761230e-01,-1.997660659253597260e-02,-1.028276458382606506e-01,2.520873248577117920e-01,1.663462221622467041e-01,3.752486407756805420e-02,1.689969301223754883e-01,-3.029238805174827576e-02,1.075817495584487915e-01,-5.140593647956848145e-02,1.610386930406093597e-02,-1.099378317594528198e-01,-1.047909930348396301e-01,-1.107835024595260620e-02,-1.253527216613292694e-02,8.807650208473205566e-02,-6.339939683675765991e-02,4.194443114101886749e-03,-1.416552532464265823e-02,-1.235874891281127930e-01,-6.248858943581581116e-02,1.281819343566894531e-01,7.879823446273803711e-02,-1.081057935953140259e-01,3.683860227465629578e-02,-1.760798133909702301e-02,3.028244338929653168e-02,7.877601683139801025e-02,6.664164364337921143e-02,5.283279716968536377e-02,-8.400973677635192871e-02,-4.050430655479431152e-02,1.261695921421051025e-01,2.657234854996204376e-02,3.007237985730171204e-02,3.484744578599929810e-02,-1.409664005041122437e-01,8.620351552963256836e-02,1.233139336109161377e-01,2.235954441130161285e-02,6.809750199317932129e-02,-3.612372651696205139e-02,1.281226892024278641e-02,3.354112803936004639e-02,1.795110851526260376e-02,5.973277729935944080e-04,2.979412488639354706e-02,4.960434511303901672e-02,4.581359401345252991e-02,-1.921710791066288948e-03,8.643663674592971802e-02,-1.229546144604682922e-01,2.362413518130779266e-02,9.261469542980194092e-02,2.060350961983203888e-02,-3.057033196091651917e-02,-1.701561808586120605e-01,4.516137763857841492e-02,1.813393235206604004e-01
5.546387657523155212e-02,6.791592389345169067e-02,9.859085083007812500e-02,-1.196139752864837646e-01,3.493281081318855286e-02,1.079706922173500061e-01,3.796932846307754517e-02,2.872659638524055481e-02,-3.430039063096046448e-02,-4.169378802180290222e-02,-1.240722015500068665e-01,-6.198067590594291687e-02,2.769759669899940491e-02,-1.006264835596084595e-01,1.258578896522521973e-01,-5.570967122912406921e-02,1.144335232675075531e-02,1.016389578580856323e-01,-9.751815348863601685e-03,4.578299075365066528e-02,3.647776320576667786e-02,-8.616133034229278564e-02,-1.017749533057212830e-01,1.540158540010452271e-01,2.205104231834411621e-01,-2.698662877082824707e-02,-7.059630006551742554e-02,-3.101664409041404724e-02,5.016695335507392883e-02,7.170360535383224487e-02,4.952752590179443359e-02,-9.192532300949096680e-02,9.076403826475143433e-02,4.451609030365943909e-02,-2.162244543433189392e-02,6.542903184890747070e-02,-1.184321567416191101e-02,-8.671648055315017700e-02,-2.470928616821765900e-02,8.411371707916259766e-02,2.955394797027111053e-02,7.200619578361511230e-02,-3.792986273765563965e-02,-4.015989601612091064e-03,6.659885402768850327e-03,-1.192055642604827881e-01,1.400882657617330551e-02,9.643414616584777832e-02,-4.395645484328269958e-02,8.156854659318923950e-02,7.910795509815216064e-02,-8.462347090244293213e-02,-3.953005000948905945e-02,1.685289782471954823e-03,-3.219144046306610107e-02,-1.007595509290695190e-01,-9.907956421375274658e-02,-3.914771601557731628e-02,-1.394207030534744263e-01,-1.368779595941305161e-02,-1.030769012868404388e-02,-2.364799380302429199e-02,4.726136848330497742e-02,8.925638347864151001e-02,1.502665728330612183e-01,-6.220440566539764404e-02,7.786165922880172729e-02,4.550158232450485229e-02,-4.181628581136465073e-03,6.309448508545756340e-04,-6.161185726523399353e-02,-1.619954034686088562e-02,2.009350806474685669e-01,1.018081381916999817e-01,1.004620790481567383e-01,8.749593049287796021e-02,-8.321232348680496216e-02,7.273659110069274902e-02,-1.044136937707662582e-02,7.850634306669235229e-02,-1.116773337125778198e-01,-2.681887149810791016e-02,1.834553107619285583e-02,2.722017932683229446e-03,1.260942965745925903e-01,8.666893467307090759e-03,-9.425927698612213135e-02,-3.688574209809303284e-02,-1.452108174562454224e-01,-5.537872388958930969e-02,8.213298767805099487e-02,8.547373116016387939e-02,-2.997608296573162079e-02,3.515135124325752258e-02,-9.705688059329986572e-02,-7.450561504811048508e-03,5.262036994099617004e-02,2.614158391952514648e-02,2.509769611060619354e-02,-7.400698959827423096e-02,1.616759970784187317e-02,7.794018834829330444e-02,-2.351163327693939209e-02,5.122159048914909363e-02,3.618054836988449097e-02,-2.811066247522830963e-02,9.587369114160537720e-02,8.535648882389068604e-02,3.937499225139617920e-02,7.680485397577285767e-02,-8.589800447225570679e-03,5.331587418913841248e-02,5.017536506056785583e-02,9.007031098008155823e-03,-3.973373677581548691e-03,3.078456036746501923e-02,7.616073638200759888e-02,3.026746399700641632e-02,-1.068349704146385193e-01,1.264486834406852722e-02,-1.131575256586074829e-01,7.418792694807052612e-02,1.454205363988876343e-01,3.396080806851387024e-02,-4.688458517193794250e-02,-1.813147515058517456e-01,-1.968102715909481049e-02,1.627952456474304199e-01
1.021394580602645874e-01,6.324085593223571777e-02,7.009059190750122070e-02,-1.502302289009094238e-01,9.141367860138416290e-03,1.241608262062072754e-01,7.878383994102478027e-02,4.433593153953552246e-02,2.204576320946216583e-02,-6.559410691261291504e-02,3.749108314514160156e-02,-1.232430338859558105e-01,-9.498779475688934326e-02,3.806374967098236084e-02,4.126989468932151794e-02,-1.490635424852371216e-01,-6.896237283945083618e-02,7.596630603075027466e-02,6.776683032512664795e-02,1.665880680084228516e-01,1.170295849442481995e-01,-1.086679250001907349e-01,-3.792527690529823303e-02,2.429799735546112061e-01,1.257146447896957397e-01,-2.359220571815967560e-02,1.123039349913597107e-01,2.565559558570384979e-02,2.380507998168468475e-02,-6.203273776918649673e-03,-7.441888749599456787e-02,-8.381907641887664795e-02,1.239341795444488525e-01,6.250016391277313232e-02,-6.345377117395401001e-02,6.081576272845268250e-02,1.585725396871566772e-01,3.730964846909046173e-03,-1.202173717319965363e-02,8.925022929906845093e-02,4.083762690424919128e-02,-4.756026901304721832e-03,-1.018383353948593140e-01,-1.995635032653808594e-02,7.108985446393489838e-03,-1.492778211832046509e-01,-8.398714661598205566e-02,5.482466146349906921e-02,-1.110972836613655090e-02,-1.979244127869606018e-02,9.168655425310134888e-02,-8.406864851713180542e-02,-1.206731647253036499e-01,9.519818425178527832e-02,1.173786893486976624e-01,-1.483346335589885712e-02,-7.592568546533584595e-02,-1.074132248759269714e-01,-1.784026473760604858e-01,6.643077358603477478e-03,-4.006040468811988831e-02,5.890476703643798828e-02,-5.223563686013221741e-02,-1.671173237264156342e-02,1.545231789350509644e-01,3.314859420061111450e-02,-4.230741877108812332e-03,5.708536878228187561e-02,1.000528782606124878e-02,1.492254585027694702e-01,8.180166594684123993e-03,-7.407005876302719116e-02,2.652664482593536377e-01,2.377065420150756836e-01,6.064907461404800415e-02,9.878767281770706177e-02,8.514560014009475708e-02,2.279643155634403229e-02,-1.237054914236068726e-02,8.551429212093353271e-02,9.734030812978744507e-02,-8.353617787361145020e-02,-9.605915285646915436e-03,-5.887952819466590881e-02,3.472731215879321098e-03,-3.257786855101585388e-02,-7.669023424386978149e-02,-8.332327753305435181e-02,-1.569282859563827515e-01,-4.834643378853797913e-02,9.643936902284622192e-02,8.046347647905349731e-02,-1.329304836690425873e-02,3.260344266891479492e-02,4.990237578749656677e-02,2.507740631699562073e-03,1.058537289500236511e-01,8.170507848262786865e-02,3.137925639748573303e-02,3.009575232863426208e-02,-4.055354371666908264e-02,1.417258754372596741e-02,-4.956721095368266106e-04,-4.813452437520027161e-02,6.976051628589630127e-02,-4.125288128852844238e-02,9.050653874874114990e-02,9.999722987413406372e-02,6.604368239641189575e-02,6.254915148019790649e-02,8.354230783879756927e-03,-5.573029071092605591e-02,5.062123760581016541e-02,-1.112277992069721222e-02,2.692417986690998077e-02,-5.092278122901916504e-03,1.008783504366874695e-01,-2.719264850020408630e-02,2.921298146247863770e-02,9.158530831336975098e-02,-1.709943860769271851e-01,-1.562125328928232193e-02,-1.429335214197635651e-02,-2.237643813714385033e-03,-1.154846027493476868e-01,-1.905697733163833618e-01,-6.920750439167022705e-02,1.156621575355529785e-01
9.846428409218788147e-03,3.448343276977539062e-02,1.030782908201217651e-01,-1.186073571443557739e-01,6.168673187494277954e-02,1.187460198998451233e-01,-1.420488674193620682e-02,-1.579051837325096130e-02,5.216962844133377075e-02,8.991624228656291962e-03,-6.910367310047149658e-02,-3.871614113450050354e-02,2.199643291532993317e-02,-1.014436110854148865e-01,8.868388831615447998e-02,-5.510603263974189758e-02,5.713227018713951111e-02,1.239358931779861450e-01,1.057135406881570816e-02,4.576237872242927551e-02,9.941368363797664642e-03,-8.692154288291931152e-02,-5.159881338477134705e-02,1.602277159690856934e-01,2.119293957948684692e-01,-1.574788242578506470e-02,5.223587155342102051e-02,-1.921023800969123840e-02,-9.876704774796962738e-03,-3.164244443178176880e-02,5.603433120995759964e-03,-1.136529073119163513e-01,3.823380684480071068e-03,2.204951830208301544e-02,-1.416585221886634827e-02,1.149576082825660706e-01,5.096390843391418457e-02,-8.199861645698547363e-02,2.995360456407070160e-02,1.351278126239776611e-01,1.130286455154418945e-01,6.853084545582532883e-03,1.221417682245373726e-03,-1.506166905164718628e-02,-6.500440090894699097e-02,-1.307219862937927246e-01,9.376226365566253662e-02,1.341282576322555542e-01,-5.107704177498817444e-02,4.808139428496360779e-02,9.064206480979919434e-02,-7.153794914484024048e-02,-5.868761241436004639e-02,2.264988236129283905e-02,-3.448215499520301819e-02,-9.033472090959548950e-02,-9.859908372163772583e-02,-5.093894153833389282e-02,-1.524899154901504517e-01,-1.678252592682838440e-02,-6.321577727794647217e-02,-4.079511016607284546e-02,1.941666193306446075e-02,3.387858346104621887e-02,1.632696837186813354e-01,-4.106320813298225403e-02,8.883515745401382446e-02,1.038841679692268372e-01,1.308851968497037888e-02,1.223601400852203369e-02,-4.953659325838088989e-02,-3.126906603574752808e-02,1.951833367347717285e-01,1.409997344017028809e-01,1.111525297164916992e-01,1.242685392498970032e-01,-1.613959483802318573e-02,1.918700151145458221e-02,7.107077632099390030e-03,6.140079721808433533e-02,-8.169442415237426758e-02,4.125995934009552002e-02,2.469618432223796844e-02,-1.925474405288696289e-02,1.429167538881301880e-01,-3.013401292264461517e-02,-1.040081307291984558e-02,-2.620698697865009308e-02,-1.085859388113021851e-01,-7.264228910207748413e-02,1.070987954735755920e-01,2.915404923260211945e-02,-5.159886926412582397e-02,6.915118545293807983e-02,2.332833036780357361e-02,6.193647161126136780e-03,5.712983757257461548e-02,4.130163788795471191e-02,6.015377119183540344e-03,-6.715598702430725098e-02,-5.184536054730415344e-02,8.067740499973297119e-02,-3.630814328789710999e-02,1.303139887750148773e-02,-1.192271709442138672e-02,-4.366727173328399658e-02,1.962534524500370026e-02,7.336782291531562805e-03,2.536175958812236786e-02,7.407231256365776062e-03,-2.682209014892578125e-07,4.075771197676658630e-02,2.177102863788604736e-02,-3.985323943197727203e-03,-1.047826092690229416e-02,1.037837639451026917e-01,-1.007403526455163956e-02,-1.104879006743431091e-02,-2.714086510241031647e-02,9.158302843570709229e-02,-1.234791725873947144e-01,2.843679487705230713e-02,7.632563263177871704e-02,3.697210922837257385e-02,-1.160190906375646591e-02,-1.692367196083068848e-01,-4.478058964014053345e-02,1.678655892610549927e-01
5.967927724123001099e-02,7.858548313379287720e-02,1.176460608839988708e-01,-1.569246351718902588e-01,6.866344064474105835e-02,9.532853960990905762e-02,1.544531527906656265e-02,-6.294351816177368164e-02,8.761567994952201843e-03,4.196513816714286804e-02,-1.156189367175102234e-01,-3.599273785948753357e-02,5.516115110367536545e-03,-5.337762832641601562e-02,3.211662918329238892e-02,-6.217548996210098267e-02,1.115768565796315670e-03,4.810952395200729370e-02,1.514616794884204865e-02,7.366508245468139648e-02,2.085886709392070770e-02,-5.453157424926757812e-02,-6.002665683627128601e-02,1.970392763614654541e-01,2.260109186172485352e-01,3.386575356125831604e-02,3.601771220564842224e-02,9.448752738535404205e-03,5.897973105311393738e-02,6.044816598296165466e-02,-3.514454001560807228e-03,-1.306151151657104492e-01,4.280676320195198059e-02,-5.245643481612205505e-02,-3.157313540577888489e-02,1.080629378557205200e-01,7.789608836174011230e-02,-7.651071995496749878e-02,6.941360980272293091e-02,9.452471882104873657e-02,4.925324022769927979e-02,6.793413311243057251e-02,5.455221980810165405e-02,2.057053335011005402e-02,-4.857465624809265137e-02,-6.526506692171096802e-02,8.619981259107589722e-02,1.364259272813796997e-01,1.018319092690944672e-02,6.332242488861083984e-02,1.296934634447097778e-01,-7.333084940910339355e-02,-1.510651260614395142e-01,-7.886185310781002045e-03,-6.689080595970153809e-02,-1.105917468667030334e-01,-1.015810593962669373e-01,-3.319161385297775269e-02,-1.689517498016357422e-01,-1.143015176057815552e-02,5.545389652252197266e-02,3.536235913634300232e-02,2.615686319768428802e-02,-2.919516293331980705e-03,1.988020390272140503e-01,-6.616527587175369263e-02,9.295641630887985229e-02,7.868162542581558228e-02,2.594594843685626984e-02,2.337941154837608337e-02,1.981725916266441345e-02,-8.932178467512130737e-02,1.854449957609176636e-01,1.273961365222930908e-01,1.377677768468856812e-01,1.374846100807189941e-01,-4.944353923201560974e-02,7.625330239534378052e-02,-4.658471420407295227e-02,3.848626464605331421e-02,-5.624252930283546448e-02,6.303970701992511749e-03,3.540156036615371704e-02,-1.865182444453239441e-02,1.106734573841094971e-01,-1.430510426871478558e-03,-1.176448911428451538e-02,-8.986052125692367554e-03,-7.360856235027313232e-02,-6.481767445802688599e-02,1.100228577852249146e-01,7.085223495960235596e-02,-5.440183728933334351e-02,5.391333252191543579e-02,-5.609482526779174805e-03,-6.930954754352569580e-03,4.815498739480972290e-02,2.752990834414958954e-02,4.444392770528793335e-02,-1.035697013139724731e-01,-8.340653032064437866e-02,1.146515905857086182e-01,-1.720604114234447479e-02,9.782031178474426270e-03,-1.256134454160928726e-02,-7.830762863159179688e-02,2.378265373408794403e-02,5.343694239854812622e-02,2.330923639237880707e-02,7.679709047079086304e-02,-2.008215710520744324e-02,6.747381296008825302e-03,3.128582611680030823e-02,-2.030024863779544830e-02,-6.120558455586433411e-02,-6.499584764242172241e-02,3.542635589838027954e-02,7.562676072120666504e-02,-3.443211689591407776e-02,3.680913522839546204e-02,-1.245707347989082336e-01,3.069163300096988678e-02,6.453321874141693115e-02,6.055131088942289352e-03,-1.594461873173713684e-02,-1.521066129207611084e-01,-9.834179654717445374e-03,1.919896155595779419e-01
1.107355393469333649e-02,1.658540777862071991e-02,2.600827999413013458e-02,-2.946375869214534760e-02,-1.394914370030164719e-02,-8.172448724508285522e-03,-1.672314479947090149e-02,2.417164854705333710e-02,3.198523074388504028e-03,-4.765592981129884720e-03,-5.382932722568511963e-03,-3.358774632215499878e-02,-8.189165964722633362e-03,-1.693774946033954620e-02,2.530850656330585480e-02,-2.068057470023632050e-02,-2.374074421823024750e-02,1.829178631305694580e-02,2.352084266021847725e-03,1.174300210550427437e-03,2.041518129408359528e-02,-1.190817542374134064e-02,-1.396302878856658936e-02,2.896714024245738983e-02,2.038381062448024750e-02,2.935992553830146790e-02,3.577457368373870850e-02,1.522932667285203934e-02,-1.003192923963069916e-02,-6.250805687159299850e-03,-2.256254665553569794e-02,-2.921455912292003632e-02,1.951780170202255249e-02,-2.377505181357264519e-03,-4.746704921126365662e-02,1.570947840809822083e-02,2.864829497411847115e-03,-4.002579022198915482e-03,-3.992238081991672516e-03,3.629221115261316299e-03,-1.282538101077079773e-02,-3.879217430949211121e-02,-6.453513167798519135e-03,1.339313667267560959e-02,-7.422429509460926056e-03,-3.606468066573143005e-02,-1.722939871251583099e-02,1.414600852876901627e-02,-5.713013000786304474e-03,-1.010606996715068817e-02,1.006721984595060349e-03,-3.636222332715988159e-02,-1.209036074578762054e-02,5.753781180828809738e-03,-2.035943977534770966e-02,-1.616092585027217865e-02,-1.108651515096426010e-02,-1.625364832580089569e-02,-4.333631694316864014e-02,-1.917234249413013458e-02,-3.441916406154632568e-02,-1.763846166431903839e-02,-1.657882146537303925e-02,-1.999206840991973877e-02,3.201430663466453552e-02,-1.315842382609844208e-02,1.988250017166137695e-02,1.176886912435293198e-02,-5.329885985702276230e-03,2.045497857034206390e-02,1.666704192757606506e-02,-8.991773240268230438e-03,3.578186407685279846e-02,3.316323831677436829e-02,3.823552280664443970e-02,3.121556155383586884e-02,-1.362495590001344681e-02,3.773015458136796951e-03,1.236995402723550797e-02,-1.750735449604690075e-03,-1.500657666474580765e-02,-2.836100757122039795e-02,-2.534801140427589417e-03,1.959350146353244781e-02,1.751264743506908417e-02,1.166216190904378891e-02,-4.427344538271427155e-03,-4.390547052025794983e-02,-4.698375612497329712e-02,-1.646539568901062012e-02,1.813388615846633911e-02,1.673300750553607941e-02,-1.157887559384107590e-02,-2.352978335693478584e-03,-2.773574180901050568e-02,-2.132116258144378662e-02,1.796847768127918243e-02,1.204161159694194794e-02,-2.479328028857707977e-02,-1.392837706953287125e-02,-8.181896060705184937e-03,7.629544008523225784e-03,2.072478458285331726e-02,4.119551274925470352e-03,-4.383594729006290436e-03,-2.567537501454353333e-02,9.345854632556438446e-03,-1.162826316431164742e-03,8.004672825336456299e-03,1.939253322780132294e-02,1.835165196098387241e-03,-1.189336646348237991e-02,-2.504772134125232697e-02,-2.012999914586544037e-02,2.462947973981499672e-03,-3.720802487805485725e-03,-1.105605997145175934e-02,-1.069209817796945572e-02,-3.146846545860171318e-03,1.683609373867511749e-02,-2.514219470322132111e-02,2.601096220314502716e-02,2.591869607567787170e-02,5.636184476315975189e-03,3.583326237276196480e-03,-2.394840866327285767e-02,1.217394368723034859e-03,5.928746238350868225e-02
2.209979854524135590e-02,2.544276788830757141e-02,1.079777777194976807e-01,-8.722046762704849243e-02,4.502480477094650269e-02,9.937615692615509033e-02,5.386818945407867432e-02,2.029732987284660339e-02,2.701471187174320221e-02,-2.143856370821595192e-03,-6.611754000186920166e-02,2.529715746641159058e-02,2.367661520838737488e-02,-1.186038404703140259e-01,5.099039152264595032e-02,-1.166697815060615540e-01,4.631745815277099609e-02,1.030272170901298523e-01,1.107208207249641418e-01,7.159822434186935425e-02,1.100498624145984650e-02,-1.211979463696479797e-01,-1.255969703197479248e-01,1.775615215301513672e-01,2.330390065908432007e-01,-9.851166047155857086e-03,4.029522463679313660e-02,7.915380597114562988e-02,6.822121795266866684e-03,4.695357382297515869e-02,-5.135900154709815979e-02,-1.679298430681228638e-01,3.716725483536720276e-02,4.388563334941864014e-02,3.252461180090904236e-02,8.732235431671142578e-02,-1.247418671846389771e-02,-6.178096681833267212e-02,-5.659236758947372437e-02,-4.069067072123289108e-03,2.011281065642833710e-02,-5.565645545721054077e-02,5.166402459144592285e-02,-2.350692637264728546e-02,-3.836445882916450500e-02,-1.538428664207458496e-01,5.954217538237571716e-02,1.346994936466217041e-01,2.360071288421750069e-03,8.054739236831665039e-02,3.345866873860359192e-02,-1.040424630045890808e-01,-6.022386625409126282e-02,-4.599931463599205017e-02,-7.998775690793991089e-02,-8.481127023696899414e-02,-7.315219193696975708e-02,-4.260369762778282166e-02,-1.408946067094802856e-01,-4.464692994952201843e-02,-1.063485536724328995e-02,-1.144914776086807251e-01,-1.496274676173925400e-02,-1.537818554788827896e-02,1.514026969671249390e-01,-6.695507466793060303e-02,1.235375702381134033e-01,6.085065379738807678e-02,2.795947715640068054e-02,9.244370460510253906e-02,-1.083051506429910660e-02,-2.121302857995033264e-02,2.129064351320266724e-01,1.349717676639556885e-01,9.811718761920928955e-02,8.758024871349334717e-02,-8.536019176244735718e-02,3.895613551139831543e-02,2.168715000152587891e-04,6.685236096382141113e-02,-3.496934100985527039e-02,-2.038026601076126099e-02,1.004036236554384232e-02,1.266855746507644653e-02,1.754942983388900757e-01,1.137483194470405579e-01,3.291739895939826965e-02,-1.789521612226963043e-02,-8.412051945924758911e-02,2.828388474881649017e-02,1.389728784561157227e-01,6.950364261865615845e-02,-9.691072255373001099e-02,1.128130871802568436e-02,-4.375100880861282349e-02,-3.999437764286994934e-02,6.621587276458740234e-02,5.122441425919532776e-02,4.327965527772903442e-02,-6.437244266271591187e-02,-2.487682178616523743e-02,1.038995385169982910e-01,1.559131126850843430e-02,5.584202706813812256e-02,6.052121520042419434e-03,-2.974344417452812195e-02,7.033166289329528809e-02,3.758887201547622681e-02,4.746387153863906860e-02,3.436670638620853424e-03,-5.373038351535797119e-03,3.980582207441329956e-02,-1.206396054476499557e-02,1.042137574404478073e-02,-3.084958530962467194e-02,4.283915832638740540e-02,2.713341824710369110e-02,1.088164839893579483e-02,-3.486789390444755554e-02,6.942295283079147339e-02,-1.478343904018402100e-01,4.611063003540039062e-02,6.211267411708831787e-02,3.796968236565589905e-02,-4.385144915431737900e-03,-1.629604995250701904e-01,1.738277822732925415e-02,2.143050283193588257e-01
2.187314257025718689e-02,3.492781519889831543e-02,4.531603306531906128e-02,-1.363586075603961945e-02,-1.236789766699075699e-02,-2.250969409942626953e-04,-3.316469863057136536e-02,2.081611938774585724e-02,-3.196734702214598656e-03,-2.958944300189614296e-03,-5.910655017942190170e-03,-2.904723770916461945e-02,-3.499359264969825745e-02,-2.804360352456569672e-02,3.982435911893844604e-02,-2.976223453879356384e-02,-4.265712574124336243e-02,2.432736381888389587e-02,-8.853202685713768005e-03,-2.272324822843074799e-02,1.933735795319080353e-02,-2.739524468779563904e-02,-1.859116740524768829e-02,2.514803409576416016e-02,3.186562284827232361e-02,2.474541589617729187e-02,3.299905732274055481e-02,1.205791160464286804e-02,6.106597837060689926e-03,2.124344371259212494e-02,-3.500347957015037537e-02,-3.006576746702194214e-02,2.760974690318107605e-02,2.213676460087299347e-02,-7.216364890336990356e-02,9.540834464132785797e-03,9.154004044830799103e-03,8.890922763384878635e-04,-7.360622752457857132e-03,5.782244843430817127e-04,-2.036966010928153992e-02,-5.457819253206253052e-02,-1.405957061797380447e-02,-9.036358678713440895e-04,5.346902646124362946e-03,-6.228592246770858765e-02,-3.595118969678878784e-02,2.497939951717853546e-02,3.652198472991585732e-03,-6.673564203083515167e-03,6.034032441675662994e-03,-5.309277772903442383e-02,-1.162759494036436081e-02,8.489881642162799835e-03,3.589405911043286324e-03,1.223699562251567841e-02,-1.353306416422128677e-02,-3.904480859637260437e-02,-6.469863653182983398e-02,-1.860776171088218689e-02,-5.923845618963241577e-02,-2.542451210319995880e-02,-1.758691854774951935e-02,-1.368562132120132446e-02,5.412641167640686035e-02,-7.726932410150766373e-03,2.495819330215454102e-02,-2.713464666157960892e-03,-1.866576634347438812e-02,2.734271250665187836e-02,3.124075382947921753e-02,1.016331370919942856e-02,4.829895123839378357e-02,4.235128685832023621e-02,6.219508126378059387e-02,4.794863238930702209e-02,1.486185844987630844e-02,5.629360210150480270e-03,2.625532075762748718e-02,3.064849041402339935e-02,-1.513702142983675003e-02,-3.186023235321044922e-02,1.225109118968248367e-02,2.990965545177459717e-02,6.428570020943880081e-03,1.240869238972663879e-02,-2.186879143118858337e-02,-5.898495391011238098e-02,-7.205089926719665527e-02,-1.821796037256717682e-02,7.023099809885025024e-03,5.140649899840354919e-02,-9.191759862005710602e-03,-2.123382128775119781e-02,-3.795500844717025757e-02,-1.226786710321903229e-02,2.179846167564392090e-02,2.279926463961601257e-02,-3.545320034027099609e-02,3.391206264495849609e-04,-2.763810008764266968e-02,2.835023216903209686e-02,3.141060471534729004e-02,1.366896647959947586e-02,3.731739707291126251e-03,-2.424649707973003387e-02,1.417318172752857208e-02,-3.439889289438724518e-03,2.073315344750881195e-02,4.687477275729179382e-02,-1.454787142574787140e-02,-2.121958136558532715e-02,-4.097186774015426636e-02,-2.326305257156491280e-03,3.191245347261428833e-02,6.437540054321289062e-03,1.103150751441717148e-02,-1.443839818239212036e-02,-6.361784879118204117e-03,1.037703268229961395e-02,-3.961997106671333313e-02,4.293753206729888916e-02,1.482139714062213898e-02,2.657913602888584137e-02,-9.395798668265342712e-03,-7.312756031751632690e-02,1.354018412530422211e-02,7.414433360099792480e-02
5.829633772373199463e-02,-7.886542938649654388e-03,8.240719884634017944e-02,-1.224033981561660767e-01,7.628400623798370361e-02,9.364435821771621704e-02,-3.036619909107685089e-02,-1.612633652985095978e-02,3.800724074244499207e-02,1.689621806144714355e-02,-5.985781177878379822e-02,-2.668089792132377625e-02,2.494226023554801941e-02,-7.238958775997161865e-02,6.700862944126129150e-02,-4.893405362963676453e-02,6.058935821056365967e-02,1.083948761224746704e-01,-1.197602599859237671e-02,1.026688143610954285e-01,4.036353901028633118e-02,-8.310773223638534546e-02,-9.016374498605728149e-02,1.614869087934494019e-01,2.146693617105484009e-01,-1.328911632299423218e-02,4.396840929985046387e-02,1.939574815332889557e-02,1.378141902387142181e-02,1.085491944104433060e-02,1.805597543716430664e-02,-1.061991602182388306e-01,2.663187868893146515e-02,3.239040449261665344e-02,4.695640131831169128e-02,1.246844828128814697e-01,5.263433605432510376e-02,-6.969369947910308838e-02,5.221203714609146118e-02,1.122149378061294556e-01,1.017095744609832764e-01,-4.067942872643470764e-02,1.615318097174167633e-02,-1.555492915213108063e-02,-4.242619127035140991e-02,-1.291912347078323364e-01,9.267193078994750977e-02,1.388651281595230103e-01,-1.024821773171424866e-01,3.190176561474800110e-02,6.882455945014953613e-02,-7.291134446859359741e-02,-6.655100733041763306e-02,-3.178615355864167213e-03,-2.150126360356807709e-02,-1.010485738515853882e-01,-1.313694417476654053e-01,-1.052232831716537476e-01,-1.787407100200653076e-01,-3.779959399253129959e-03,-1.691382564604282379e-02,-4.214048013091087341e-02,1.373338606208562851e-02,8.406321518123149872e-03,1.645991057157516479e-01,-7.972719520330429077e-02,8.708022534847259521e-02,3.864505141973495483e-02,-2.831890434026718140e-02,5.201620608568191528e-02,-2.986501902341842651e-02,-3.835845366120338440e-02,2.003948539495468140e-01,1.373662650585174561e-01,1.211904287338256836e-01,6.794870644807815552e-02,-4.501837864518165588e-02,3.206996992230415344e-02,1.347662787884473801e-02,8.563164621591567993e-02,-1.008684560656547546e-01,-4.449166730046272278e-02,1.147773955017328262e-02,-3.615941852331161499e-02,1.305884569883346558e-01,-7.552866358309984207e-03,5.762720946222543716e-03,-2.569347992539405823e-02,-9.399912506341934204e-02,-6.424824148416519165e-02,1.062992364168167114e-01,6.478416919708251953e-02,-3.602381423115730286e-02,4.935149848461151123e-02,2.191338501870632172e-02,-7.240884006023406982e-03,3.722439333796501160e-02,2.716647088527679443e-02,1.587538514286279678e-03,-7.636446505784988403e-02,-3.453537449240684509e-02,9.254221618175506592e-02,-1.160316076129674911e-02,5.037299171090126038e-02,6.051360396668314934e-04,-8.933037519454956055e-03,-1.022487413138151169e-03,-3.966603428125381470e-02,5.532297305762767792e-03,2.406442165374755859e-02,-3.012707643210887909e-02,5.596461147069931030e-02,2.278720028698444366e-02,-1.933512277901172638e-02,-4.516191408038139343e-02,8.927932381629943848e-02,7.777354680001735687e-03,3.039350500330328941e-03,-6.186620518565177917e-02,4.682724922895431519e-02,-1.541317552328109741e-01,4.096125066280364990e-02,7.436791807413101196e-02,3.025299310684204102e-02,-4.332504421472549438e-02,-1.808224469423294067e-01,-5.835778638720512390e-02,1.415623426437377930e-01
6.081986054778099060e-02,4.906668514013290405e-02,1.271802634000778198e-01,-1.405117213726043701e-01,8.948139101266860962e-02,9.824079275131225586e-02,-8.807013742625713348e-03,3.416286315768957138e-03,4.453080520033836365e-02,6.244192644953727722e-02,-8.809568732976913452e-02,-2.716161683201789856e-02,-2.267922740429639816e-03,-1.941847987473011017e-02,2.538495697081089020e-02,-8.397049456834793091e-02,5.067402869462966919e-02,5.984343588352203369e-02,5.309626460075378418e-02,1.544256061315536499e-01,2.638135664165019989e-02,-6.204483285546302795e-02,-9.490675479173660278e-02,1.266151219606399536e-01,1.932653337717056274e-01,-1.087312679737806320e-02,6.824833899736404419e-02,7.647573016583919525e-03,-3.367720171809196472e-02,2.440444380044937134e-02,-1.733936928212642670e-02,-1.252504289150238037e-01,5.435189232230186462e-02,-2.432450093328952789e-02,-7.214772701263427734e-02,9.724543243646621704e-02,4.690527543425559998e-02,-8.773963898420333862e-02,1.011956855654716492e-02,6.520387530326843262e-02,8.715531229972839355e-02,3.916749730706214905e-03,-2.058694697916507721e-02,-3.972500935196876526e-02,-3.559517860412597656e-02,-1.081108525395393372e-01,1.213853880763053894e-01,1.318946331739425659e-01,9.944675490260124207e-03,8.333156257867813110e-02,1.201196312904357910e-01,-5.452459305524826050e-02,-9.954303503036499023e-02,-3.482288867235183716e-02,-6.610707193613052368e-02,-8.546885848045349121e-02,-5.774776637554168701e-02,-5.902501940727233887e-02,-1.494027972221374512e-01,1.085238624364137650e-02,1.909446716308593750e-02,5.349515704438090324e-04,-2.843542583286762238e-02,-5.668490007519721985e-02,1.379742473363876343e-01,-5.004313588142395020e-02,1.098506227135658264e-01,8.450238406658172607e-02,-5.649774800986051559e-03,7.917433232069015503e-02,-2.802859246730804443e-02,-5.215366557240486145e-02,1.500192582607269287e-01,9.491544216871261597e-02,1.031168773770332336e-01,1.335517168045043945e-01,-1.594682224094867706e-02,5.516029149293899536e-02,1.165635138750076294e-02,1.405048090964555740e-02,-6.807109713554382324e-02,-7.488394528627395630e-02,-1.202706899493932724e-02,-1.289671752601861954e-02,8.002018183469772339e-02,-1.978377439081668854e-02,-3.095602802932262421e-02,-4.327876120805740356e-02,-7.177864015102386475e-02,-4.292039573192596436e-02,1.348022967576980591e-01,8.971048146486282349e-02,-5.566082894802093506e-02,8.240577578544616699e-02,-7.099895738065242767e-03,-2.699160203337669373e-02,3.049113415181636810e-02,4.680961742997169495e-02,1.144651137292385101e-02,-1.229021623730659485e-01,-6.561297923326492310e-02,9.676168859004974365e-02,-3.339942917227745056e-02,4.745830968022346497e-02,5.016573145985603333e-02,-6.262191385030746460e-02,4.226983338594436646e-02,-1.096368581056594849e-02,-1.802082359790802002e-02,3.785754740238189697e-02,-8.091938495635986328e-02,-3.568718209862709045e-02,7.139889057725667953e-03,3.326773270964622498e-02,-2.946626208722591400e-02,3.488105162978172302e-02,5.599708110094070435e-02,6.409563124179840088e-02,-2.833373472094535828e-02,4.520500823855400085e-02,-1.531155705451965332e-01,3.218742087483406067e-02,5.162253230810165405e-02,3.046145103871822357e-02,-5.812846496701240540e-02,-1.687663942575454712e-01,-3.038302063941955566e-02,1.866431683301925659e-01
3.765479475259780884e-02,-2.782895229756832123e-02,1.092218011617660522e-01,-1.670302599668502808e-01,1.111528426408767700e-01,1.115811839699745178e-01,-1.175173558294773102e-02,2.679403871297836304e-02,5.712585151195526123e-02,-3.175009274855256081e-03,-1.044563502073287964e-01,2.618256583809852600e-02,1.010180562734603882e-01,-9.428060799837112427e-02,4.727719351649284363e-02,-1.012151241302490234e-01,-1.076305005699396133e-02,7.908278703689575195e-02,1.181958522647619247e-02,5.707446113228797913e-02,5.210626497864723206e-02,-9.145164489746093750e-02,-6.919171661138534546e-02,1.754827946424484253e-01,2.286615371704101562e-01,-4.244454950094223022e-02,2.877781540155410767e-02,-3.542751446366310120e-02,4.518490657210350037e-02,-1.981436833739280701e-02,1.341655664145946503e-02,-1.137621775269508362e-01,3.071703203022480011e-02,-2.428855374455451965e-02,-4.195868223905563354e-02,9.833043068647384644e-02,3.343235701322555542e-02,-1.238607838749885559e-01,-3.218371421098709106e-03,8.496908843517303467e-02,1.641823351383209229e-02,2.912266366183757782e-02,4.595452547073364258e-02,4.013922065496444702e-02,4.729375988245010376e-02,-1.461079865694046021e-01,7.882527261972427368e-02,1.217940226197242737e-01,-9.303436428308486938e-02,4.517990350723266602e-02,5.776585265994071960e-02,-9.493501484394073486e-02,-2.217742428183555603e-02,-1.080950628966093063e-02,-4.536275565624237061e-02,-3.442443162202835083e-02,-1.088803187012672424e-01,-7.765854895114898682e-02,-1.996719837188720703e-01,-1.232498977333307266e-02,2.851705066859722137e-02,-1.018310058861970901e-02,5.803472176194190979e-02,4.925731569528579712e-02,1.917629092931747437e-01,-5.878003686666488647e-02,7.240870594978332520e-02,1.041714288294315338e-02,-3.999973461031913757e-02,4.608329758048057556e-02,-1.811097562313079834e-02,-5.178198963403701782e-02,2.019721120595932007e-01,1.333224773406982422e-01,1.456105262041091919e-01,1.329165250062942505e-01,-6.889054924249649048e-02,3.632751852273941040e-02,1.222570333629846573e-02,6.759497523307800293e-02,-6.961051374673843384e-02,1.624718308448791504e-02,7.468204200267791748e-02,6.780515611171722412e-02,1.961223483085632324e-01,-3.947443887591362000e-02,1.157130673527717590e-02,-3.474012715741991997e-03,-6.643719226121902466e-02,-6.312818080186843872e-02,1.153514683246612549e-01,8.139508962631225586e-02,-5.754249170422554016e-02,2.008182741701602936e-02,-4.112520813941955566e-02,1.509218011051416397e-02,9.395048022270202637e-02,4.344644024968147278e-02,9.918629378080368042e-02,-8.327574282884597778e-02,-8.705699443817138672e-02,6.311847269535064697e-02,7.483282592147588730e-03,1.772125624120235443e-02,-2.169107645750045776e-02,4.845406860113143921e-02,8.470839262008666992e-02,3.229513391852378845e-02,4.145872965455055237e-02,3.289117291569709778e-02,-1.334504410624504089e-02,8.578456193208694458e-02,-7.383956573903560638e-03,-1.485524326562881470e-02,9.417850524187088013e-03,4.514427483081817627e-02,4.357080161571502686e-02,7.884988188743591309e-02,1.098975911736488342e-02,4.902853816747665405e-02,-1.521476358175277710e-01,1.030672788619995117e-01,1.163947433233261108e-01,3.800872340798377991e-02,1.647174358367919922e-04,-2.033375799655914307e-01,1.988226175308227539e-02,1.809040606021881104e-01
-8.303520735353231430e-04,-3.305103629827499390e-02,1.888421829789876938e-03,-6.157923117280006409e-02,4.009821452200412750e-03,2.020763233304023743e-02,5.309502128511667252e-03,-2.197424322366714478e-02,-2.029372565448284149e-02,-6.862472277134656906e-03,-2.885395660996437073e-02,1.112337596714496613e-02,2.458273433148860931e-02,-2.566474117338657379e-02,4.406582191586494446e-02,-1.992614381015300751e-02,-1.230261195451021194e-02,3.750869631767272949e-02,-2.672009170055389404e-02,3.123451722785830498e-03,-1.364614255726337433e-02,-4.864904657006263733e-02,-4.594197496771812439e-02,3.738632425665855408e-02,4.818828403949737549e-02,-1.679435372352600098e-02,4.010497650597244501e-04,6.778046488761901855e-03,2.617717348039150238e-02,-1.611745730042457581e-02,-9.442495182156562805e-03,-1.086162310093641281e-02,3.334241220727562904e-03,1.274221576750278473e-02,-1.177021022886037827e-02,2.703365311026573181e-02,4.187708254903554916e-03,-2.795066125690937042e-02,1.656648889183998108e-02,1.450776495039463043e-02,-3.013124456629157066e-03,2.397816441953182220e-02,-8.415440097451210022e-03,-1.708871498703956604e-02,-3.816201165318489075e-02,-5.613391473889350891e-02,1.560459844768047333e-02,4.623933508992195129e-02,-1.534511242061853409e-02,3.161836043000221252e-02,3.347427025437355042e-02,-6.498395232483744621e-04,-4.831663332879543304e-03,5.054728593677282333e-03,-1.778215169906616211e-02,-1.321077905595302582e-02,-1.449650153517723083e-02,-2.590858610346913338e-03,-4.852661117911338806e-02,-2.024332061409950256e-02,-8.387933485209941864e-03,-4.015572834759950638e-03,2.459283173084259033e-02,2.199983038008213043e-02,5.463610216975212097e-02,-3.496603667736053467e-02,5.113616585731506348e-03,-7.181073538959026337e-03,-3.109602257609367371e-02,-4.605760052800178528e-02,-1.984162814915180206e-02,-1.039476506412029266e-02,7.115229219198226929e-02,3.221317380666732788e-02,6.943292450159788132e-03,3.471680358052253723e-02,-7.246038876473903656e-03,8.689451962709426880e-03,-1.499340683221817017e-02,2.217801846563816071e-02,-2.227956615388393402e-02,6.481049116700887680e-03,-3.497061878442764282e-02,-2.946441248059272766e-02,3.183921054005622864e-02,-2.321209060028195381e-03,-1.149889733642339706e-02,-9.281397797167301178e-03,-4.422144591808319092e-02,-2.960364893078804016e-02,2.681398950517177582e-02,2.112583629786968231e-02,-1.671021431684494019e-02,1.009647455066442490e-02,-3.439275920391082764e-02,-5.251508206129074097e-03,-1.394491270184516907e-02,-2.601486258208751678e-02,1.427649287506937981e-03,-2.876218408346176147e-02,3.246921580284833908e-03,1.160775031894445419e-02,-2.659727446734905243e-02,-1.514298003166913986e-02,-3.954418376088142395e-02,-2.435053512454032898e-02,1.241143327206373215e-02,-2.836524136364459991e-02,1.463058404624462128e-02,1.795420609414577484e-02,2.511774189770221710e-02,3.983587771654129028e-02,1.286387816071510315e-02,-2.760873548686504364e-02,-1.022276282310485840e-02,3.276395611464977264e-03,8.051393087953329086e-04,-1.457064179703593254e-03,-1.039717812091112137e-02,1.187212020158767700e-02,-5.286377295851707458e-02,-3.729653311893343925e-03,2.159012481570243835e-02,9.681876399554312229e-04,1.585362828336656094e-03,-4.975899308919906616e-02,5.673168227076530457e-03,7.988050580024719238e-02
4.723892360925674438e-02,6.230148300528526306e-02,1.697811335325241089e-01,-1.813102811574935913e-01,3.735501691699028015e-02,1.249772906303405762e-01,-1.652534119784832001e-02,-1.914010755717754364e-02,-2.274502068758010864e-02,3.412116691470146179e-02,-1.614980101585388184e-01,-4.668567329645156860e-02,2.109971130266785622e-03,-5.042884498834609985e-02,7.992810755968093872e-02,-8.955816179513931274e-02,-7.856027223169803619e-03,1.972288265824317932e-02,1.079329475760459900e-02,7.370832562446594238e-02,5.316101014614105225e-02,-3.403935953974723816e-02,-9.612567722797393799e-02,1.621862053871154785e-01,2.012789845466613770e-01,-2.754110656678676605e-02,5.233728140592575073e-02,4.205185920000076294e-02,6.923158466815948486e-02,6.658779829740524292e-02,-1.264185737818479538e-02,-1.325171440839767456e-01,4.382326081395149231e-02,-6.451329588890075684e-02,-9.957668185234069824e-02,8.646763116121292114e-02,5.218751728534698486e-02,-6.211352720856666565e-02,-6.003455724567174911e-03,5.124447494745254517e-02,5.015764757990837097e-02,4.823309183120727539e-02,1.584194600582122803e-02,5.145861301571130753e-03,-4.220131784677505493e-02,-1.332511752843856812e-01,6.932444870471954346e-02,8.228690177202224731e-02,3.533333912491798401e-02,4.596674814820289612e-02,9.856780618429183960e-02,-4.427064210176467896e-02,-9.398598968982696533e-02,-2.070833928883075714e-02,-7.736746966838836670e-02,-8.842566609382629395e-02,-9.573821723461151123e-02,-4.790218546986579895e-02,-1.813604831695556641e-01,2.653136849403381348e-02,4.985126852989196777e-02,5.746121983975172043e-03,5.857727304100990295e-02,3.105654194951057434e-02,1.616894453763961792e-01,-1.202937513589859009e-01,5.818385630846023560e-02,9.040323644876480103e-02,2.909526973962783813e-02,9.206698834896087646e-02,3.338853269815444946e-02,-4.299687594175338745e-02,2.199746519327163696e-01,1.071406602859497070e-01,1.544506251811981201e-01,1.740468144416809082e-01,-7.154372055083513260e-03,1.008340790867805481e-01,-2.322535775601863861e-02,-3.144746646285057068e-02,-4.374300315976142883e-02,-2.001253329217433929e-02,-7.293124217540025711e-03,-4.765443969517946243e-03,1.188400238752365112e-01,-5.718705244362354279e-03,-2.223887667059898376e-02,-2.356292307376861572e-02,-7.840256392955780029e-02,-4.270660132169723511e-02,1.430761963129043579e-01,1.155201494693756104e-01,-7.345116883516311646e-02,5.224933847784996033e-02,3.362683206796646118e-02,3.006538376212120056e-03,4.687590152025222778e-02,2.522758394479751587e-02,4.706814885139465332e-02,-9.408742934465408325e-02,-5.623034387826919556e-02,1.021480709314346313e-01,2.688311971724033356e-03,2.329163439571857452e-02,-1.819010451436042786e-02,-5.642403662204742432e-02,7.197739928960800171e-02,4.155913367867469788e-02,5.636512301862239838e-03,6.027084216475486755e-02,-7.096877694129943848e-02,-1.087363343685865402e-02,2.657198905944824219e-02,-6.835919804871082306e-03,-7.497293502092361450e-02,-2.395600266754627228e-02,3.077896125614643097e-02,4.193726554512977600e-02,-6.834279000759124756e-02,5.776148661971092224e-02,-1.615474671125411987e-01,5.110578611493110657e-02,1.475833654403686523e-01,5.153434351086616516e-02,-4.976497218012809753e-02,-1.677207052707672119e-01,-2.012582682073116302e-02,1.919101029634475708e-01
